price,area,area_unit,city,location,property_type,bedrooms,bathrooms,built_in_year,parking_spaces,servant_quarters,store_rooms,kitchens,drawing_rooms,listing_url
16.49 Crore,1,Kanal,Islamabad,,House,Bathrooms: 6,Servant Quarters: 2,2026,2,2,1,2,,https://www.zameen.com/Property/dha_defence_dha_defence_phase_2_1_kanal_fully_furnished_modern_house_for_sale_in_dha_phase_2_islamabad-54351144-339-1.html
45 Crore,3,Kanal,Islamabad,,House,Bathrooms: 11,Servant Quarters: 3,2026,8,3,3,2,,https://www.zameen.com/Property/dha_defence_dha_defence_phase_2_3_kanal_ultra_luxury_fully_furnished_mansion_for_sale_in_dha_2_islamabad-54578648-339-1.html
9.8 Crore,1,Kanal,Islamabad,,House,,,,,,,1,,https://www.zameen.com/Property/top_city_1_top_city_1_-_block_b_house_for_sale_in_islamabad-54769750-9230-1.html
11 Crore,1,Kanal,Islamabad,"DHA PHASE 2 Islamabad
*House Detail...more",House,Bathrooms: 6,Servant Quarters: 2,2026,4,2,2,2,,https://www.zameen.com/Property/dha_defence_dha_defence_phase_2_minimalist_style_1_kanal_brand_new_designer_house_ready_for_sale_in_dha_defence_phase_2_islamabad-54739577-339-1.html
61 Lakh,5.4,Marla,Islamabad,"F-17, Islamabad335.4 Marla",House,3,Servant Quarters: 1,2021,2,1,1,1,,https://www.zameen.com/Property/islamabad_f-17_3_bed_ready_to_move_flat_for_sale_multi_f-17_islamabad_all_facility_available_cda_pproved_sector_mpchs-54824432-335-1.html
2.78 Crore,10,Marla,Islamabad,,House,3,Servant Quarters,,Lobby in Building,Drawing Room,Steam Room,Study Room,,https://www.zameen.com/Property/dha_phase_5_sector_h_askari_heights_4_askari_heights_4_3_bed_flat_for_sale-48203858-21450-1.html
2.85 Crore,12,Marla,Islamabad,,House,4,Servant Quarters,,Double Glazed Windows,Drawing Room,Steam Room,Study Room,,https://www.zameen.com/Property/dha_defence_phase_5_askari_heights_5_4_bed_flat_for_sale-54477708-22450-1.html
2.75 Crore,12,Marla,Islamabad,,House,3,Servant Quarters,,Lobby in Building,Drawing Room,Steam Room,Study Room,,https://www.zameen.com/Property/dha_defence_phase_5_askari_heights_5_3bed_flat_for_sale_in_askari_tower_5-54773461-22450-1.html
13.5 Crore,1,Kanal,Islamabad,,House,Bathrooms: 7,Servant Quarters: 2,2026,3,2,2,2,,https://www.zameen.com/Property/dha_defence_dha_defence_phase_2_luxury_meets_comfort_ready_to_move_1_kanal_house_dha_phase_ii_book_your_visit_today-54790758-339-1.html
8 Crore,1,Kanal,Islamabad,,House,Bathrooms: 7,Servant Quarters: 2,2018,3,2,1,2,,https://www.zameen.com/Property/dha_defence_dha_defence_phase_2_1_kanal_house_available_for_sale_in_dha_phase_2-54100049-339-1.html
7.7 Crore,10,Marla,Islamabad,,House,Bathrooms: 6,Servant Quarters: 1,2026,2,1,1,2,,https://www.zameen.com/Property/dha_defence_dha_defence_phase_2_10_marla_brand_new_double_unit_house_for_sale_at_prime_location-54599479-339-1.html
4.9 Crore,8,Marla,Islamabad,,House,,,,,,,,,https://www.zameen.com/Property/mpchs_multi_gardens_mpchs_-_block_e_spacious_corner_house_is_available_in_mpchs_-_block_e_for_sale-54796991-3120-1.html
2.85 Crore,10,Marla,Islamabad,,House,3,Servant Quarters,2023,Lobby in Building,Drawing Room,Steam Room,Study Room,,https://www.zameen.com/Property/dha_defence_phase_5_askari_tower_3_askari_tower_3_flat_for_sale-45686980-17434-1.html
3.7 Crore,12,Marla,Islamabad,,House,4,Servant Quarters,,Lobby in Building,Drawing Room,Steam Room,Study Room,,https://www.zameen.com/Property/dha_phase_5_sector_h_askari_heights_4_askari_heights_4_4_bed_flat_for_sale-48203866-21450-1.html
4.1 Crore,12,Marla,Islamabad,,House,4,Drawing Room,2023,1,,,1,,https://www.zameen.com/Property/dha_phase_5_sector_h_askari_heights_4_4_bed_flat_for_sale_in_askari_heights_4_dha_5_islamabad-50843645-21450-1.html
3 Crore,10,Marla,Islamabad,,House,3,Servant Quarters,,Lobby in Building,Drawing Room,Steam Room,Study Room,,https://www.zameen.com/Property/dha_phase_5_sector_h_askari_heights_4_askari_flat_for_sale-51952049-21450-1.html
2.9 Crore,12,Marla,Islamabad,,House,Bathrooms,Servant Quarters,,Lobby in Building,Drawing Room,Steam Room,Study Room,,https://www.zameen.com/Property/dha_phase_5_sector_h_askari_heights_4_askari_tower_flat_for_sale-51952052-21450-1.html
14.5 Crore,4,Kanal,Islamabad,Bani Gala,House,,,2015,12,1,,,,https://www.zameen.com/Property/islamabad_bani_gala_4_kanal_farm_house_for_sale_ideal_corner_house-53650942-340-1.html
9 Crore,1,Kanal,Islamabad,"DHA-5 Islamabad
 Ground Floor:
 2 B...more",House,Bathrooms: 7,Servant Quarters: 2,2025,3,2,2,1,,https://www.zameen.com/Property/dha_defence_dha_defence_phase_5_ultra_luxurious_designer_single_unit_house_for_sale-53041856-10991-1.html
13.9 Crore,1,Kanal,Islamabad,,House,Bathrooms: 8,Servant Quarters: 2,2025,3,2,2,4,,https://www.zameen.com/Property/dha_defence_dha_defence_phase_2_1_kanal_ultra_luxurious_double_single_unit_designer_house_for_sale_at_most_prime_location_of_dha_2-52410823-339-1.html
11 Crore,1,Kanal,Islamabad,,House,Bathrooms: 7,Servant Quarters: 2,2026,3,2,2,2,,https://www.zameen.com/Property/dha_defence_dha_defence_phase_2_1_kanal_brand_new_double_unit_house_at_prime_and_heighted_location_south_face-52406293-339-1.html
10.9 Crore,1,Kanal,Islamabad,,House,Bathrooms: 8,Servant Quarters: 2,2021,3,2,2,2,,https://www.zameen.com/Property/dha_defence_dha_defence_phase_2_1_kanal_owner_built_slightly_used_double_unit_house_for_sale-52404124-339-1.html
10 Crore,1,Kanal,Islamabad,,House,Bathrooms: 6,Servant Quarters: 2,2021,3,2,1,1,,https://www.zameen.com/Property/dha_defence_dha_defence_phase_2_ultra_luxurious_designer_house_for_sale-52401411-339-1.html
2.8 Crore,5,Marla,Islamabad,,House,,,,,,,,,https://www.zameen.com/Property/mpchs_multi_gardens_mpchs_-_block_f_mpchs_-_block_f_house_sized_5_marla-54801529-8527-1.html
45 Lakh,2.7,Marla,Islamabad,,House,Bathrooms: 1,Servant Quarters: 1,2016,1,1,1,1,,https://www.zameen.com/Property/d_17_margalla_view_housing_society_one_bed_furnished_apartment_available_for_sale-45557428-3160-1.html
4.15 Crore,5,Marla,Islamabad,,House,Bathrooms: 3,Drawing Room,2026,2,,1,1,,https://www.zameen.com/Property/dha_defence_dha_defence_phase_5_5_marla_house_for_sale_in_dha_phase_5_prime_location-54284067-10991-1.html
27 Crore,2.6,Kanal,Islamabad,,House,Bathrooms: 8,Servant Quarters: 2,2023,7,2,2,2,,https://www.zameen.com/Property/dha_defence_dha_defence_phase_1_corner_52_marla_triple_storey_top_height_mansion-54823755-376-1.html
5.4 Crore,6,Marla,Islamabad,,House,Bathrooms: 6,Kitchens: 2,2025,Flooring,,,2,,https://www.zameen.com/Property/i_10_i-10_4_6_marla_house_available_for_sell_in_i-10_4-54639540-3423-1.html
65 Lakh,4.1,Marla,Islamabad,"I-16, Islamabad224.1 Marla",House,Bathrooms: 2,Kitchens,2025,,,,,,https://www.zameen.com/Property/islamabad_i-16_pha_apartment_available_for_sale_in_i-16-54749067-449-1.html
12.5 Crore,12,Marla,Islamabad,I-8,House,Bathrooms: 6,Drawing Room,,Flooring,,,1,,https://www.zameen.com/Property/islamabad_i-8_12_marla_35x80_house_for_sale_investor_price_i-8_3-54774371-174-1.html
4.9 Crore,8.5,Marla,Islamabad,"I-14, Islamabad478.5 Marla",House,Bathrooms: 7,Servant Quarters: 1,2026,5,1,,2,,https://www.zameen.com/Property/islamabad_i-14_30_70_8_5_marla_brand_new_double_story_house_located_in_50_ft_wide_street_available_for_sale_in_cda_sector_i_14_islamabad-54759059-1045-1.html
5.78 Crore,10,Marla,Islamabad,,House,Bathrooms: 6,Servant Quarters: 1,2026,3,1,1,2,,https://www.zameen.com/Property/mpchs_multi_gardens_mpchs_-_block_c1_10-marla_corner_house_available_for_sale-54781283-12607-1.html
5.85 Crore,1,Kanal,Islamabad,Naval Anchorage,House,,,2024,2,,,,,https://www.zameen.com/Property/islamabad_naval_anchorage_beautiful_single_storey_house_south_face_for_sale-54268620-375-1.html
8.1 Crore,10,Marla,Islamabad,,House,Bathrooms: 5,Servant Quarters: 2,2026,2,2,1,2,,https://www.zameen.com/Property/dha_defence_dha_defence_phase_2_luxury_1o_marla_spacious_house_available_for_sale-54734110-339-1.html
12.15 Crore,1,Kanal,Islamabad,,House,Bathrooms: 6,Servant Quarters: 1,2026,2,1,2,2,,https://www.zameen.com/Property/dha_defence_dha_defence_phase_2_one_kanal_brand_new_lush_designer_house_with_solar_for_sale_in_dha_2_isb-54763496-339-1.html
5.7 Crore,14.2,Marla,Islamabad,,House,,,,4,,,,,https://www.zameen.com/Property/mpchs_multi_gardens_mpchs_-_block_f_looking_for_a_house_in_mpchs_-_block_f-54091593-8527-1.html
19.9 Crore,2,Kanal,Islamabad,,House,Bathrooms: 6,Servant Quarters: 2,2026,5,2,2,2,,https://www.zameen.com/Property/dha_defence_dha_defence_phase_2_most_beautiful_designer_40_marla_house_with_huge_lawn_for_sale-54013901-339-1.html
2.85 Crore,10,Marla,Islamabad,,House,Bathrooms,Servant Quarters,,Lobby in Building,Drawing Room,Steam Room,Study Room,,https://www.zameen.com/Property/dha_phase_5_sector_h_askari_heights_4_askari_tower_4_flat_for_sale-51952056-21450-1.html
3.2 Crore,10,Marla,Islamabad,,House,Bathrooms,Servant Quarters,2023,Lobby in Building,Drawing Room,Steam Room,Study Room,,https://www.zameen.com/Property/dha_phase_5_sector_h_askari_heights_4_askari_tower_4_flat_for_sale-51952061-21450-1.html
3.25 Crore,10,Marla,Islamabad,,House,Bathrooms,Servant Quarters,2023,Lobby in Building,Drawing Room,Steam Room,Study Room,,https://www.zameen.com/Property/dha_phase_5_sector_h_askari_heights_4_askari_tower_4_flat_for_sale-51952064-21450-1.html
3.05 Crore,10,Marla,Islamabad,,House,3,Servant Quarters,2023,Lobby in Building,Drawing Room,Steam Room,Study Room,,https://www.zameen.com/Property/dha_phase_5_sector_h_askari_heights_4_askari_tower_4_flat_for_sale-51952069-21450-1.html
2.8 Crore,12,Marla,Islamabad,,House,3,Servant Quarters,2023,Lobby in Building,Drawing Room,Steam Room,Study Room,,https://www.zameen.com/Property/dha_defence_phase_5_askari_tower_4_askari_heights_4_dha_flat_for_sale-51952076-21810-1.html
2.8 Crore,12,Marla,Islamabad,,House,Bathrooms,Servant Quarters,2023,Lobby in Building,Drawing Room,Steam Room,Study Room,,https://www.zameen.com/Property/dha_phase_5_sector_h_askari_heights_4_askari_tower_4_flat_for_sale-51952067-21450-1.html
2.9 Crore,12,Marla,Islamabad,The City Of Islamabad Awaits You To...more,House,4,Servant Quarters,,Double Glazed Windows,Drawing Room,Steam Room,Study Room,,https://www.zameen.com/Property/dha_defence_phase_5_askari_heights_5_4_bed_flat_for_sale-54477537-22450-1.html
2.95 Crore,12,Marla,Islamabad,,House,4,Servant Quarters,,Double Glazed Windows,Drawing Room,Steam Room,Study Room,,https://www.zameen.com/Property/dha_defence_phase_5_askari_heights_5_4_bed_flat_for_sale-54477616-22450-1.html
2.85 Crore,13.3,Marla,Islamabad,,House,3,Servant Quarters,,Lobby in Building,Drawing Room,Steam Room,Study Room,,https://www.zameen.com/Property/dha_defence_phase_5_askari_tower_5_3_bed_flat_for_sale_in_askari_tower_5-54773264-22449-1.html
2.95 Crore,12,Marla,Islamabad,,House,3,Servant Quarters,,Lobby in Building,Drawing Room,Steam Room,Study Room,,https://www.zameen.com/Property/dha_defence_phase_5_askari_tower_5_3_bed_flat_for_sale_in_askari_tower_5-54773411-22449-1.html
3 Crore,12,Marla,Islamabad,,House,3,Servant Quarters,,Lobby in Building,Drawing Room,Steam Room,Study Room,,https://www.zameen.com/Property/dha_defence_phase_5_askari_tower_5_3_bed_flat_for_sale_in_askari_tower_5_dha_5_islamabad-54773520-22449-1.html
3.12 Crore,12,Marla,Islamabad,,House,4,Servant Quarters,,Double Glazed Windows,Drawing Room,Steam Room,Study Room,,https://www.zameen.com/Property/dha_defence_phase_5_askari_heights_5_4_bed_flat_for_sale_in_askari_tower_5_dha_5_islamabad-54777037-22450-1.html
3.29 Crore,12,Marla,Islamabad,,House,4,Servant Quarters,,Lobby in Building,Drawing Room,Steam Room,Study Room,,https://www.zameen.com/Property/dha_defence_phase_5_askari_heights_5_4_bed_flat_for_sale_in_askari_heights_5_dha_5_islamabad-54777083-22450-1.html
4 Crore,5,Marla,Islamabad,,House,Bathrooms: 3,Drawing Room,,Flooring,,,1,,https://www.zameen.com/Property/i_10_i-10_4_25x50_house_for_sale_in_i-10_4_islamabad_prime_location-54793891-3423-1.html
3.15 Crore,4,Marla,Islamabad,I-11,House,Bathrooms: 3,Servant Quarters: 1,2026,1,1,,2,,https://www.zameen.com/Property/islamabad_i-11_4_marla_brand_new_house_in_i-11_2-54794282-706-1.html
4.35 Crore,6,Marla,Islamabad,I-11,House,Bathrooms: 5,Servant Quarters: 1,2026,1,1,1,2,,https://www.zameen.com/Property/islamabad_i-11_6_marla_brand_new_house_in_i-11_2-54794448-706-1.html
5.8 Crore,10,Marla,Islamabad,,House,Bathrooms: 6,Servant Quarters: 1,2026,Double Glazed Windows,1,2,1,2,https://www.zameen.com/Property/bahria_enclave_bahria_enclave_-_sector_a_10_marla_double_height_luxury_house_for_sale_in_sector_a_bahria_enclave_islamabad_sui_gas_a_construction-54740612-11970-1.html
14.3 Crore,1,Kanal,Islamabad,,House,Bathrooms: 06,Servant Quarters: 02,2026,03,02,,1,,https://www.zameen.com/Property/dha_defence_dha_defence_phase_2_brand_new_house_for_sale_prime_location-54773959-339-1.html
1.82 Crore,2.2,Marla,Islamabad,,House,Bathrooms: 1,Kitchens: 1,2028,Lobby in Building,,,1,,https://www.zameen.com/Property/kashmir_highway_eighteen_studio_apartment_eighteen_official_account-54736052-12602-1.html
2.8 Crore,3.6,Marla,Islamabad,,House,1,Drawing Room,2028,1,,,1,,https://www.zameen.com/Property/kashmir_highway_eighteen_1_bedroom_fully_fitted_park_facing_apartment-54719207-12602-1.html
3 Crore,10,Marla,Islamabad,,House,Bathrooms: 5,Servant Quarters: 1,,,1,,1,,https://www.zameen.com/Property/kashmir_highway_eighteen_eighteen_core_shell_vill_a_10marla_official_account-54729390-12602-1.html
14.5 Crore,1,Kanal,Islamabad,,House,Bathrooms: 6,Servant Quarters: 1,2026,3,1,2,2,,https://www.zameen.com/Property/dha_defence_dha_defence_phase_2_1_kanal_brand_new_ultra_designer_luxury_house_for_sale_dha_phase_2_islamabad-54823996-339-1.html
39.5 Crore,16,Kanal,Islamabad,,House,Bathrooms: 10,Servant Quarters: 1,,,1,,2,,https://www.zameen.com/Property/chak_shahzad_chak_shahzad_farms_ideal_16_kanal_farm_house_has_landed_on_market_in_chak_shahzad_farms_islamabad-54823788-20291-1.html
13.5 Crore,1,Kanal,Islamabad,,House,Bathrooms: 6,Servant Quarters: 2,2026,3,2,2,2,,https://www.zameen.com/Property/dha_defence_phase_2_dha_phase_2_-_sector_f_ultra_modern_solid_construction_designer_house_for_sale-54604633-3201-1.html
16 Crore,2,Kanal,Islamabad,,House,Bathrooms: 7,Servant Quarters: 2,2026,3,2,2,2,,https://www.zameen.com/Property/dha_defence_dha_defence_phase_2_ultra_modern_2_kanal_house_for_sale_in_dha_2_islamabad-54710334-339-1.html
3.9 Crore,12,Marla,Islamabad,,House,4,Servant Quarters: 1,2025,2,1,1,2,,https://www.zameen.com/Property/dha_phase_5_sector_h_askari_heights_4_askari_heights_4_flat_for_sale-52121602-21450-1.html
2.9 Crore,12,Marla,Islamabad,,House,4,Servant Quarters: 1,2026,2,1,1,1,,https://www.zameen.com/Property/dha_defence_phase_5_askari_heights_5_askari_heights_5_flat_for_sale-53801880-22450-1.html
2.85 Crore,12,Marla,Islamabad,,House,3,Servant Quarters: 1,2026,2,1,1,1,,https://www.zameen.com/Property/dha_defence_phase_5_askari_heights_5_askari_heights_5_flat_for_sale-53813989-22450-1.html
2.88 Crore,12,Marla,Islamabad,,House,4,Servant Quarters: 1,2025,2,1,1,1,,https://www.zameen.com/Property/dha_defence_phase_5_askari_heights_5_askari_heights_5_4_bed_flat_for_sale-53839049-22450-1.html
2.95 Crore,12,Marla,Islamabad,,House,4,Servant Quarters: 11,2026,2,11,11,1,,https://www.zameen.com/Property/dha_defence_phase_5_askari_heights_5_askari_heights_5_4_bed_flat_for_sale-53839052-22450-1.html
1.3,20,Kanal,Islamabad,Margalla Orchard,House,,,,100,,,,,https://www.zameen.com/Property/islamabad_margalla_orchard_20-kanal_ultra-luxury_estate_margalla_orchard_islamabad-54824966-21948-1.html
3.8 Crore,8,Marla,Islamabad,,House,Bathrooms: 6,Drawing Room,2026,Double Glazed Windows,,,2,,https://www.zameen.com/Property/mpchs_multi_gardens_mpchs_-_block_e_1800_square_feet_house_for_sale_in_b-17-53968918-3120-1.html
5.75 Crore,12,Marla,Islamabad,B-17,House,Bathrooms: 6,Drawing Room,,Double Glazed Windows,,1,2,,https://www.zameen.com/Property/islamabad_b-17_12_marla_brand_new_designer_house_for_sale_in_b-17_e_block_5_75_crore-53973038-616-1.html
9.5 Crore,10.9,Marla,Islamabad,,House,Bathrooms: 7,Servant Quarters,2026,Double Glazed Windows,Drawing Room,Lounge or Sitting Room,1,,https://www.zameen.com/Property/mpchs_multi_gardens_mpchs_-_block_b_2450_square_feet_house_in_mpchs_-_block_b_for_sale-53990970-3117-1.html
5.7 Crore,10,Marla,Islamabad,,House,Bathrooms: 2,Servant Quarters: 1,,Double Glazed Windows,1,1,1,,https://www.zameen.com/Property/mpchs_multi_gardens_mpchs_-_block_b_10_marla_house_in_mpchs_-_block_b_is_available_for_sale-53990966-3117-1.html
3.5 Crore,8,Marla,Islamabad,,House,Bathrooms: 2,Servant Quarters: 1,,2,1,1,,,https://www.zameen.com/Property/mpchs_multi_gardens_mpchs_-_block_c1_house_for_sale_in_mpchs_-_block_c1-54062203-12607-1.html
98 Lakh,3.6,Marla,Islamabad,,House,Bathrooms: 2,Kitchens: 1,,1,,,4,,https://www.zameen.com/Property/dha_defence_phase_2_defence_residency_2-bed_apartment_for_sale_defence_residency_near_gigga_mall_dha_phase_2_islamabad_demand_pkr_1_crore-54802313-9914-1.html
7.7 Crore,1,Kanal,Islamabad,,House,Bathrooms: 9,,,6,,,,,https://www.zameen.com/Property/dha_defence_dha_defence_phase_2_1_kanal_double_unit_corner_house_for_sale_in_dha_phase_2_islamabad_park_facing_5kw_solar_most_cheapest_house_of_dha_phase_2_islamabad-54671561-339-1.html
5.1 Crore,10,Marla,Islamabad,,House,Bathrooms: 6,Servant Quarters,2026,3,Drawing Room,Lounge or Sitting Room,3,,https://www.zameen.com/Property/b_17_mpchs_-_multi_gardens_10_marla_brand_new_desinger_house_with_10kv_solar_in_block_c1_mpchs_multi_garden_b17_islamabad-54792268-3115-1.html
11.22 Crore,1,Kanal,Islamabad,,House,,,2026,2,,,,,https://www.zameen.com/Property/dha_defence_dha_defence_phase_2_one_kanal_designer_house_for_sale_in_dha_defence_phase_2_islamabad-54670133-339-1.html
40 Crore,1,Kanal,Islamabad,F-8,House,Bathrooms: 9,Servant Quarters: 2,2025,5,2,2,2,,https://www.zameen.com/Property/islamabad_f-8_brand_new_house_available_for_sale-53153128-166-1.html
30 Crore,2,Kanal,Islamabad,F-8,House,Bathrooms: 6,Servant Quarters: 2,2024,5,2,1,3,,https://www.zameen.com/Property/islamabad_f-8_magnificent_10-bed_residence_in_prime_f-8_location_-_cda_transfer-49706464-166-1.html
22.5 Crore,1,Kanal,Islamabad,F-8,House,Bathrooms: 2,Drawing Room,2023,Double Glazed Windows,,1,1,,https://www.zameen.com/Property/islamabad_f-8_prime_location_house_for_sale-49330922-166-1.html
2.75 Crore,5,Marla,Islamabad,,House,4,Drawing Room,2026,Flooring,,,2,,https://www.zameen.com/Property/b_17_faisal_margalla_city_5_marla_spanish_new_house_for_sale_in_fmc-54734235-13424-1.html
6.9 Crore,10,Marla,Islamabad,,House,Bathrooms: 7,Servant Quarters: 1,2026,,1,,2,,https://www.zameen.com/Property/gulberg_residencia_gulberg_residencia_-_block_o_brand_new_10_marla_house_for_sale_in_gulberg_block_o-54787235-9125-1.html
3.4 Crore,4.4,Marla,Islamabad,,House,,,,,,,,,https://www.zameen.com/Property/g_14_g-14_2_book_house_today_in_g-14_2-54780864-3344-1.html
14.75 Crore,1,Kanal,Islamabad,,House,Bathrooms: 6,Servant Quarters: 2,,Double Glazed Windows,2,Steam Room,2,,https://www.zameen.com/Property/dha_defence_phase_2_dha_phase_2_-_sector_b_beautiful_house_for_sale_in_dha_phase_2-43937359-3197-1.html
16.9 Crore,1,Kanal,Islamabad,,House,Bathrooms: 7,Servant Quarters,,Double Glazed Windows,Drawing Room,Lounge or Sitting Room,2,,https://www.zameen.com/Property/dha_defence_phase_2_dha_phase_2_-_sector_d_1_kanal_brand_new_house_available_for_sale_in_dha_phase_2_islamabad-40412747-3199-1.html
16.5 Crore,1,Kanal,Islamabad,,House,Bathrooms: 5,Servant Quarters: 2,2026,3,2,1,1,,https://www.zameen.com/Property/dha_defence_dha_defence_phase_2_brand_new_1_kanal_fully_furnished_luxury_modern_house_for_sale_dha_2-54462227-339-1.html
46 Crore,3,Kanal,Islamabad,,House,Bathrooms: 6,Servant Quarters: 2,2026,6,2,2,2,,https://www.zameen.com/Property/dha_defence_dha_defence_phase_2_3_kanal_modern_luxury_fully_furnished_house-54485599-339-1.html
2.85 Crore,12,Marla,Islamabad,,House,4,Servant Quarters: 11,2026,2,11,11,1,,https://www.zameen.com/Property/dha_defence_phase_5_askari_heights_5_askari_heights_5_4_bed_flat_available-53839055-22450-1.html
2.78 Crore,12,Marla,Islamabad,,House,3,Servant Quarters,,Lobby in Building,Drawing Room,Steam Room,Study Room,,https://www.zameen.com/Property/dha_defence_phase_5_askari_heights_5_3_bed_flat_for_sale_in_askari_tower_5_dha_5_islamabad-54773603-22450-1.html
3.1 Crore,12,Marla,Islamabad,,House,4,Servant Quarters,,Double Glazed Windows,Drawing Room,Steam Room,Study Room,,https://www.zameen.com/Property/dha_defence_phase_5_askari_heights_5_4_bed_flat_for_sale_in_askari_tower_5_dha_5_islamabad-54773839-22450-1.html
3.65 Crore,6,Marla,Islamabad,,House,,,,,,,,,https://www.zameen.com/Property/i_10_i-10_2_house_for_sale-54824929-3421-1.html
3.85 Crore,6,Marla,Islamabad,PKR3.85 CroreI-10House For Sale25*60 Corner Triple Storey House Fo...moreAdded: 3 hours ago,House,,,,2,,,,,https://www.zameen.com/Property/islamabad_i-10_house_for_sale-52975063-173-1.html
3.18 Crore,16.5,Marla,Islamabad,,House,4,Servant Quarters,2023,Lobby in Building,Drawing Room,Steam Room,Study Room,,https://www.zameen.com/Property/g_15_zarkon_heights_4_bedrooms_duplex_apartment_available_for_sale_at_zarkon_heights_islamabad-54590338-10169-1.html
1.36 Crore,3.4,Marla,Islamabad,,House,2,Servant Quarters: 1,,Lobby in Building,1,1,1,,https://www.zameen.com/Property/gulberg_gulberg_greens_samama_gulberg_2_bedroom_apartment_for_sale-53419798-8312-1.html
10.65 Crore,1,Kanal,Islamabad,,House,6,Drawing Room,2026,4,,2,2,,https://www.zameen.com/Property/dha_defence_dha_defence_phase_1_1_kanal_brand_new_luxury_house_for_sale_in_dha_defence_phase_1_6_beds_modern_design-54721765-376-1.html
70 Lakh,2.4,Marla,Islamabad,,House,Bathrooms: 1,Drawing Room,,1,,,1,,https://www.zameen.com/Property/gulberg_gulberg_greens_high_rental_income_best_living_place_in_gulberg_green_islamabad-52928274-8312-1.html
10.8 Crore,1,Kanal,Islamabad,,House,,,2026,3,,,,,https://www.zameen.com/Property/dha_defence_dha_defence_phase_2_brand_new_modern_house_available_for_sale_at_dha_phase_2-54809601-339-1.html
14.75 Crore,1,Kanal,Islamabad,,House,,,2026,,,,,,https://www.zameen.com/Property/dha_defence_dha_defence_phase_2_your_family_deserves_complete_peace_and_luxury_a_fully_furnished_1_kanal_palace-54809608-339-1.html
12.25 Crore,1,Kanal,Islamabad,,House,,,2026,,,,,,https://www.zameen.com/Property/dha_defence_dha_defence_phase_2_dream_1_kanal_villa_has_landed_on_market_in_dha_defence_phase_2_islamabad-54809609-339-1.html
40 Crore,3,Kanal,Islamabad,,House,Bathrooms: 5,Servant Quarters: 4,2026,2,4,3,3,,https://www.zameen.com/Property/dha_defence_dha_defence_phase_2_3_kanal_non_furnished_ultra_modern_masterpiece_near_giga_mall-54022734-339-1.html
26 Crore,1.3,Kanal,Islamabad,"F-8, Islamabad661.3 Kanal",House,Bathrooms: 7,Servant Quarters: 1,2023,Double Glazed Windows,1,1,2,,https://www.zameen.com/Property/islamabad_f-8_house_for_sale_with_extra_land-49330955-166-1.html
65 Crore,4,Kanal,Islamabad,F-8,House,Bathrooms: 6,Servant Quarters: 1,2016,Double Glazed Windows,1,2,2,,https://www.zameen.com/Property/islamabad_f-8_luxurious_mansion_for_sale_in_f-8_sector_-_prime_location_exclusive_features-49610246-166-1.html
80 Crore,4,Kanal,Islamabad,,House,Bathrooms: 5,Servant Quarters: 1,2025,1,1,,1,,https://www.zameen.com/Property/f_7_f-7_3_investor_price_house_available_for_sale_f7-52573056-3309-1.html
48 Crore,1.3,Kanal,Islamabad,"F-7, Islamabad661.3 Kanal",House,Bathrooms: 6,Servant Quarters: 2,2025,5,2,2,3,,https://www.zameen.com/Property/islamabad_f-7_brand_new_house_available_for_sale_in_f7-52498240-165-1.html
29 Crore,1.3,Kanal,Islamabad,"F-7, Islamabad661.3 Kanal",House,Bathrooms: 6,Servant Quarters: 2,2023,4,2,1,2,,https://www.zameen.com/Property/islamabad_f-7_specious_666_sq_yard_60x100_house_for_sale_in_f-7_prime_location-49810942-165-1.html
1.75 Crore,6.2,Marla,Islamabad,,House,Bathrooms: 2,Servant Quarters: 1,2021,1,1,1,Study Room,,https://www.zameen.com/Property/margalla_hills_2_capital_residencia_two_bedroom_apartment_available_for_sale_at_main_margalla_road_e11_4-52144429-10573-1.html
7.9 Crore,1,Kanal,Islamabad,,House,5,Servant Quarters: 2,2026,2,2,1,2,,https://www.zameen.com/Property/dha_defence_dha_defence_phase_2_one_kanal_ultra_luxury_house_for_sale_in_dha_2_islamabad-54105234-339-1.html
23.5 Crore,17.8,Marla,Islamabad,,House,Bathrooms: 6,Servant Quarters: 1,1980,5,1,1,1,,https://www.zameen.com/Property/f_6_f-6_1_sale_livable_house_near_to_f6_markz_silence_environment_fully_secured_area-53786129-3299-1.html
19.5 Crore,14,Marla,Islamabad,,House,Bathrooms: 13,Servant Quarters: 1,,,1,2,3,,https://www.zameen.com/Property/g_9_g-9_3_sale_outstanding_location_main_double_road_sun_facing_front_open_house_for_sale-54810050-3386-1.html
8.25 Crore,10,Marla,Islamabad,,House,,Drawing Room,2026,3,,1,2,,https://www.zameen.com/Property/dha_defence_dha_defence_phase_2_10_marla_spacious_designer_house_available_for_sale_in_dha_phase_2-54733999-339-1.html
39 Crore,2,Kanal,Islamabad,,House,Bathrooms: 7,Servant Quarters: 2,2026,4,2,2,2,,https://www.zameen.com/Property/dha_defence_dha_defence_phase_2_2_kanal_brand_new_beautiful_and_designer_fully_furnished_house_up_for_sale_in_dha2_islamabad-54751099-339-1.html
4.8 Crore,10,Marla,Islamabad,Top City 1,House,Bathrooms: 10,Servant Quarters: 1,2024,2,1,1,3,,https://www.zameen.com/Property/islamabad_top_city_1_brand_new_house_for_sale_with_basement-52362464-1383-1.html
3.3 Crore,4,Marla,Islamabad,I-10,House,,,2023,1,,,,,https://www.zameen.com/Property/islamabad_i-10_house_for_sale-53406915-173-1.html
5.3 Crore,6,Marla,Islamabad,,House,,,,2,,,,,https://www.zameen.com/Property/i_10_i-10_2_house_for_sale-54770887-3421-1.html
1.05 Crore,2.7,Marla,Islamabad,,House,Bathrooms: 1,Kitchens: 1,2018,1,,,1,,https://www.zameen.com/Property/gulberg_greens_smama_star_mall_residency_beautifull_family_appartments_with_balcony_and_good_ventilation_system_available_for_sale_in_front_fo_gulberg_green_islamabad-54800025-11278-1.html
10.75 Crore,1.3,Kanal,Islamabad,"Emaar Canyon Views, Islamabad551.3 Kanal",House,5,Servant Quarters: 1,2020,2,1,1,1,,https://www.zameen.com/Property/islamabad_emaar_canyon_views_very_good_location_5_bedroom_spanish_design_villa_emaar_dha_islamabad_dha_5_sector_e-54824772-8370-1.html
40 Lakh,1.8,Marla,Islamabad,,House,,,,,,,,,https://www.zameen.com/Property/gulberg_gulberg_greens_afordable_family_living_flat_is_available_for_sale_at_islamabad_best_rental_income-54775310-8312-1.html
12.5 Crore,2,Kanal,Islamabad,,House,Bathrooms: 5,Servant Quarters: 1,,6,1,1,1,,https://www.zameen.com/Property/dha_defence_dha_defence_phase_2_swimming_pool_2_kanal_construction_house_at_prime_location_near_central_park-54021579-339-1.html
12.95 Crore,1,Kanal,Islamabad,,House,Bathrooms: 4,Drawing Room,2026,2,,,2,,https://www.zameen.com/Property/dha_defence_dha_defence_phase_2_prime_location_1_kanal_luxurious_house_for_sale_at_dha_2-54013586-339-1.html
12.9 Crore,1,Kanal,Islamabad,,House,Bathrooms: 6,Servant Quarters: 2,2024,3,2,,,2,https://www.zameen.com/Property/dha_defence_dha_defence_phase_2_luxury_basement_house_near_central_park-52503598-339-1.html
11.75 Crore,1,Kanal,Islamabad,,House,Bathrooms: 7,Servant Quarters: 1,2026,2,1,1,2,,https://www.zameen.com/Property/dha_defence_dha_defence_phase_2_1_kanal_modern_luxurious_house_for_sale_at_dha_2-54013568-339-1.html
11.5 Crore,1,Kanal,Islamabad,,House,Bathrooms: 6,Servant Quarters,2025,3,Drawing Room,Steam Room,Study Room,2,https://www.zameen.com/Property/dha_defence_dha_defence_phase_2_corner_house_for_sale-52549420-339-1.html
10.25 Crore,1,Kanal,Islamabad,,House,Bathrooms: 6,Servant Quarters: 2,2025,3,2,1,Study Room,2,https://www.zameen.com/Property/dha_defence_dha_defence_phase_2_good_location_designer_house_for_sale-52549546-339-1.html
12.7 Crore,1,Kanal,Islamabad,,House,Bathrooms: 6,Servant Quarters: 2,2025,3,2,1,2,2,https://www.zameen.com/Property/dha_defence_dha_defence_phase_2_modern_design_house_near_to_central_park_for_sale-52959196-339-1.html
9.25 Crore,1,Kanal,Islamabad,"DHA PHASE 2 Islamabad
Slightly used...more",House,Bathrooms: 6,Servant Quarters: 2,2020,4,2,2,2,,https://www.zameen.com/Property/dha_defence_dha_defence_phase_2_luxury_owner_built_house_for_sale-53620369-339-1.html
46 Crore,2,Kanal,Islamabad,F-7,House,6,Servant Quarters: 1,,4,1,1,2,,https://www.zameen.com/Property/islamabad_f-7_luxurious_6_bedroom_house_for_sale_in_prime_location-49981663-165-1.html
80 Crore,2,Kanal,Islamabad,,House,Bathrooms: 5,Servant Quarters: 2,2024,Double Glazed Windows,2,2,2,,https://www.zameen.com/Property/f_6_f-6_2_beautiful_house_of_a_prime_location_available_for_sale_in_f6_3-52276600-3300-1.html
1.3,5,Kanal,Islamabad,F-6,House,Bathrooms: 12,Servant Quarters: 3,2020,8,3,1,2,,https://www.zameen.com/Property/islamabad_f-6_beautiful_house_available_for_sale_in_f6-52276724-164-1.html
55 Crore,2,Kanal,Islamabad,,House,Bathrooms: 3,Servant Quarters: 1,2023,5,1,1,1,,https://www.zameen.com/Property/f_6_f-6_3_investor_price_house_available_for_sale_in_f6_3-50510847-3301-1.html
4.75 Crore,10,Marla,Islamabad,,House,Bathrooms,Servant Quarters,,Double Glazed Windows,Drawing Room,Lounge or Sitting Room,Study Room,,https://www.zameen.com/Property/top_city_1_top_city_1_-_block_d_10_marla_brand_new_house_for_sale_in_top_city-1_islamabad-53509871-9233-1.html
7.7 Crore,1,Kanal,Islamabad,,House,,,,,,,,,https://www.zameen.com/Property/dha_defence_phase_2_dha_phase_2_-_sector_a_1_kanal_house_up_for_sale_in_dha_phase_2_-_sector_a-54753620-3196-1.html
3.95 Crore,5,Marla,Islamabad,,House,,,,,,,,,https://www.zameen.com/Property/dha_defence_phase_5_dha_phase_5_-_sector_f_want_to_buy_a_house_in_islamabad-54802995-8836-1.html
26.5 Crore,1.3,Kanal,Islamabad,"F-11, Islamabad661.3 Kanal",House,Bathrooms: 6,Servant Quarters: 2,2005,6,2,2,2,,https://www.zameen.com/Property/islamabad_f-11_house_for_sale_sector_f_11_main_margalla_road_front_open_good_location-54762140-163-1.html
10.9 Crore,1,Kanal,Islamabad,,House,Bathrooms: 6,Servant Quarters,2026,3,Drawing Room,Lounge or Sitting Room,2,,https://www.zameen.com/Property/dha_defence_dha_defence_phase_2_1_kanal_elegant_design_house_up_for_sale-54255221-339-1.html
23.5 Crore,1,Kanal,Islamabad,D-12,House,Bathrooms: 6,Servant Quarters: 1,2025,3,1,2,1,,https://www.zameen.com/Property/islamabad_d-12_on_excellent_location-54713440-160-1.html
5.35 Crore,10,Marla,Islamabad,,House,Bathrooms: 6,Servant Quarters: 1,2023,1,1,Steam Room,1,,https://www.zameen.com/Property/top_city_1_top_city_1_-_block_a_prime_location_10_marla_house_available_for_sale_in_top_city_1_-_block_a_if_you_hurry-54239146-9231-1.html
4.85 Crore,10,Marla,Islamabad,,House,Bathrooms: 6,Servant Quarters: 1,2026,2,1,1,2,,https://www.zameen.com/Property/top_city_1_top_city_1_-_block_a_prime_location_10_marla_house_in_beautiful_location_of_top_city_1_-_block_a_in_islamabad-54240805-9231-1.html
12.5 Crore,1,Kanal,Islamabad,,House,,,,3,,,,,https://www.zameen.com/Property/dha_defence_dha_defence_phase_2_prime_location_1_kanal_luxurious_house_for_sale_at_dha_2-54069774-339-1.html
11.25 Crore,1,Kanal,Islamabad,,House,,,2026,3,,,,,https://www.zameen.com/Property/dha_defence_dha_defence_phase_2_ultra_luxurious_brand_new_house_available_for_sale_at_dha_phase_2_islamabad-54793202-339-1.html
2.5 Crore,6.2,Marla,Islamabad,,House,,,,1,,,,,https://www.zameen.com/Property/e_11_margalla_hills-2_e11_margalla_hills_two_bedroom_aparment_available_for_sale-54726588-9668-1.html
1.55 Crore,5.6,Marla,Islamabad,,House,Bathrooms: 2,Kitchens: 1,,,,,1,,https://www.zameen.com/Property/e_11_madina_tower_e11_two_bedrooms_furnished_apartment_available_for_sale-54727720-11138-1.html
99 Lakh,3.6,Marla,Islamabad,,House,2,,,,,,,,https://www.zameen.com/Property/bahria_enclave_bahria_enclave_-_sector_i_looking_for_a_2_bed_flat_in_bahria_enclave_-_sector_i-54475115-11982-1.html
3 Crore,5,Marla,Islamabad,,House,Bathrooms: 6,Drawing Room,,1,,1,2,,https://www.zameen.com/Property/gulberg_gulberg_greens_brand_new_beautifull_house_available_for_sale_in_gulberg_green_islamabad-54801623-8312-1.html
7 Crore,10,Marla,Islamabad,,House,Bathrooms: 6,Servant Quarters: 2,2026,2,2,,2,,https://www.zameen.com/Property/dha_defence_dha_defence_phase_2_10_marla_modern_luxury_house_for_sale_in_dha_phase_2_islamabad-54384445-339-1.html
13.7 Crore,1,Kanal,Islamabad,,House,Bathrooms: 6,Servant Quarters: 2,2026,2,2,1,2,,https://www.zameen.com/Property/dha_defence_dha_defence_phase_2_ultra_luxury_1_kanal_modern_house_for_sale_in_dha_2_islamabad-54349938-339-1.html
44 Crore,17.8,Marla,Islamabad,"F-8, Islamabad6617.8 Marla",House,Bathrooms: 7,Servant Quarters: 2,2025,4,2,2,2,,https://www.zameen.com/Property/islamabad_f-8_f-8_brand_new_house_for_sale-53260038-166-1.html
48 Crore,1.3,Kanal,Islamabad,"PKR48 CroreF-7, Islamabad661.3 KanalF-7 House For SaleUk Property Advisors and offer a ve...moreAdded: 8 hours ago",House,Bathrooms: 7,Servant Quarters: 2,2019,5,2,1,2,,https://www.zameen.com/Property/islamabad_f-7_f-7_house_for_sale-47870334-165-1.html
40 Crore,1.8,Kanal,Islamabad,"PKR40 CroreF-8, Islamabad551.8 KanalF-8 House For SaleUk Property Advisors and offer a ve...moreAdded: 8 hours ago",House,Bathrooms: 5,Servant Quarters: 2,2013,8,2,1,1,,https://www.zameen.com/Property/islamabad_f-8_f-8_house_for_sale-47787455-166-1.html
70 Crore,2,Kanal,Islamabad,PKR70 CroreE-7E-7 House For SaleUk Property Advisors And Offer A Ve...moreAdded: 8 hours ago,House,Bathrooms: 5,Servant Quarters: 2,2012,6,2,1,1,,https://www.zameen.com/Property/islamabad_e-7_e-7_house_for_sale-53699118-343-1.html
9.8 Crore,1,Kanal,Islamabad,,House,Bathrooms: 7,Servant Quarters: 2,2026,4,2,1,2,,https://www.zameen.com/Property/dha_defence_dha_defence_phase_2_1_kanal_luxury_house_for_sale_in_dha_phase_2_islamabad-54429997-339-1.html
15 Crore,1,Kanal,Islamabad,,House,Bathrooms: 6,Servant Quarters: 2,2026,3,2,2,1,,https://www.zameen.com/Property/dha_defence_dha_defence_phase_2_fully_furnished_1_kanal_spanish_style_house_for_sale_in_dha_phase_2-54480942-339-1.html
4.95 Crore,10,Marla,Islamabad,,House,,,,,,,1,,https://www.zameen.com/Property/top_city_1_top_city_1_-_block_a_prime_location_house_for_sale-53834017-9231-1.html
22 Crore,1.2,Kanal,Islamabad,"I-8, Islamabad871.2 Kanal",House,Bathrooms: 8,Servant Quarters: 2,2005,7,2,2,2,,https://www.zameen.com/Property/islamabad_i-8_front_open_solid_triple_storey_60x90_house_for_sale_in_i-8_2-52811714-174-1.html
5 Crore,6,Marla,Islamabad,G-8,House,Bathrooms: 2,Drawing Room,,Flooring,,,2,,https://www.zameen.com/Property/islamabad_g-8_6_marla_old_house_available_for_sale-54779252-170-1.html
3.2 Crore,7,Marla,Islamabad,,House,Bathrooms: 5,Servant Quarters: 1,2024,1,1,1,2,,https://www.zameen.com/Property/bahria_enclave_bahria_enclave_-_sector_n_sector_n_5_marla_brand_new_corner_house_with_2_marla_extraland_excellent_construction_quality_sun_facing_house_available_for_sale-54185105-11975-1.html
6.25 Crore,10,Marla,Islamabad,,House,Bathrooms: 7,Servant Quarters,2026,2,Drawing Room,,2,,https://www.zameen.com/Property/mpchs_multi_gardens_mpchs_-_block_c1_brand_new_10_marla_luxury_house_for_sale_in_mpchs_b-17_sector_c-1-54811113-12607-1.html
9 Crore,2.6,Kanal,Islamabad,"Spring Valley, Islamabad562.6 Kanal",House,Bathrooms: 6,Servant Quarters: 1,2005,Double Glazed Windows,1,1,1,,https://www.zameen.com/Property/islamabad_spring_valley_51_marla_corner_beautiful_house_for_sale_in_spring_valley_barakahu-54089981-8850-1.html
58 Crore,1.3,Kanal,Islamabad,"F-7, Islamabad761.3 Kanal",House,Bathrooms: 4,Servant Quarters: 1,2024,1,1,1,1,,https://www.zameen.com/Property/islamabad_f-7_brand_new_triple_storey_artistic_house_in_f-7-52526755-165-1.html
16 Crore,2.5,Kanal,Islamabad,,House,Bathrooms: 4,Servant Quarters: 1,2025,4,2,1,1,,https://www.zameen.com/Property/dha_defence_phase_5_dha_phase_5_-_sector_c_2_5_kanal_luxury_designer_house_for_sale_prime_location_15_kva_solar_near_park_mosque-54042967-8402-1.html
11.25 Crore,1,Kanal,Islamabad,,House,Bathrooms: 7,Servant Quarters: 2,2026,4,2,2,2,,https://www.zameen.com/Property/dha_defence_dha_defence_phase_1_1_kanal_fully_luxury_stylish_house_for_sale-54758533-376-1.html
10.9 Crore,1,Kanal,Islamabad,,House,Bathrooms: 6,Servant Quarters: 2,2026,3,2,2,2,,https://www.zameen.com/Property/dha_defence_dha_defence_phase_2_dha_2_one_kanal_luxurious_furnished_house-54059928-339-1.html
10.9 Crore,1,Kanal,Islamabad,,House,Bathrooms: 8,Servant Quarters: 2,2025,3,2,2,2,,https://www.zameen.com/Property/dha_defence_dha_defence_phase_2_dha_2_one_kanal_brand_new_luxurious_designer_house_with_swimming_pool-53157757-339-1.html
5.5 Crore,8,Marla,Islamabad,Islamabad is popular for its vibran...more,House,,,,1,1,1,2,,https://www.zameen.com/Property/g_14_g-14_2_house_for_sale_is_readily_available_in_prime_location_of_g-14_2-54407895-3344-1.html
1.45 Crore,5,Marla,Islamabad,Multi Residencia & Orchards,House,,,,,,,,,https://www.zameen.com/Property/islamabad_multi_residencia_orchards_5_marla_house_in_multi_ochrard_residence_islamabad-53847163-8332-1.html
13 Crore,1,Kanal,Islamabad,,House,Bathrooms: 5,Servant Quarters: 1,2026,3,1,1,2,,https://www.zameen.com/Property/dha_defence_phase_5_dha_phase_5_-_sector_a_dha_phase_5_islamabad_sector_a_kanal_brand_new_designer_house_for_sale_good_location_house_owner_build_house-54797204-8400-1.html
1.58 Crore,5,Marla,Islamabad,Bani Gala,House,Bathrooms: 4,Drawing Room,2026,1,,,1,,https://www.zameen.com/Property/islamabad_bani_gala_brand_new_house_for_sale_in_bani_gala_prime_location-54651577-340-1.html
1.5 Crore,5,Marla,Islamabad,Bani Gala,House,Bathrooms: 4,Servant Quarters: 1,2024,1,1,1,1,,https://www.zameen.com/Property/islamabad_bani_gala_brand_new_semi_double_story_house_for_sale_near_allied_bank_east_bank_finance_makiyat_registry_intaqal-54824570-340-1.html
9.8 Crore,1,Kanal,Islamabad,,House,Bathrooms: 6,Servant Quarters: 2,2021,2,2,1,2,,https://www.zameen.com/Property/dha_defence_dha_defence_phase_2_1_kanal_luxury_house_for_sale_in_dha_2_islamabad-54428777-339-1.html
18 Crore,2,Kanal,Islamabad,,House,Bathrooms: 6,Servant Quarters: 2,2026,2,2,1,2,,https://www.zameen.com/Property/dha_defence_dha_defence_phase_2_2_kanal_luxury_house_for_sale_in_dha_phase_2_islamabad_1_kanal_covered_area_1_kanal_beautiful_lawn-54514213-339-1.html
12.5 Crore,1,Kanal,Islamabad,,House,Bathrooms: 6,Servant Quarters: 2,2026,3,2,,2,,https://www.zameen.com/Property/dha_defence_dha_defence_phase_2_brand_new_ultra-modern_1_kanal_house_for_sale-54819207-339-1.html
12.5 Crore,1,Kanal,Islamabad,,House,Bathrooms: 6,Servant Quarters: 2,2026,2,2,,2,,https://www.zameen.com/Property/dha_defence_dha_defence_phase_2_luxury_brand_new_1_kanal_modern_designer_house_for_sale_dha_phase_2-54819238-339-1.html
15.5 Crore,1,Kanal,Islamabad,,House,Bathrooms: 6,Servant Quarters: 2,2026,2,2,1,2,,https://www.zameen.com/Property/dha_defence_dha_defence_phase_2_fully_furnished_1_kanal_luxury_modern_house_for_sale_top-of-the-line-54819362-339-1.html
2 Crore,6.2,Marla,Islamabad,,House,2,Servant Quarters: 1,2010,1,1,1,1,,https://www.zameen.com/Property/margalla_hills_2_capital_residencia_capital_recidence_e-11_2_bedroom_fully_furnished_apartment_available_for_sale_ideal_location-54198534-10573-1.html
9.45 Crore,1,Kanal,Islamabad,,House,Bathrooms: 6,Servant Quarters: 2,2017,3,2,1,2,,https://www.zameen.com/Property/dha_defence_dha_defence_phase_2_1_kanal_used_beautiful_and_owner_biult_house_up_for_sale_in_dha2_islamabad-54753015-339-1.html
2.3 Crore,5,Marla,Islamabad,,House,Bathrooms: 6,Servant Quarters: 1,2025,1,1,1,2,,https://www.zameen.com/Property/naval_anchorage_naval_anchorage_-_block_g_house_for_sale_naval_anchorage_islamabad_block_g-53072452-9158-1.html
10 Crore,2,Kanal,Islamabad,Bani Gala,House,Bathrooms: 6,,,4,,,,,https://www.zameen.com/Property/islamabad_bani_gala_brand_new_farm_house_for_sale_in_banigala_islamabad_at_prime_location-54738282-340-1.html
2.3 Crore,5,Marla,Islamabad,Bani Gala,House,Bathrooms: 3,Kitchens: 1,,,,,1,,https://www.zameen.com/Property/islamabad_bani_gala_5_marla_double_storey_house_for_sale_in_banigala_islamabad-54764990-340-1.html
10.9 Crore,1,Kanal,Islamabad,,House,Bathrooms: 6,Servant Quarters: 2,2026,3,2,2,2,,https://www.zameen.com/Property/dha_defence_dha_defence_phase_2_dha2_one_kanal_designer_house_for_sale-54037324-339-1.html
32 Crore,4,Kanal,Islamabad,Gulberg Greens Islamabad: One of Pa...more,House,,,,,,,,,https://www.zameen.com/Property/gulberg_greens_gulberg_greens_-_block_c_pakistans_most_luxurious_farm_house_4_kanal_fully_furnished_luxury_farm_house_c_block_gulberg_greens_islamabad-54789178-8315-1.html
13.5 Crore,1,Kanal,Islamabad,,House,Bathrooms: 6,Servant Quarters: 2,2026,3,2,1,2,,https://www.zameen.com/Property/dha_defence_dha_defence_phase_2_1_kanal_brand_new_corner_designer_and_stylish_house_up_for_sale_in_dha_phase_2_islamabad-54764204-339-1.html
13.5 Crore,1,Kanal,Islamabad,,House,Bathrooms: 6,Servant Quarters: 2,2026,3,2,2,2,,https://www.zameen.com/Property/dha_defence_dha_defence_phase_2_1_kanal_lavish_ultra_luxurious_corner_house_for_sale_at_dha_phase_ii_islamabad-54812602-339-1.html
6.5 Crore,12,Marla,Islamabad,,House,Bathrooms: 8,Servant Quarters: 1,2025,Central Air Conditioning,1,1,2,,https://www.zameen.com/Property/jinnah_gardens_jinnah_gardens_phase_1_12-_marla_brand_new_double_storey_with_solar_owner_build_house_available_for_sale-52780161-1421-1.html
4.9 Crore,9.3,Marla,Islamabad,"F-10, Islamabad339.3 Marla",House,3,Servant Quarters: 1,2026,1,1,1,1,,https://www.zameen.com/Property/islamabad_f-10_f10-park_tower_3_bed_room_flat_for_sale-53942187-162-1.html
2.75 Crore,5,Marla,Islamabad,"Bahria Enclave Islamabad 
Sector H...more",House,Bathrooms: 4,Servant Quarters: 1,,1,1,,1,2,https://www.zameen.com/Property/bahria_enclave_bahria_enclave_-_sector_h_5_marla_with_extra_land_beautiful_corner_category_house_available_for_sale_beautiful_lawn_area-54416531-11983-1.html
3.2 Crore,5,Marla,Islamabad,"Bahria Enclave Islamabad 
Sector B...more",House,Bathrooms: 5,Servant Quarters: 1,2026,1,1,,1,2,https://www.zameen.com/Property/bahria_enclave_bahria_enclave_-_sector_b1_5_marla_boulevard_category_designer_house_available_for_sale_front_open_house_just_2_mnt_drive_from_the_main_gate-54326959-11972-1.html
3.5 Crore,7,Marla,Islamabad,,House,5,Servant Quarters: 1,2019,2,1,,2,,https://www.zameen.com/Property/cbr_town_phase_1_cbr_town_phase_1_-_block_d_7_marla_house_for_sale_in_cbr_town_block_d-54370336-3150-1.html
11.5 Crore,1,Kanal,Islamabad,,House,Bathrooms: 6,Servant Quarters: 1,2026,3,1,1,1,,https://www.zameen.com/Property/dha_defence_dha_defence_phase_2_modern_design_brand_new_house_ready_for_sale_in_dha_defense_phase_2_islamabad-54405805-339-1.html
55 Crore,12,Kanal,Islamabad,Bani Gala,House,Bathrooms: 12,Servant Quarters: 1,,10,1,2,2,,https://www.zameen.com/Property/islamabad_bani_gala_luxury_12_kanal_farmhouse_for_sale_bani_gala_islamabad-54824533-340-1.html
19.9 Crore,2,Kanal,Islamabad,Naval Anchorage,House,Bathrooms: 3,Servant Quarters: 2,2024,2,2,2,3,1,https://www.zameen.com/Property/islamabad_naval_anchorage_main_double_road_naval_anchorage_house_sized_2_kanal_corner-52481702-375-1.html
8.5 Crore,1,Kanal,Islamabad,Naval Anchorage,House,6,Servant Quarters: 1,2024,3,1,1,2,,https://www.zameen.com/Property/islamabad_naval_anchorage_spanish_house_margalla_facing_for_sale-52604537-375-1.html
5.75 Crore,1,Kanal,Islamabad,Naval Anchorage,House,3,Servant Quarters: 1,2021,3,1,2,2,,https://www.zameen.com/Property/islamabad_naval_anchorage_south_facing_spanish_design_house_for_sale-52647384-375-1.html
17 Crore,2,Kanal,Islamabad,Naval Anchorage,House,Bathrooms: 7,Servant Quarters: 1,,2,1,1,2,,https://www.zameen.com/Property/islamabad_naval_anchorage_this_is_your_chance_to_buy_prime_location_house_in_naval_anchorage-53224624-375-1.html
1.65 Crore,6.2,Marla,Islamabad,,House,Bathrooms: 3,Servant Quarters: 1,2024,2,1,1,1,,https://www.zameen.com/Property/gulberg_greens_gulberg_heights_two_bed_non_furnished_apartments_available_for_sale_in_gulberg_heights-53211042-19298-1.html
4.5 Crore,7,Marla,Islamabad,,House,Bathrooms: 4,Servant Quarters: 1,2026,2,1,2,2,,https://www.zameen.com/Property/gulberg_gulberg_residencia_gulberg_residential_f_block_7_marla_house_for_sale_brand_new-53992937-8319-1.html
40 Crore,5,Kanal,Islamabad,,House,Bathrooms: 10,Servant Quarters: 3,2025,10,3,Steam Room,1,,https://www.zameen.com/Property/gulberg_gulberg_greens_gulberg_green_farmhouse_5_kanal_designer_fully_furnished_luxury_farmhouse_for_sale-54618123-8312-1.html
30 Crore,4,Kanal,Islamabad,,House,Bathrooms: 10,Servant Quarters: 2,2022,10,2,1,2,,https://www.zameen.com/Property/gulberg_greens_gulberg_greens_-_block_c_gulberg_green_islamabadc_block_4_kanal_fully_luxury_designer_farm_house_for_sale-54746414-8315-1.html
2.5 Crore,5,Marla,Islamabad,,House,Bathrooms: 4,Servant Quarters: 1,2024,1,1,1,2,,https://www.zameen.com/Property/naval_anchorage_naval_anchorage_-_block_g_naval_anchorage_5_marla_house_for_sale-54397379-9158-1.html
65 Crore,7.4,Kanal,Islamabad,,House,Bathrooms: 10,Servant Quarters: 2,2026,20,2,Steam Room,2,,https://www.zameen.com/Property/gulberg_gulberg_greens_gulberg_green_islamabad_7_5_kanal_luxury_corner_farmhouse_for_sale_prime_lake-side_location_fully_furnished_luxury_privacy_prime_location_exceptional_design-54717539-8312-1.html
1.8 Crore,5.5,Marla,Islamabad,,House,Bathrooms: 5,Servant Quarters: 1,2022,1,1,,2,,https://www.zameen.com/Property/ghauri_town_ghauri_town_phase_4a_ghouri_town_house_for_sale-54824670-14956-1.html
5.65 Crore,10,Marla,Islamabad,B-17,House,Bathrooms: 6,Servant Quarters: 1,2026,Flooring,1,,3,,https://www.zameen.com/Property/islamabad_b-17_premium_strengthened_residence_practical_decent_a_grade_structure_and_material-54824655-616-1.html
12.9 Crore,1,Kanal,Islamabad,,House,Bathrooms: 6,Servant Quarters: 2,2026,4,2,2,2,,https://www.zameen.com/Property/dha_defence_dha_defence_phase_2_1_kanal_ultra-luxury_fully_furnished_house_for_sale_in_dha_phase_2_islamabad-54750265-339-1.html
9.9 Crore,1,Kanal,Islamabad,,House,Bathrooms: 6,Servant Quarters: 1,2025,3,1,2,2,,https://www.zameen.com/Property/dha_defence_dha_defence_phase_2_stunning_double_unit_spanish_mansion_fully_furnished_with_solar_house_for_sale-54471512-339-1.html
10.5 Crore,1,Kanal,Islamabad,,House,Bathrooms: 6,Servant Quarters: 1,2026,3,1,2,2,,https://www.zameen.com/Property/dha_defence_dha_defence_phase_2_brand_new_1_kanal_modern_contemporary_luxury_house_for_sale_dha_phase_2-54250135-339-1.html
14 Crore,10,Marla,Islamabad,,House,,,,,,,,,https://www.zameen.com/Property/f_8_the_centaurus_flat_for_sale_in_centaurus_islamabad-54571110-8349-1.html
40 Crore,1.6,Kanal,Islamabad,,House,Bathrooms,Servant Quarters: 4,2024,Double Glazed Windows,4,2,4,,https://www.zameen.com/Property/g_7_g-7_4_cda_sector_g-7_4_90_80_800_square_yards_house_for_sale-52147078-3372-1.html
16 Crore,1,Kanal,Islamabad,,House,Bathrooms: 6,Servant Quarters: 2,2026,5,2,2,2,,https://www.zameen.com/Property/gulberg_residencia_gulberg_residencia_-_block_e_fully_furnished_1_kanal_residential_house_is_available_for_sale_in_gulberg_residencia_block_e_islamabad-54822371-9115-1.html
13.5 Crore,10,Marla,Islamabad,D-12,House,,,,,,,,,https://www.zameen.com/Property/islamabad_d-12_10_marla_house_is_available_for_sale_in_d-12-54781659-160-1.html
13 Crore,10,Marla,Islamabad,D-12,House,Bathrooms: 6,Servant Quarters: 1,2026,2,2,,2,,https://www.zameen.com/Property/islamabad_d-12_ideally_located_house_for_sale_in_d-12_available-54790743-160-1.html
5.2 Crore,10,Marla,Islamabad,"Bahria Enclave Islamabad 
 Sector C...more",House,Bathrooms: 7,Servant Quarters: 2,2026,2,2,1,2,2,https://www.zameen.com/Property/bahria_enclave_bahria_enclave_-_sector_c1_10_marla_beautiful_house_available_for_sale_just_1_mnt_drive_from_the_main_gate-52795090-11987-1.html
3.95 Crore,8,Marla,Islamabad,"Bahria Enclave Islamabad 
Sector N...more",House,Bathrooms: 7,Servant Quarters: 1,5455,2,1,,1,2,https://www.zameen.com/Property/bahria_enclave_bahria_enclave_-_sector_n_bahria_enclave_islamabad_owner_built_house-54552071-11975-1.html
10.9 Crore,1,Kanal,Islamabad,,House,Bathrooms: 8,Servant Quarters: 2,,5,2,Steam Room,2,,https://www.zameen.com/Property/dha_defence_dha_defence_phase_2_luxurious_1_kanal_dream_home_with_private_pool_in_dha_2_prime_location_near_mcdonalds-51321594-339-1.html
9.75 Crore,1,Kanal,Islamabad,,House,Bathrooms: 7,Servant Quarters: 1,,,1,1,2,,https://www.zameen.com/Property/dha_defence_dha_defence_phase_1_kanal_brand_new_house_for_sale-54798956-376-1.html
7.7 Crore,1,Kanal,Islamabad,Naval Anchorage,House,3,Servant Quarters: 3,2024,3,3,,2,,https://www.zameen.com/Property/islamabad_naval_anchorage_beautiful_60ft_surfacing_brand_new_house-53397234-375-1.html
6.45 Crore,14,Marla,Islamabad,Naval Anchorage,House,Bathrooms: 6,Servant Quarters: 1,2026,2,1,,2,,https://www.zameen.com/Property/islamabad_naval_anchorage_brand_new_house_with_extra_land-54328783-375-1.html
9.5 Crore,9,Marla,Islamabad,,House,2,4,2015,1,1,1,1,,https://www.zameen.com/Property/f_8_the_centaurus_luxury_furnished_2_bed_plus_study_room_apartment_4_bath_available_for_sale_please_contact_only_seriou_buyer-54767742-8349-1.html
7.9 Crore,1,Kanal,Islamabad,,House,Bathrooms: 8,Servant Quarters: 2,2025,4,2,1,2,,https://www.zameen.com/Property/dha_defence_dha_defence_phase_2_build_your_own_one_kanal_house_in_dha_islamabad_for_sale-53475417-339-1.html
7.9 Crore,1,Kanal,Islamabad,,House,Bathrooms: 6,Servant Quarters: 1,2025,3,1,1,2,,https://www.zameen.com/Property/dha_defence_phase_2_dha_phase_2_-_sector_g_one_kanal_ultra_luxury_house_for_sale_in_dha_phase_2_islamabad-53450777-3202-1.html
4.9 Crore,10,Marla,Islamabad,,House,,,,Double Glazed Windows,,,1,,https://www.zameen.com/Property/top_city_1_top_city_1_-_block_a_10_marla_house_is_available_for_sale_in_top_city_1_-_block_a-54244558-9231-1.html
4.5 Crore,10,Marla,Islamabad,Top City 1,House,Bathrooms: 5,Servant Quarters: 1,2026,2,1,1,2,,https://www.zameen.com/Property/islamabad_top_city_1_prime_location_10_marla_house_in_beautiful_location_of_top_city_1_-_block_a_in_islamabad-54241113-1383-1.html
4.6 Crore,10,Marla,Islamabad,Top City 1,House,Bathrooms: 6,Servant Quarters: 1,2026,2,1,1,2,,https://www.zameen.com/Property/islamabad_top_city_1_10_marla_house_for_sale_in_beautiful_top_city_1-54240968-1383-1.html
4.95 Crore,10,Marla,Islamabad,Top City 1,House,Bathrooms: 7,Servant Quarters: 1,2025,2,1,1,1,,https://www.zameen.com/Property/islamabad_top_city_1_your_dream_brand_new_10_marla_house_is_available_in_top_city_1-54003440-1383-1.html
4.3 Crore,10,Marla,Islamabad,,House,,,,,,,1,,https://www.zameen.com/Property/top_city_1_top_city_1_-_block_a_best_options_for_house_is_available_for_sale_in_top_city_1_-_block_a-53753337-9231-1.html
4.5 Crore,10,Marla,Islamabad,,House,,,,,,,1,,https://www.zameen.com/Property/top_city_1_top_city_1_-_block_a_you_can_find_a_gorgeous_house_for_sale_in_top_city_1_-_block_a-53753330-9231-1.html
4.95 Crore,10,Marla,Islamabad,Top City 1,House,Bathrooms: 3,Drawing Room,,,,1,1,,https://www.zameen.com/Property/islamabad_top_city_1_house_sized_10_marla_in_top_city_1-53681283-1383-1.html
6.5 Crore,10,Marla,Islamabad,Top City 1,House,Bathrooms: 6,Servant Quarters: 2,2025,1,2,1,1,,https://www.zameen.com/Property/islamabad_top_city_1_buying_a_house_in_top_city_1-53617017-1383-1.html
2.85 Crore,10,Marla,Islamabad,,House,Bathrooms: 6,Drawing Room,,Floors: 3,,Lounge or Sitting Room,Study Room,,https://www.zameen.com/Property/bahria_enclave_bahria_enclave_-_sector_g_10_marla_park_facing_grey_structure_house_for_sale_sector_g_bahria_enclave_islamabad-54616874-11984-1.html
59 Lakh,2.4,Marla,Islamabad,"Top City 1, Islamabad112.4 Marla",House,Bathrooms: 1,Drawing Room,,Lobby in Building,,,Study Room,,https://www.zameen.com/Property/islamabad_top_city_1_for_sale_550_sqft_1-bed_apartment_on_installment_top_city-1-54731257-1383-1.html
4.25 Crore,6,Marla,Islamabad,I-11,House,Bathrooms: 6,Drawing Room,,,,Other Rooms,2,,https://www.zameen.com/Property/islamabad_i-11_i-11_2_brand_new_top_class_house_for_sale_size_25x60-54820543-706-1.html
18 Crore,10,Kanal,Islamabad,,House,,,,3,,,,,https://www.zameen.com/Property/bahria_enclave_bahria_enclave_-_sector_m_10_kanal_luxury_farmhouse_for_sale_in_front_of_bahria_enclave_sector_m_islamabad-54820412-11977-1.html
8.5 Crore,1,Kanal,Islamabad,,House,,,,,,,,,https://www.zameen.com/Property/fazaia_housing_scheme_fazaia_housing_scheme_block_d_1_kanal_60_90_in_block_d_corner_house_with_extra_land_6_marla-54814146-14687-1.html
42 Crore,5,Kanal,Islamabad,,House,Bathrooms,Servant Quarters: 3,1700,Double Glazed Windows,3,4,3,,https://www.zameen.com/Property/gulberg_greens_gulberg_greens_-_block_a_5_kanal_farm_house_is_available_for_sale_in_gulberg_greens_block_a_islamabad-54822067-8313-1.html
8 Crore,8.9,Marla,Islamabad,"Karakoram Diplomatic Enclave, Islamabad238.9 Marla",House,2,Drawing Room,2017,1,,1,2,,https://www.zameen.com/Property/islamabad_karakoram_diplomatic_enclave_diplomatic_enclave_2_bedroom_decent_furnished_apartment_american_embassy_facing_in_karakoram_enclave_for_sale_2000_sq_ft-53062354-9063-1.html
4.6 Crore,12,Marla,Islamabad,,House,Bathrooms: 5,Drawing Room,,,,,2,,https://www.zameen.com/Property/soan_garden_soan_garden_-_block_b_ideal_main_road_house_available_for_sale_in_islamabad-54641633-3492-1.html
1.15 Crore,5.3,Marla,Islamabad,"River Garden, Islamabad335.3 Marla",House,3,,,Lobby in Building,,,,,https://www.zameen.com/Property/islamabad_river_garden_spacious_3_bed_apartment_-_1200_sqft_with_basement_parking-54721136-1457-1.html
3.8 Crore,9.3,Marla,Islamabad,,House,Bathrooms: 3,Drawing Room,,,,,1,,https://www.zameen.com/Property/pwd_housing_scheme_pwd_housing_society_-_block_c_prime_location_30x70_house_for_sale_in_pwd-54743067-15001-1.html
1.6 Crore,5.6,Marla,Islamabad,,House,2,Drawing Room,,1,,1,3,,https://www.zameen.com/Property/bahria_enclave_the_royal_mall_and_residency_royal_mall_and_residency_2_bed_apartment_1250_square_feet_on_4th_floor_sun_facing_available_for_sale-54404093-10909-1.html
14.8 Crore,1,Kanal,Islamabad,,House,Bathrooms: 6,Servant Quarters: 2,2026,3,2,1,1,,https://www.zameen.com/Property/dha_defence_phase_2_dha_phase_2_-_sector_b_1_kanal_luxury_designer_house_for_sale-54764955-3197-1.html
7.9 Crore,1,Kanal,Islamabad,,House,Bathrooms: 6,Servant Quarters: 2,2025,3,2,1,2,,https://www.zameen.com/Property/dha_defence_dha_defence_phase_2_one_kanal_ultra_luxury_designer_house_for_sale_in_dha_phase_2_islamabad-53738143-339-1.html
2.5 Crore,6,Marla,Islamabad,Korang Town,House,Bathrooms: 4,Drawing Room,2017,1,,,2,,https://www.zameen.com/Property/islamabad_korang_town_6_marla_double_story_for_sale_in_korang_town_safari_block-54803686-445-1.html
23.75 Crore,17.8,Marla,Islamabad,"F-6, Islamabad5517.8 Marla",House,Bathrooms: 6,Servant Quarters: 2,2010,5,2,1,1,,https://www.zameen.com/Property/islamabad_f-6_f-6_prime_location_house_for_sale_reasonable_price-51391714-164-1.html
2.9 Crore,5,Marla,Islamabad,,House,Bathrooms: 4,Servant Quarters: 1,2025,1,1,1,1,,https://www.zameen.com/Property/bahria_enclave_bahria_enclave_-_sector_h_5_marla_house_for_sale_in_sector_h_bahria_enclave_islamabad-54812423-11983-1.html
7.9 Crore,1,Kanal,Islamabad,"DHA PHASE 2 Islamabad
 *House Detai...more",House,Bathrooms: 6,Servant Quarters: 1,2026,3,1,1,1,,https://www.zameen.com/Property/dha_defence_dha_defence_phase_2_western_design_1_kanal_brand_new_designer_house_ready_for_sale_in_dha_defence_phase_2_islamabad-54246273-339-1.html
7.5 Crore,1,Kanal,Islamabad,Top City 1,House,Bathrooms: 6,Servant Quarters: 1,2025,2,1,1,2,,https://www.zameen.com/Property/islamabad_top_city_1_stunning_and_affordable_house_available_for_sale_in_top_city_1-52838150-1383-1.html
3.7 Crore,5,Marla,Islamabad,,House,Bathrooms: 4,Servant Quarters: 1,2026,1,1,1,2,,https://www.zameen.com/Property/dha_defence_phase_5_dha_phase_5_-_sector_f_dha_phase_5_isb_sector_f_5_marla_brand_new_house_for_sale-54424902-8836-1.html
11.9 Crore,1,Kanal,Islamabad,,House,Bathrooms: 7,Servant Quarters: 2,2025,3,2,2,2,,https://www.zameen.com/Property/dha_defence_dha_defence_phase_2_dha2_one_kanal_owner_built_designer_house-52491800-339-1.html
14.5 Crore,1,Kanal,Islamabad,,House,Bathrooms: 6,Servant Quarters: 2,2025,3,2,2,2,,https://www.zameen.com/Property/dha_defence_dha_defence_phase_2_dha_2_one_kanal_brand_new_designer_house_south_face_house-52501850-339-1.html
12.9 Crore,1,Kanal,Islamabad,,House,Bathrooms: 7,Servant Quarters: 2,2025,3,2,2,2,,https://www.zameen.com/Property/dha_defence_dha_defence_phase_2_one_kanal_brand_new_designer_full_furnished_house_prime_location_of_dha_2-52505467-339-1.html
10.9 Crore,1,Kanal,Islamabad,,House,Bathrooms: 8,Servant Quarters: 2,2025,3,2,2,2,,https://www.zameen.com/Property/dha_defence_dha_defence_phase_2_dha2_one_kanal_brand_new_designer_house-52509741-339-1.html
10.9 Crore,1,Kanal,Islamabad,,House,Bathrooms: 8,Servant Quarters: 2,2024,3,2,2,2,,https://www.zameen.com/Property/dha_defence_dha_defence_phase_2_dha_2_one_kanal_brand_new_designer_house-52508537-339-1.html
12.1 Crore,10,Marla,Islamabad,,House,Bathrooms: 7,Servant Quarters: 1,,2,1,1,2,,https://www.zameen.com/Property/d_12_d-12_4_prime_location_d-12_4_house_sized_10_marla_is_for_sale-53763427-3157-1.html
4.95 Crore,10,Marla,Islamabad,,House,Bathrooms: 7,Servant Quarters: 1,2026,2,1,,1,2,https://www.zameen.com/Property/b_17_mpchs_-_multi_gardens_10_marla_brand_new_double_storey_double_unit_luxury_house_for_sale_in_multi_gardens_b-17_islamabad_block_f-54643428-3115-1.html
5.8 Crore,6.7,Marla,Islamabad,,House,,,,,,,2,2,https://www.zameen.com/Property/i_10_i-10_2_brand_new_25x60_6_marla_1500_sqft_house_for_sale_in_i-10_2_islamabad_prime_location-54815811-3421-1.html
15 Crore,1,Kanal,Islamabad,,House,Bathrooms: 5,Servant Quarters: 2,2026,4,2,1,2,,https://www.zameen.com/Property/dha_defence_dha_defence_phase_2_1_kanal_brand_new_designer_house_for_sale_in_dha_phase_2_islamabad-54323212-339-1.html
4.65 Crore,11,Marla,Islamabad,DHA Emaar Islamabad: 11-Marla 'Back...more,House,Bathrooms: 3,Servant Quarters,2015,Double Glazed Windows,Drawing Room,Steam Room,2,,https://www.zameen.com/Property/emaar_canyon_views_emaar_canyon_views_-_alma_1_block_dha_emaar_islamabad_11_marla_back-open_villa-54747678-16773-1.html
13.5 Crore,1,Kanal,Islamabad,E-11,House,Bathrooms: 5,Servant Quarters: 1,,4,1,Lounge or Sitting Room,2,,https://www.zameen.com/Property/islamabad_e-11_most_beautiful_location_house_for_sale-54679131-329-1.html
49 Crore,3.3,Kanal,Islamabad,,House,Bathrooms: 6,Servant Quarters: 5,2000,10,5,Steam Room,2,,https://www.zameen.com/Property/g_6_g-6_3_g-6_3_old_house_for_sale_near_main_embassy_road_dead_end_street-49203593-3364-1.html
11.25 Crore,1,Kanal,Islamabad,,House,5,Servant Quarters: 1,2026,2,1,2,2,,https://www.zameen.com/Property/dha_defence_phase_5_dha_phase_5_-_sector_c_5_bedroom_brand_new_designer_house_for_sale_in_sector_c_dha_phase_5_islamabad-54821913-8402-1.html
23 Crore,1.6,Kanal,Islamabad,"F-10, Islamabad661.6 Kanal",House,Bathrooms: 11,Servant Quarters: 3,2015,6,3,3,3,,https://www.zameen.com/Property/islamabad_f-10_f_10_house_available_800_square_yards_back_open_close_and_street-54063983-162-1.html
30 Crore,2,Kanal,Islamabad,F-10,House,Bathrooms: 12,Servant Quarters: 2,2005,8,2,2,2,,https://www.zameen.com/Property/islamabad_f-10_f_10_house_available_80_120_in_close_and_street-54024259-162-1.html
75 Crore,3.6,Kanal,Islamabad,,House,Bathrooms: 9,Servant Quarters: 2,2000,15,2,2,2,,https://www.zameen.com/Property/f_8_f-8_3_f_8_3_house_available_1777_near_ismail_zebi_service_road_and_near_margla_road-52378030-3316-1.html
12.75 Crore,1,Kanal,Islamabad,,House,Bathrooms: 07,Servant Quarters: 03,2026,03,03,,1,,https://www.zameen.com/Property/dha_defence_dha_defence_phase_2_brand_new_house_for_sale_near_to_masjid_near_to_giga_mall_near_to_aps_school_near_to_contral_park_near_to_famlly_b_park_near_to_nova_care_hosptal-54591855-339-1.html
13.8 Crore,1,Kanal,Islamabad,,House,Bathrooms: 06,Servant Quarters: 02,2024,03,02,,1,,https://www.zameen.com/Property/dha_defence_dha_defence_phase_2_prime_location_houser_near_to_masjid_near_to_control_prak_near_to_giga_mall_near_to_aps_scholl_near_to_comm_near_to_famly_park-54586181-339-1.html
10.9 Crore,1,Kanal,Islamabad,,House,Bathrooms: 6,Servant Quarters: 1,2026,3,1,1,1,,https://www.zameen.com/Property/dha_defence_dha_defence_phase_2_brand_new_1_kanal_elegant_designer_house_ready_for_sale_in_dha_defence_phase_2_islamabad-54288137-339-1.html
7.9 Crore,1,Kanal,Islamabad,"DHA PHASE 2 Islamabad
*House Detail...more",House,Bathrooms: 7,Servant Quarters: 2,2026,4,2,2,2,,https://www.zameen.com/Property/dha_defence_dha_defence_phase_2_double_unit_corner_house_1_kanal_brand_new_designer_house_ready_for_sale_in_dha_defence_phase_2_islamabad-54368716-339-1.html
3.5 Crore,7.3,Marla,Islamabad,,House,2,Servant Quarters,2014,Lobby in Building,Drawing Room,Steam Room,Study Room,,https://www.zameen.com/Property/g_11_3_warda_hamna_residencia_3_g-11_3_warda_hamna_investor_price_2_bed_apartment_available_for_sale-52827185-11863-1.html
3.35 Crore,7.3,Marla,Islamabad,,House,2,Servant Quarters: 1,2023,1,1,1,1,,https://www.zameen.com/Property/g_11_g-11_3_luxury_2_bedroom_apartment_available_for_sale_investor_price_in_the_arch-52143760-3332-1.html
3.55 Crore,9.4,Marla,Islamabad,,House,2,Drawing Room,2012,1,,1,1,,https://www.zameen.com/Property/f_11_f-11_markaz_f-11_markaz_luxury_2_bedroom_apartment_available_for_sale_investor_price-52462690-3286-1.html
8.75 Crore,8,Marla,Islamabad,D-12,House,Bathrooms: 4,Servant Quarters: 1,2025,1,1,1,2,,https://www.zameen.com/Property/islamabad_d-12_brand_new_8_marla_luxury_beautiful_double_storey_house_for_sale_located_d-12_islamabad-53080252-160-1.html
17 Crore,5,Kanal,Islamabad,,House,Bathrooms: 10,Servant Quarters: 2,2026,10,2,Steam Room,2,,https://www.zameen.com/Property/gulberg_gulberg_greens_gulberg_green_islamabad_d_block_5_kanal_ultra-designer_farmhouse_grey_structure_available_for_sale-54824566-8312-1.html
4 Crore,10,Marla,Islamabad,,House,,,,,,,,,https://www.zameen.com/Property/soan_garden_soan_garden_-_block_b_10_marla_like_a_brand_new_house_for_sale_in_soan_garden_block_b_islamabad-54100032-3492-1.html
3.85 Crore,7,Marla,Islamabad,,House,Bathrooms: 4,Drawing Room,2026,1,,,2,,https://www.zameen.com/Property/jinnah_gardens_jinnah_gardens_phase_1_jinnah_gardens_phase_1_house_sized_7_marla_is_available-54576805-1421-1.html
7 Crore,10,Marla,Islamabad,"DHA PHASE 2 Islamabad
*House Detail...more",House,Bathrooms: 6,Servant Quarters: 2,2026,2,2,2,2,,https://www.zameen.com/Property/dha_defence_dha_defence_phase_2_elegant_design_10_marla_designer_house_ready_for_sale_in_dha_defence_phase_2_islamabad-54727457-339-1.html
11 Crore,1,Kanal,Islamabad,"DHA PHASE 2 Islamabad
*House Detail...more",House,Bathrooms: 6,Servant Quarters: 2,2026,4,2,2,2,,https://www.zameen.com/Property/dha_defence_dha_defence_phase_2_contemporary_style_1_kanal_designer_house_ready_for_sale_in_dha_defence_phase_2_islamabad-54739358-339-1.html
11.22 Crore,1,Kanal,Islamabad,"DHA PHASE 2 Islamabad
*House Detail...more",House,Bathrooms: 6,Servant Quarters: 2,2026,3,2,2,2,,https://www.zameen.com/Property/dha_defence_dha_defence_phase_2_contemporary_style_1_kanal_designer_house_ready_for_sale_in_dha_defence_phase_2_islamabad-54735280-339-1.html
9.9 Crore,1,Kanal,Islamabad,"DHA PHASE 2 Islamabad
*House Detail...more",House,Bathrooms: 6,Servant Quarters: 2,2026,4,2,1,2,,https://www.zameen.com/Property/dha_defence_dha_defence_phase_2_western_design_1_kanal_brand_new_designer_house_ready_for_sale_in_dha_defense_phase_2_islamabad-54504222-339-1.html
11.5 Crore,10,Marla,Islamabad,D-12,House,Bathrooms: 6,Servant Quarters: 1,2026,2,1,,2,,https://www.zameen.com/Property/islamabad_d-12_prime_location_house_for_sale_in_d-12-54502841-160-1.html
20 Crore,1,Kanal,Islamabad,E-11,House,Bathrooms: 8,Servant Quarters: 2,,3,2,1,2,,https://www.zameen.com/Property/islamabad_e-11_beautiful_location_park_face_house_for_sale-54390357-329-1.html
5.15 Crore,10,Marla,Islamabad,Airport: 2 mins drive to Islamabad...more,House,Bathrooms: 7,Servant Quarters: 1,2026,2,1,1,2,,https://www.zameen.com/Property/top_city_1_top_city_1_-_block_a_brand_new_modern_design_10_marla_house_for_sale_in_top_city_1_islamabad-54741564-9231-1.html
4 Crore,7,Marla,Islamabad,,House,,,2025,2,,,,,https://www.zameen.com/Property/mpchs_multi_gardens_mpchs_-_block_e_double_basement_house_for_sale-54461739-3120-1.html
14.5 Crore,1,Kanal,Islamabad,,House,Bathrooms: 6,Servant Quarters: 2,2026,3,2,2,2,,https://www.zameen.com/Property/dha_defence_dha_defence_phase_2_top_of_the_line_brand_new_triple_storey_house_1_kanal_dha_phase_2_islamabad-54240717-339-1.html
9 Crore,4,Kanal,Islamabad,,House,Bathrooms: 6,Servant Quarters: 1,2024,Double Glazed Windows,1,2,2,,https://www.zameen.com/Property/gulberg_greens_gulberg_greens_-_block_c_4_kanal_farm_house_for_sale_at_prime_location_in_gulberg_greens_islamabad-52531533-8315-1.html
9 Crore,10.9,Marla,Islamabad,,House,Bathrooms: 7,Servant Quarters: 1,,1,1,1,1,,https://www.zameen.com/Property/g_13_g-13_1_get_your_dream_house_in_g-13_1_islamabad-52113994-3337-1.html
26.5 Crore,1,Kanal,Islamabad,G 11 Islamabad Brand New Designer H...more,House,Bathrooms: 8,Servant Quarters: 2,2026,4,2,2,2,,https://www.zameen.com/Property/g_11_g-11_3_g_11_islamabad_brand_new_designer_house_double_story_double_on_main_50_feet_road_size_50x90_very_ideal_location_solid_construction_very_near_to_park-53490445-3332-1.html
20.75 Crore,1,Kanal,Islamabad,,House,,,,,,,2,,https://www.zameen.com/Property/g_14_g-14_4_g_14_4_islamabad_brand_new_house_60x100_for_exactly_666_sq_yard_for_sale_designer_guild_seen_is_believing_all_original_pics_attached-53490421-3346-1.html
5.4 Crore,4,Marla,Islamabad,D-12,House,,,,,,,,,https://www.zameen.com/Property/islamabad_d-12_a_4_marla_house_in_d-12_is_on_the_market_for_sale-54793723-160-1.html
12.8 Crore,1,Kanal,Islamabad,,House,Bathrooms: 06,Servant Quarters: 02,2026,03,02,,1,,https://www.zameen.com/Property/dha_defence_dha_defence_phase_5_prime_loaction_near_to_masjid-54706966-10991-1.html
14 Crore,1.1,Kanal,Islamabad,,House,Bathrooms: 7,Servant Quarters: 2,2024,4,2,1,2,,https://www.zameen.com/Property/dha_defence_phase_1_dha_phase_1_-_sector_f_classic_design_house_for_sale_in_dha-1_sector_f-52982350-8226-1.html
4.3 Crore,7.8,Marla,Islamabad,,House,2,Drawing Room,2025,1,,1,,,https://www.zameen.com/Property/g_11_markaz_warda_hamna_residencia_warda_hamna_4_luxury_2_bedroom_apartment_available_for_sale_investor_price_in_g_11_3-54538274-22209-1.html
8.85 Crore,1.2,Kanal,Islamabad,"Naval Anchorage, Islamabad761.2 Kanal",House,Bathrooms: 6,Servant Quarters: 2,2023,3,2,2,2,2,https://www.zameen.com/Property/islamabad_naval_anchorage_beautiful_corner_house_extra_land_paid-45535210-375-1.html
8.75 Crore,1,Kanal,Islamabad,Naval Anchorage,House,Bathrooms: 7,Servant Quarters: 1,2026,2,1,1,2,,https://www.zameen.com/Property/islamabad_naval_anchorage_south_face_brand_new_house-54513040-375-1.html
1.85 Crore,8,Marla,Islamabad,Naval Anchorage,House,Bathrooms: 2,Dining Room,2026,1,,,1,,https://www.zameen.com/Property/islamabad_naval_anchorage_luxury_flats_brand_new_up_for_sale-54548808-375-1.html
1.25 Crore,2.2,Marla,Islamabad,"Naval Anchorage, Islamabad12.2 Marla",House,1,,2026,1,,,,,https://www.zameen.com/Property/islamabad_naval_anchorage_beautiful_studio_apartment-54548838-375-1.html
7.65 Crore,10,Marla,Islamabad,,House,Bathrooms: 6,Servant Quarters: 2,2020,,2,2,2,,https://www.zameen.com/Property/dha_defence_phase_2_dha_phase_2_-_sector_f_house_for_sale-54661919-3201-1.html
4.5 Crore,13,Marla,Islamabad,,House,Bathrooms: 4,Servant Quarters: 1,2016,2,1,1,1,,https://www.zameen.com/Property/dha_defence_phase_1_dha_phase_1_-_sector_f_14_marla_corner_villa_for_sale_in_prime_location_of_dha_1_sector_f-53080051-8226-1.html
12.5 Crore,1,Kanal,Islamabad,,House,Bathrooms: 6,Drawing Room,,,,,1,,https://www.zameen.com/Property/dha_defence_phase_2_dha_phase_2_-_sector_b_prominently-located_corner_1_kanal_brand_new_owner_built_house_available_in_dha_phase_2_-_sector_b-54178922-3197-1.html
6.25 Crore,10,Marla,Islamabad,,House,Bathrooms: 6,Drawing Room,,,,,,,https://www.zameen.com/Property/dha_defence_phase_2_dha_phase_2_-_sector_j_prime_location_house_of_10_marla_in_dha_phase_2_-_sector_j_for_sale-54178921-8399-1.html
3.5 Crore,10,Marla,Islamabad,,House,,,,,,,,,https://www.zameen.com/Property/awt_awt_-_block_d_10_marla_double_unit_house_available_for_sale_in_awt_block_d_d-18_islamabad-54563792-3170-1.html
3.45 Crore,8,Marla,Islamabad,,House,Bathrooms: 6,Servant Quarters: 1,2026,2,1,2,2,,https://www.zameen.com/Property/jinnah_gardens_jinnah_gardens_phase_1_brand_new_double_storey_house_in_jinnah_garden_phase_1_islamabad-52149182-1421-1.html
3.25 Crore,7,Marla,Islamabad,,House,Bathrooms: 7,Servant Quarters: 1,2026,2,1,2,2,,https://www.zameen.com/Property/jinnah_gardens_jinnah_gardens_phase_1_brand_new_double_storey_7_marla_house_in_jinnah_garden_phase_1_islamabad-52621541-1421-1.html
4.7 Crore,10,Marla,Islamabad,National Police Foundation O-9,House,Bathrooms: 7,Servant Quarters: 1,2026,2,1,,2,,https://www.zameen.com/Property/islamabad_national_police_foundation_o-9_brand_new_modern_designed_house_in_national_police_foundation_islamabad-54824429-331-1.html
2.45 Crore,5,Marla,Islamabad,,House,,,2025,1,,,,,https://www.zameen.com/Property/park_view_city_park_view_city_-_overseas_block_5_marla_double_unit_dead-end_house_for_sale_park_view_city_overseas_a-54819049-19666-1.html
14 Crore,9.8,Marla,Islamabad,,House,Bathrooms: 3,Drawing Room,,1,,1,1,,https://www.zameen.com/Property/f_8_the_centaurus_luxury_2-bed_apartment_with_maid_room_for_sale_in_the_centaurus_islamabad-54804842-8349-1.html
6.95 Crore,15,Marla,Islamabad,,House,Bathrooms: 6,Servant Quarters: 1,2026,2,1,1,2,,https://www.zameen.com/Property/dha_defence_dha_defence_phase_3_15_marla_brand_new_designer_house_available_for_sale_dummy_pictures-54745888-8412-1.html
9.75 Crore,10,Marla,Islamabad,F-11,House,,,,,,,,,https://www.zameen.com/Property/islamabad_f-11_investors_should_sale_this_house_located_ideally_in_f-11-54546284-163-1.html
9 Crore,1,Kanal,Islamabad,,House,Bathrooms: 7,Servant Quarters: 1,,,1,,1,,https://www.zameen.com/Property/top_city_1_top_city_1_-_block_b_a_great_choice_for_a_1_kanal_house_available_in_top_city_1_-_block_b-53885952-9230-1.html
95 Lakh,3.6,Marla,Islamabad,,House,Bathrooms: 2,Drawing Room,,,,,1,,https://www.zameen.com/Property/bahria_enclave_bahria_enclave_-_sector_g_a_811_square_feet_flat_located_in_bahria_enclave_-_sector_g_is_available_for_sale-54785530-11984-1.html
42 Crore,2,Kanal,Islamabad,,House,7,7,2000,4,2,,2,,https://www.zameen.com/Property/f_10_f-10_1_f_10-1_main_road_house_for_sale-54775592-3276-1.html
8.5 Crore,15,Marla,Islamabad,Faisal Town - F-18,House,Bathrooms: 7,Servant Quarters: 1,2026,4,1,1,3,,https://www.zameen.com/Property/islamabad_faisal_town_-_f-18_corner_with_5_marla_extra_land-54606954-8260-1.html
1.45 Crore,5,Marla,Islamabad,Bani Gala,House,Bathrooms: 9,Servant Quarters: 2,2015,6,2,1,3,,https://www.zameen.com/Property/islamabad_bani_gala_5_marla_1_5_story_house_demand_1_45_coror_electricity_water_registry_intkal_tahir_khan-52434629-340-1.html
1.75 Crore,4.8,Marla,Islamabad,,House,2,Drawing Room,2026,1,,1,1,,https://www.zameen.com/Property/g_15_zarkon_heights_2_bed_luxury_apartment_available_for_sale_in_zarkon_heights_g-15_islamabad-54798792-10169-1.html
59 Lakh,5.4,Marla,Islamabad,"F-17, Islamabad335.4 Marla",House,3,Servant Quarters: 1,2017,2,1,1,1,,https://www.zameen.com/Property/islamabad_f-17_3_bed_ready_to_move_flat_for_sale_in_multi_f-17_islamabad_all_facility_available_cda_pproved_sector_mpchs-54506213-335-1.html
6.95 Crore,1,Kanal,Islamabad,F-17,House,Bathrooms: 7,Servant Quarters: 1,2024,1,1,2,2,,https://www.zameen.com/Property/islamabad_f-17_1_kanal_corner_house_for_sale_in_multi_f-17_islamabad_all_facility_available_cda_pproved_sector_mpchs-54676083-335-1.html
49.5 Lakh,2.1,Marla,Islamabad,,House,1,Drawing Room,2025,Lobby in Building,,,1,,https://www.zameen.com/Property/b_17_mpchs_-_multi_gardens_1_bed_apartment_for_sale_in_green_heights_multi_garden_b17_islamabad-54693470-3115-1.html
13.25 Crore,1,Kanal,Islamabad,,House,Bathrooms: 7,Servant Quarters: 2,2026,4,2,2,2,,https://www.zameen.com/Property/dha_defence_dha_defence_phase_2_elegant_designer_corner_house_for_sale_1_kanal_dha_phase_2_block_b-54787300-339-1.html
6.8 Crore,10,Marla,Islamabad,,House,Bathrooms: 6,Servant Quarters: 1,2026,1,1,,2,1,https://www.zameen.com/Property/mpchs_multi_gardens_mpchs_-_block_c_10_marla_designer_house_for_sale-54792651-3118-1.html
6.25 Crore,1,Kanal,Islamabad,,House,,,2026,3,,,,,https://www.zameen.com/Property/dha_defence_dha_defence_phase_2_eye_catching_designer_house_for_sale_at_dha_phase_ii_islamabad-54751021-339-1.html
3.4 Crore,8,Marla,Islamabad,Mumtaz City,House,Bathrooms: 6,Servant Quarters: 1,2026,2,1,1,2,,https://www.zameen.com/Property/islamabad_mumtaz_city_8mrla_brand_new_house_for_sale_in_mumtaaz_city_islamabad_near_new_airport-54824186-3464-1.html
3 Crore,5,Marla,Islamabad,,House,Bathrooms: 5,Servant Quarters: 1,,,1,1,2,,https://www.zameen.com/Property/i_14_i-14_3_i-14-3_5marla_house_for_sale-54449784-8342-1.html
3 Crore,5,Marla,Islamabad,,House,11,Servant Quarters: 1,2026,1,1,1,3,,https://www.zameen.com/Property/faisal_hills_faisal_hills_-_block_a_faisal_hills_a_block_triple_story_house_for_sale_basement_ground_first_floor_11_bedrooms-54824413-12655-1.html
8.5 Crore,8.7,Marla,Islamabad,,House,Bathrooms: 3,Servant Quarters: 1,2024,1,1,1,1,,https://www.zameen.com/Property/f_10_sukh_chayn_residence_brand_new_project_2024_sukh_chayn_f-10_front_of_f-9_park_attached_with_f-10_markaz_all_life_facilities_available-51924761-13589-1.html
6.25 Crore,13.8,Marla,Islamabad,"F-11, Islamabad3313.8 Marla",House,3,Servant Quarters: 1,,2,1,1,1,,https://www.zameen.com/Property/islamabad_f-11_3bed_flat_available_for_sale_sector_f11_islamabad-54824407-163-1.html
4.2 Crore,7,Marla,Islamabad,,House,Bathrooms: 5,Servant Quarters: 1,2026,2,1,1,2,,https://www.zameen.com/Property/mpchs_multi_gardens_mpchs_-_block_f_b-17_f_block_3060_designer_double_unit_house_for_sale_luxury_modern_design-54824400-8527-1.html
1.73 Crore,6.4,Marla,Islamabad,,House,2,Drawing Room,2022,1,,,1,,https://www.zameen.com/Property/bahria_enclave_the_royal_mall_and_residency_2_bedroom_sun_facing_mian_avenue_facing_apartment_up_for_sale_good_rental_value-54661922-10909-1.html
12 Crore,1,Kanal,Islamabad,,House,,,,,,,,,https://www.zameen.com/Property/bahria_enclave_bahria_enclave_-_sector_c_1_kanal_ideal_location_solid_constructed_designer_house_up_for_sale-54618498-11973-1.html
5.3 Crore,10,Marla,Islamabad,,House,Bathrooms: 6,Servant Quarters: 1,2026,2,1,,2,,https://www.zameen.com/Property/bahria_enclave_bahria_enclave_-_sector_f_10_marla_designer_brand_new_house_smart_entry_with_stunning_hills_view-54455452-11985-1.html
99 Lakh,2.4,Marla,Islamabad,,House,,,,,,,,,https://www.zameen.com/Property/gulberg_gulberg_greens_537_sq_ft_apartment_for_sale_in_gulberg_greens_islamabad_prime_location_ideal_for_living_investment-54816656-8312-1.html
5.25 Crore,10,Marla,Islamabad,B-17,House,Bathrooms: 2,Servant Quarters: 1,2026,Flooring,1,,,2,https://www.zameen.com/Property/islamabad_b-17_double_height_sun_face_10_marla_house_5_25_cr_-_block_c1_sector_b17_islamabad-54818992-616-1.html
4.95 Crore,8,Marla,Islamabad,,House,,,,,,,,,https://www.zameen.com/Property/park_view_city_park_view_city_-_downtown_block_hill_view_apartment_main_downtown_d-35_ozan_height_near_to_second_cup_coffee-54555314-20871-1.html
3.5 Crore,12.9,Marla,Islamabad,,House,Bathrooms: 5,Servant Quarters: 1,2026,1,1,1,1,,https://www.zameen.com/Property/dha_defence_phase_5_askari_heights_5_best_investment_ready_to_move_four_bedrooms_apartment_available_for_sale-54705652-22450-1.html
3.5 Crore,5,Marla,Islamabad,"Park View City, IslamabadInstallmentsPKR20 Lakh/month5 Marla",House,,,,,,,,,https://www.zameen.com/Property/islamabad_park_view_city_house_for_sale_on_easy_installments_plan-54786834-10933-1.html
11.5 Crore,1,Kanal,Islamabad,,House,Bathrooms: 7,Drawing Room,,,,,2,,https://www.zameen.com/Property/dha_defence_phase_5_dha_phase_5_-_sector_a_ready_to_sale_a_prime_location_house_1_kanal_in_dha_phase_5_-_sector_a_islamabad-54785188-8400-1.html
6.5 Crore,10,Marla,Islamabad,,House,Bathrooms: 7,Drawing Room,,,,,,,https://www.zameen.com/Property/dha_defence_dha_defence_phase_5_brand_new_house_very_good_location_dha_5-54814362-10991-1.html
3.75 Crore,6.6,Marla,Islamabad,,House,2,Servant Quarters: 2,2022,5,2,2,1,,https://www.zameen.com/Property/gt_road_zeta-1_mall_2_bed_furnished_flat_for_sale-53549186-16699-1.html
4 Crore,7,Marla,Islamabad,,House,Bathrooms: 7,Servant Quarters: 1,2026,2,1,1,2,,https://www.zameen.com/Property/fechs_jinnah_gardens_brand_new_modern_designed_cda_lop_clear_house_in_jinnah_garden_phase_1_islamabad-53960299-1420-1.html
7.25 Crore,14,Marla,Islamabad,Emaar Canyon Views,House,5,Servant Quarters: 1,2026,,1,2,2,,https://www.zameen.com/Property/islamabad_emaar_canyon_views_brand_new_14_marla_5_bedroom_single_unit_house_emaar_dha_5_sector_e_islamabad-54821062-8370-1.html
1.73 Crore,3.7,Marla,Islamabad,,House,,,,,,,,,https://www.zameen.com/Property/dha_defence_dha_defence_phase_2_amaltas_heights_luxury_apartments_duplexes_in_dha_phase_2_islamabad-53984485-339-1.html
7.8 Crore,1,Kanal,Islamabad,"DHA PHASE 2 Islamabad
*House Detail...more",House,Bathrooms: 6,Servant Quarters: 2,2026,4,2,2,2,,https://www.zameen.com/Property/dha_defence_dha_defence_phase_2_fully_furnished_1_kanal_designer_house_ready_for_sale_in_dha_defence_phase_2_islamabad-54727557-339-1.html
11.75 Crore,2,Kanal,Islamabad,,House,,,2026,,,,,,https://www.zameen.com/Property/dha_defence_dha_defence_phase_2_2_kanal_well_designed_beautiful_brand_new_house_of_1_kanal_construction_and_1_plot-54685955-339-1.html
13.25 Crore,1,Kanal,Islamabad,,House,Bathrooms: 7,Servant Quarters: 2,2026,3,2,3,1,,https://www.zameen.com/Property/dha_defence_phase_2_dha_phase_2_-_sector_e_brand_new_luxury_and_designer_house_available_for_sale-54748696-3200-1.html
7.75 Crore,10,Marla,Islamabad,,House,Bathrooms: 4,Servant Quarters: 2,2026,2,2,1,2,,https://www.zameen.com/Property/dha_defence_phase_2_dha_phase_2_-_sector_e_10_marla_brand_new_designer_house_close_to_central_park-54748814-3200-1.html
14.5 Crore,14,Marla,Islamabad,D-12,House,Bathrooms: 6,Servant Quarters: 1,2026,3,1,1,2,,https://www.zameen.com/Property/islamabad_d-12_40x80_brand_new_house_for_sale-53838398-160-1.html
10.8 Crore,1,Kanal,Islamabad,B-17,House,Bathrooms: 9,Servant Quarters: 2,,Flooring,2,Lounge or Sitting Room,2,,https://www.zameen.com/Property/islamabad_b-17_1_kanal_house_with_chinese_tenants_is_for_sale_in_b-17_islamabad-54808737-616-1.html
3.8 Crore,8,Marla,Islamabad,,House,Bathrooms: 5,Servant Quarters: 1,2026,2,1,1,2,,https://www.zameen.com/Property/mpchs_multi_gardens_mpchs_-_block_e_b-17_e_block_8_marla_luxury_designer_double_unit_house_for_sale_premium_construction-54824378-3120-1.html
4.8 Crore,10,Marla,Islamabad,Soan Garden,House,Bathrooms: 10,Drawing Room,2020,5,,,4,,https://www.zameen.com/Property/islamabad_soan_garden_soan_garden_phase_1_beautiful_bungalow_available_for_sale-54232292-338-1.html
3.25 Crore,5,Marla,Islamabad,,House,Bathrooms: 4,Servant Quarters: 1,2026,1,1,1,1,,https://www.zameen.com/Property/b_17_faisal_margalla_city_faisal_margalla_city_5_marla_single_unit_house_for_sale_a_construction-54824355-13424-1.html
60 Crore,2.5,Kanal,Islamabad,"PKR60 CroreF-6, Islamabad562.5 KanalF-6 House For Sale**Estate Eleven Presents:** 
 *The...moreAdded: 12 hours ago",House,Bathrooms: 6,Servant Quarters: 2,,4,2,2,2,,https://www.zameen.com/Property/islamabad_f-6_f-6_house_for_sale-53612738-164-1.html
1,2.2,Kanal,Islamabad,"F-6, Islamabad72.2 Kanal",House,Bathrooms: 7,Servant Quarters: 2,2025,2,2,2,3,,https://www.zameen.com/Property/islamabad_f-6_f-6_house_for_sale_brand_new_architecture_design_house-53612670-164-1.html
26 Crore,1.2,Kanal,Islamabad,"F-8, Islamabad561.2 Kanal",House,Bathrooms: 6,Servant Quarters: 2,2020,4,2,2,2,,https://www.zameen.com/Property/islamabad_f-8_f-8_corner_old_house_for_sale-53608969-166-1.html
72 Crore,4,Kanal,Islamabad,PKR72 CroreF-8F-8 House For SaleEstate Eleven offering this 04 kana...moreAdded: 12 hours ago,House,Bathrooms: 6,Servant Quarters: 2,2020,2,2,Steam Room,2,,https://www.zameen.com/Property/islamabad_f-8_f-8_house_for_sale-53588893-166-1.html
28 Crore,1,Kanal,Islamabad,PKR28 CroreF-7F-7/2 House For SaleEstate Eleven offering ideal house...moreAdded: 12 hours ago,House,Bathrooms: 6,Servant Quarters: 2,2020,2,2,,2,,https://www.zameen.com/Property/islamabad_f-7_f-7_2_house_for_sale-53580797-165-1.html
1.25 Crore,4.2,Marla,Islamabad,"F-17, Islamabad224.2 Marla",House,2,Servant Quarters,2024,2,Drawing Room,Steam Room,1,,https://www.zameen.com/Property/islamabad_f-17_2_bed_luxury_unfurnished_apartment_available_for_sale_4tht_floor_all_facilities_available-54140270-335-1.html
1.21 Crore,3.3,Marla,Islamabad,,House,Bathrooms: 1,Servant Quarters: 1,2026,1,1,1,1,,https://www.zameen.com/Property/b_17_j7_emporium_ideally_located_studio_apartment-53812571-17263-1.html
3.95 Crore,5,Marla,Islamabad,,House,Bathrooms: 5,Servant Quarters: 1,2026,1,1,,2,,https://www.zameen.com/Property/dha_defence_phase_5_dha_phase_5_-_sector_f_south_face_5_marla_designer_house_for_sale_dha_phase_5_sector_f_islamabad-54376949-8836-1.html
6.5 Crore,10,Marla,Islamabad,,House,Bathrooms: 6,Servant Quarters: 1,2026,2,1,1,1,6,https://www.zameen.com/Property/dha_defence_dha_defence_phase_5_10_marla_house_in_dha_defence_of_islamabad_is_available_for_sale-54787842-10991-1.html
13.9 Crore,1,Kanal,Islamabad,,House,Bathrooms: 6,Servant Quarters: 2,2026,3,2,2,2,,https://www.zameen.com/Property/dha_defence_dha_defence_phase_2_dha_2_one_kanal_brand_new_corner_house_on_main_boulevard_with_swimming_pool-53966465-339-1.html
2.55 Crore,5,Marla,Islamabad,B-17,House,Bathrooms: 5,Servant Quarters,2026,Double Glazed Windows,Drawing Room,Steam Room,2,,https://www.zameen.com/Property/islamabad_b-17_mpchs_multi_gardens_b-17_islamabad-54817159-616-1.html
2.5 Crore,6.6,Marla,Islamabad,Gulberg Green Islamabad Luxus Mall...more,House,3,Kitchens: 1,2020,1,,1,1,,https://www.zameen.com/Property/gulberg_greens_block_b_luxus_mall_and_residency_3_bedroom_apartments_available_for_sale_luxus_mall-54735517-10572-1.html
1.1 Crore,2.3,Marla,Islamabad,,House,1,,,1,,,,,https://www.zameen.com/Property/gulberg_greens_smama_star_mall_residency_1_bed_full_furnished_apartment_available_for_sale-54140284-11278-1.html
6.5 Crore,1,Kanal,Islamabad,,House,Bathrooms: 6,Drawing Room,2024,3,,1,2,,https://www.zameen.com/Property/bahria_enclave_bahria_enclave_-_sector_a_corner_1_kanal_grey_structure_available_for_sale_sector_a_bahria_enclave_islamabad-54786364-11970-1.html
3.3 Crore,4.4,Marla,Islamabad,,House,,,2016,1,,,,,https://www.zameen.com/Property/g_13_g-13_1_g-13_1_2540_house_for_sale-54820715-3337-1.html
8.6 Crore,1,Kanal,Islamabad,,House,Bathrooms: 6,Servant Quarters: 2,2017,3,2,2,2,,https://www.zameen.com/Property/dha_defence_dha_defence_phase_1_1_kanal_beautiful_house_for_sale_in_dha_phase_1-54748784-376-1.html
1.25 Crore,2.5,Marla,Islamabad,,House,Bathrooms: 1,Drawing Room,2026,Double Glazed Windows,,,1,,https://www.zameen.com/Property/gulberg_gulberg_greens_one_bed_apartment_for_sale_in_gulberg_greens_islamabad-54696400-8312-1.html
2 Crore,3.4,Marla,Islamabad,,House,Bathrooms: 1,Drawing Room,2024,,,,1,,https://www.zameen.com/Property/kashmir_highway_eighteen_1bhk_apartment_fully_fitted_eighteen_by_ora_official_account-54729488-12602-1.html
1.98 Crore,3.6,Marla,Islamabad,,House,Bathrooms: 1,Drawing Room,2023,Lobby in Building,,1,1,,https://www.zameen.com/Property/kashmir_highway_eighteen_eighteen_1bhk_apartment_fully_fitted_official_account-54734834-12602-1.html
6.25 Crore,7.3,Marla,Islamabad,"Diplomatic Enclave, Islamabad227.3 Marla",House,2,Servant Quarters: 1,2017,1,1,1,1,,https://www.zameen.com/Property/islamabad_diplomatic_enclave_diplomatic_enclave_2_bedroom_apartment_modern_furnished_for_sale-51540827-429-1.html
11 Crore,1,Kanal,Islamabad,,House,Bathrooms: 7,Servant Quarters: 2,2026,3,2,1,2,,https://www.zameen.com/Property/dha_defence_dha_defence_phase_2_1_kanal_designer_house_for_sale_in_dha_phase_2_islamabad-54770630-339-1.html
10.5 Crore,1,Kanal,Islamabad,,House,,,2026,3,,2,2,,https://www.zameen.com/Property/dha_defence_dha_defence_phase_2_1_kanal_classical_designer_house_for_sale_in_dha_islamabad-54811953-339-1.html
65 Crore,2.1,Kanal,Islamabad,"F-7, Islamabad562.1 Kanal",House,Bathrooms: 6,Servant Quarters: 2,2020,5,2,2,,,https://www.zameen.com/Property/islamabad_f-7_f-6_house_for_sale_on_most_prime_and_peaceful_location-54629863-165-1.html
2.2 Crore,6,Marla,Islamabad,Korang Town,House,Bathrooms: 2,Servant Quarters: 1,2015,1,1,1,1,,https://www.zameen.com/Property/islamabad_korang_town_6_marla_single_storey_for_sale_in_korang_town_safari_block-54803592-445-1.html
68 Crore,2.5,Kanal,Islamabad,"PKR68 CroreF-7, Islamabad442.5 KanalF-7 Old House For SaleUk Property Advisors and offer a ve...moreAdded: 12 hours ago",House,Bathrooms: 5,Servant Quarters: 1,1981,8,1,1,1,,https://www.zameen.com/Property/islamabad_f-7_f-7_old_house_for_sale-54742531-165-1.html
41 Crore,1.8,Kanal,Islamabad,"PKR41 CroreF-8, Islamabad551.8 KanalF-8 Old House For SaleUk Property Advisors and offer a ve...moreAdded: 12 hours ago",House,Bathrooms: 6,Servant Quarters: 1,1981,6,1,1,1,,https://www.zameen.com/Property/islamabad_f-8_f-8_old_house_for_sale-54744291-166-1.html
34.5 Crore,1,Kanal,Islamabad,PKR34.5 CroreF-7F-7 House For SaleUk Property Advisors and offer a ve...moreAdded: 12 hours ago,House,Bathrooms: 6,Servant Quarters: 2,2010,5,2,1,1,,https://www.zameen.com/Property/islamabad_f-7_f-7_house_for_sale-53372298-165-1.html
53 Crore,1.2,Kanal,Islamabad,"F-7, Islamabad961.2 Kanal",House,Bathrooms: 10,Servant Quarters: 1,2025,5,1,1,4,,https://www.zameen.com/Property/islamabad_f-7_f-7_brand_new_house_for_sale-54723959-165-1.html
2.48 Crore,5,Marla,Islamabad,"House For sale in Islamabad 
Prime...more",House,Bathrooms: 6,Drawing Room,2026,1,,1,7,,https://www.zameen.com/Property/b_17_mpchs_-_multi_gardens_5_marla_brand_new_house_forsle-54742233-3115-1.html
4 Crore,8,Marla,Islamabad,"House For sale in Islamabad 
Prime...more",House,Bathrooms: 6,Servant Quarters: 1,2026,2,1,1,7,,https://www.zameen.com/Property/b_17_mpchs_-_multi_gardens_beautiful_8_marla_house_for_sale_in_mpchs_block_c-54742138-3115-1.html
12.5 Crore,1,Kanal,Islamabad,,House,Bathrooms: 10,Servant Quarters: 2,2025,3,2,2,3,,https://www.zameen.com/Property/dha_defence_phase_2_dha_phase_2_-_sector_b_excellent_triple_unit_house_on_a_very_location_of_dha_2_islamabad_for_in_a_very_reasonable_price-54808332-3197-1.html
11.2 Crore,1,Kanal,Islamabad,,House,Bathrooms: 6,Servant Quarters: 2,2026,2,2,,2,,https://www.zameen.com/Property/dha_defence_dha_defence_phase_2_1_kanal_classic_designer_house_for_sale_in_dha_phase_2_islamabad-54438236-339-1.html
3.45 Crore,12,Marla,Islamabad,,House,3,Servant Quarters: 1,2026,2,1,1,1,,https://www.zameen.com/Property/dha_phase_5_sector_h_askari_heights_4_askari_heights_4_3_bed_luxurious_apartment_for_sale_beautiful_height_view_front_open_view-54605608-21450-1.html
2.45 Crore,5,Marla,Islamabad,,House,Bathrooms: 3,Servant Quarters: 1,2026,1,1,1,1,,https://www.zameen.com/Property/bahria_enclave_bahria_enclave_-_sector_n_sector_n_5_marla_brand_new_corner_house_for_sale_bahria_enclave_islamabad-54689635-11975-1.html
3.25 Crore,12.9,Marla,Islamabad,,House,4,Servant Quarters: 1,2026,1,1,1,1,,https://www.zameen.com/Property/dha_defence_phase_5_askari_heights_5_askari_heights_5_brand_new_apartment_for_sale-54605735-22450-1.html
4.45 Crore,4,Marla,Islamabad,D-12,House,Bathrooms: 5,Servant Quarters: 1,,,1,Lounge or Sitting Room,Study Room,,https://www.zameen.com/Property/islamabad_d-12_prime_location_house_near_markaz_for_sale_on_investor_price_in_sector_d-12_islamabad-54605363-160-1.html
2.6 Crore,5.6,Marla,Islamabad,,House,1,Drawing Room,2011,Lobby in Building,,,Steam Room,,https://www.zameen.com/Property/f_11_f-11_markaz_f-11_corner_one_bedroom_fully_renovated_fully_furnished_apartment_available_for_sale-54524296-3286-1.html
12 Crore,1,Kanal,Islamabad,,House,Bathrooms: 7,Servant Quarters: 1,,2,1,3,2,,https://www.zameen.com/Property/dha_defence_dha_defence_phase_2_dha_2_islmabad_kanal_brand_new_house-54819962-339-1.html
6.2 Crore,12,Marla,Islamabad,,House,Bathrooms: 11,Servant Quarters: 1,2025,3,1,3,3,,https://www.zameen.com/Property/g_16_g-16_3_triple_unit_owner_built_aaa_construction_35x80_excellent_location_house_is_available_for_sale_in_g-16_3_islamabad-54820497-9850-1.html
7.1 Crore,6.7,Marla,Islamabad,,House,,,2025,Double Glazed Windows,,,,,https://www.zameen.com/Property/g_9_g-9_4_beautiful_house_for_sale_location_g9-4_size_30_50-54777561-3387-1.html
1.1 Crore,4.2,Marla,Islamabad,"F-17, Islamabad224.2 Marla",House,2,Servant Quarters: 1,2024,2,1,1,1,,https://www.zameen.com/Property/islamabad_f-17_2_bed_ready_to_move_flat_for_sale_f-17_islamabad_bank_loan_possible_all_facility_available_cda_pproved_sector-54716602-335-1.html
1.99 Crore,8,Marla,Islamabad,F-17,House,Bathrooms: 6,Servant Quarters: 1,2026,1,1,1,2,,https://www.zameen.com/Property/islamabad_f-17_8_marla_grey_structure_house_for_sale_f-17_islamabad_all_facility_available_cda_pproved_sector_mpchs-54447464-335-1.html
8.5 Crore,1,Kanal,Islamabad,Naval Anchorage,House,,,2025,2,,,,,https://www.zameen.com/Property/islamabad_naval_anchorage_main_boulevard_corner_in_naval_anchorage-54500623-375-1.html
7.9 Crore,1,Kanal,Islamabad,,House,5,Servant Quarters: 2,2026,3,2,1,21,,https://www.zameen.com/Property/dha_defence_dha_defence_phase_2_one_kanal_ultra_luxury_designer_house_for_sale_in_dha_phase_2_islamabad-54105282-339-1.html
8.5 Crore,8,Marla,Islamabad,,House,,,,,,,,,https://www.zameen.com/Property/g_10_g-10_2_house_of_1800_square_feet_is_available_for_sale-54777757-3325-1.html
6.95 Crore,10,Marla,Islamabad,,House,Bathrooms: 6,Servant Quarters: 1,2026,2,1,1,2,,https://www.zameen.com/Property/dha_defence_dha_defence_phase_2_10_marla_brand_new_ultra_designer_house_for_sale_dha_2_islamabad-54653099-339-1.html
3.45 Crore,7,Marla,Islamabad,,House,Bathrooms: 4,Servant Quarters: 1,,,1,,2,,https://www.zameen.com/Property/g_15_g-15_1_7_marla_brand_new_house_for_sale_in_g15-54368983-3348-1.html
5.6 Crore,9.5,Marla,Islamabad,,House,Bathrooms: 6,Servant Quarters: 1,2026,2,1,1,2,,https://www.zameen.com/Property/mpchs_multi_gardens_mpchs_-_block_c1_9_5_marla_brand_new_luxury_double_unit_house_for_sale_b-17_c-1_block-54824295-12607-1.html
10.9 Crore,1,Kanal,Islamabad,,House,,,2020,Double Glazed Windows,,,,,https://www.zameen.com/Property/dha_defence_dha_defence_phase_2_your_dream_one_kanal_house_in_islamabad_dha_phase_2-54405797-339-1.html
11.5 Crore,1,Kanal,Islamabad,,House,Bathrooms: 6,Servant Quarters: 1,2026,3,1,1,1,,https://www.zameen.com/Property/dha_defence_dha_defence_phase_2_elegant_design_1_kanal_brand_new_single_unit_house_ready_for_sale_in_dha_defence_phase_2_islamabad-54405802-339-1.html
11.5 Crore,1,Kanal,Islamabad,,House,Bathrooms: 6,Servant Quarters: 1,2026,3,1,1,1,,https://www.zameen.com/Property/dha_defence_dha_defence_phase_2_minimalist_designer_brand_new_house_ready_for_sale_in_dha_defense_phase_2_islamabad-54405807-339-1.html
15 Crore,11.1,Marla,Islamabad,"Karakoram Diplomatic Enclave, Islamabad2311.1 Marla",House,2,Servant Quarters: 1,2018,2,1,,1,,https://www.zameen.com/Property/islamabad_karakoram_diplomatic_enclave_2_bedroom_fully_furnished_apartment_with_servant_quarter_for_sale_in_diplomatic_enclave-54824272-9063-1.html
1.5 Crore,6,Marla,Islamabad,Bani Gala,House,Bathrooms: 3,Drawing Room,,,,,1,,https://www.zameen.com/Property/islamabad_bani_gala_a_6_marla_house_is_up_for_grabs_in_bani_gala-54571848-340-1.html
1.7 Crore,6,Marla,Islamabad,Bani Gala,House,Bathrooms: 4,Drawing Room,,,,,1,,https://www.zameen.com/Property/islamabad_bani_gala_house_for_sale_in_bani_gala-54571846-340-1.html
3.4 Crore,8.9,Marla,Islamabad,"Faisal Hills, IslamabadInstallmentsPKR5.31 Lakh/month228.9 Marla",House,2,Drawing Room,2028,1,,1,1,,https://www.zameen.com/Property/islamabad_faisal_hills_luxury_2_bed_apartment_for_sale_on_instalments-54824267-10859-1.html
3.55 Crore,12,Marla,Islamabad,,House,3,Servant Quarters: 1,2022,1,1,1,1,,https://www.zameen.com/Property/dha_defence_phase_5_askari_tower_3_askari_tower_3_3bed_room_apartment_7th_floor_for_sale-54661248-17434-1.html
22 Crore,2,Kanal,Islamabad,,House,Bathrooms: 6,Servant Quarters: 2,2026,6,2,1,2,,https://www.zameen.com/Property/dha_defence_phase_5_dha_phase_5_-_sector_a_fully_furnished_2_kanal_executive_house_for_sale_in_dha_phase_5_islamabad-54744978-8400-1.html
2.45 Crore,6.7,Marla,Islamabad,,House,,,2026,,,,,,https://www.zameen.com/Property/dha_defence_dha_defence_phase_2_premium_apartment_in_imarat_downtown_islamabad_expressway-54792433-339-1.html
12.75 Crore,12.4,Marla,Islamabad,,House,Bathrooms: 5,Servant Quarters: 2,2010,3,2,1,2,,https://www.zameen.com/Property/i_8_i-8_2_beautiful_renovated_35x80_double_storey_in_i-8_2-54743605-3442-1.html
10.5 Crore,1,Kanal,Islamabad,,House,,,0000,,,,,,https://www.zameen.com/Property/dha_defence_phase_5_dha_phase_5_-_sector_d_get_in_touch_now_to_buy_a_house_in_dha_phase_5_-_sector_d-54748962-8403-1.html
5.25 Crore,5.6,Marla,Islamabad,Real estate in Islamabad is booming...more,House,,,,,,,,,https://www.zameen.com/Property/g_10_g-10_4_house_1250_square_feet_for_sale_in_g-10_4-54777816-3327-1.html
11.5 Crore,10,Marla,Islamabad,D-12,House,,,,,,,,,https://www.zameen.com/Property/islamabad_d-12_a_house_at_affordable_price_awaits_you-54763144-160-1.html
12 Crore,14,Marla,Islamabad,G-13,House,,,,,,,,,https://www.zameen.com/Property/islamabad_g-13_g-13_40x80_brand_new_double_story_house_available_for_sale-54791546-330-1.html
6.75 Crore,10,Marla,Islamabad,Faisal Town - F-18,House,Bathrooms: 8,Servant Quarters: 1,2026,2,1,1,2,,https://www.zameen.com/Property/islamabad_faisal_town_-_f-18_luxury_furnished_10_marla_house_all_amenities_available-54703306-8260-1.html
7.25 Crore,14,Marla,Islamabad,Emaar Canyon Views,House,5,Servant Quarters: 1,,2,1,2,1,,https://www.zameen.com/Property/islamabad_emaar_canyon_views_emaar_canyon_views_brand_new_5_bedroom_modern_house_for_sale_dha_5_sector_e_islamabad-54474252-8370-1.html
3.3 Crore,6.4,Marla,Islamabad,,House,2,,,,,,,,https://www.zameen.com/Property/g_11_g-11_3_ideally_located_flat_for_sale_in_g-11_3_available-54699651-3332-1.html
5.95 Crore,5,Marla,Islamabad,I-9,House,Bathrooms: 5,Servant Quarters: 1,2026,Flooring,1,,2,,https://www.zameen.com/Property/islamabad_i-9_5_marla_house_available_for_sale_in_i-9_1-54706448-175-1.html
6 Crore,12,Marla,Islamabad,G-15,House,Bathrooms: 7,Servant Quarters: 1,,2,1,,2,,https://www.zameen.com/Property/islamabad_g-15_12_marla_brand_new_spacious_house_available_for_sale_in_g15-54533410-764-1.html
6 Crore,10,Marla,Islamabad,,House,Bathrooms: 7,Servant Quarters: 1,2026,3,1,,2,,https://www.zameen.com/Property/bahria_enclave_bahria_enclave_-_sector_c2_10_marla_brand_new_beautiful_design_brand_new_house_available_for_sale_just_30_scnd_drive_from_the_main_entrance-54823812-11988-1.html
6 Crore,10,Marla,Islamabad,,House,Bathrooms: 7,Servant Quarters: 1,2026,3,1,,2,,https://www.zameen.com/Property/bahria_enclave_bahria_enclave_-_sector_c1_10_marla_brand_new_designer_house_is_available_for_sale_10kv_solar_system_installed-54823797-11987-1.html
4.5 Crore,8,Marla,Islamabad,,House,Bathrooms: 7,Servant Quarters: 1,2026,1,1,,2,,https://www.zameen.com/Property/bahria_enclave_bahria_enclave_-_sector_f1_8_marla_brand_new_designer_house_is_available_for_sale_a_plus_construction_with_branded_fittings-54823758-11986-1.html
1.3 Crore,6.2,Marla,Islamabad,,House,3,Drawing Room,,Lobby in Building,,,Study Room,,https://www.zameen.com/Property/b_17_capital_square_3_bed_furnished_apartment_for_sale_in_capital_square_b-17-54704639-11252-1.html
4.8 Crore,10,Marla,Islamabad,Bani Gala,House,Bathrooms: 7,Drawing Room,,2,,,2,,https://www.zameen.com/Property/islamabad_bani_gala_a_centrally_located_house_is_available_for_sale_in_bani_gala-54540924-340-1.html
2.2 Crore,5,Marla,Islamabad,Bani Gala,House,5,Drawing Room,2026,1,,,2,,https://www.zameen.com/Property/islamabad_bani_gala_5_marla_double_storey_brand_new_house_for_sale-54615852-340-1.html
2 Crore,5,Marla,Islamabad,Bani Gala,House,Bathrooms: 5,Kitchens: 2,2026,1,,,2,,https://www.zameen.com/Property/islamabad_bani_gala_beautiful_5_marla_double_storey_house_for_sale-54773222-340-1.html
4 Crore,10,Marla,Islamabad,Bani Gala,House,Bathrooms: 6,Drawing Room,2026,2,,,2,,https://www.zameen.com/Property/islamabad_bani_gala_10_marla_double_storey_house_beautiful_house_for_sale_in_banigala-54773499-340-1.html
1.6 Crore,5,Marla,Islamabad,Bani Gala,House,Bathrooms: 4,Drawing Room,2026,1,,,1,,https://www.zameen.com/Property/islamabad_bani_gala_5_marla_semi_double_storey_house_for_sale_in_banigala-54783209-340-1.html
1.6 Crore,5.5,Marla,Islamabad,"Bani Gala, Islamabad225.5 Marla",House,Bathrooms: 2,Drawing Room,,1,,,1,1,https://www.zameen.com/Property/islamabad_bani_gala_5_marla_house_for_sale_in_bani_gala-54817815-340-1.html
1.7 Crore,6,Marla,Islamabad,Bani Gala,House,Bathrooms: 3,Drawing Room,,1,,,1,1,https://www.zameen.com/Property/islamabad_bani_gala_house_spread_over_6_marla_in_bani_gala_available-54817816-340-1.html
2.35 Crore,7,Marla,Islamabad,Bani Gala,House,Bathrooms: 5,Drawing Room,,1,,,2,,https://www.zameen.com/Property/islamabad_bani_gala_a_7_marla_house_has_landed_on_market_in_bani_gala_of_bani_gala-54817817-340-1.html
14 Crore,8,Marla,Islamabad,F-11,House,Bathrooms: 4,Servant Quarters,,,Kitchens: 2,2,2,,https://www.zameen.com/Property/islamabad_f-11_8_marla_beautiful_house_for_sale_in_f-11-54731299-163-1.html
12.5 Crore,1.2,Kanal,Islamabad,,House,,,2026,3,,,20,,https://www.zameen.com/Property/dha_defence_dha_defence_phase_3_rak_properties_offers_25_marla_brand_new_double_unit_house_for_sale_in_dha_phase_3_islamabad_12_50_crores_demand-54814714-8412-1.html
55 Crore,2.1,Kanal,Islamabad,"F-8, Islamabad662.1 Kanal",House,,,,,,,,,https://www.zameen.com/Property/islamabad_f-8_luxurious_build_house_for_sale_at_f8-54530366-166-1.html
4.5 Crore,8.3,Marla,Islamabad,,House,2,Servant Quarters: 1,2025,Lobby in Building,1,1,1,,https://www.zameen.com/Property/gulberg_greens_karakoram_greens_2_bed_fully_furnished_ready-to-move_apartment_for_sale_in_karakoram_greens_gulberg_greens-54734858-11832-1.html
4.35 Crore,8,Marla,Islamabad,,House,Bathrooms: 4,Servant Quarters,2024,Double Glazed Windows,Drawing Room,Steam Room,2,,https://www.zameen.com/Property/bahria_town_bahria_enclave_brand_new_8_marla_house_with_back_open-52222830-1705-1.html
1.9 Crore,3,Marla,Islamabad,Soan Garden,House,Bathrooms: 4,Drawing Room,2000,2,,,2,,https://www.zameen.com/Property/islamabad_soan_garden_corner_house_for_sale-52271434-338-1.html
12 Crore,14,Marla,Islamabad,G-13,House,Bathrooms: 7,Servant Quarters: 1,2026,2,1,,2,,https://www.zameen.com/Property/islamabad_g-13_prime_location_house_for_sale_situated_in_g-13-54818642-330-1.html
8.75 Crore,10,Marla,Islamabad,G-13,House,Bathrooms: 7,Servant Quarters: 1,2026,2,1,,2,,https://www.zameen.com/Property/islamabad_g-13_prime_location-54818586-330-1.html
20 Crore,1.2,Kanal,Islamabad,,House,Bathrooms: 9,Servant Quarters: 1,2026,3,1,1,3,,https://www.zameen.com/Property/g_14_g-14_4_centrally_located_prime_location_house_in_g-14_4_is_available_for_sale-54819426-3346-1.html
8.75 Crore,10,Marla,Islamabad,G-13,House,Bathrooms: 7,Servant Quarters: 1,2026,2,1,,2,,https://www.zameen.com/Property/islamabad_g-13_main_double_road_10_marla_house_for_sale_in_the_perfect_location_of_g-13-54818643-330-1.html
15 Crore,14,Marla,Islamabad,I-8,House,Bathrooms: 6,Servant Quarters: 1,,Flooring,1,1,2,,https://www.zameen.com/Property/islamabad_i-8_14_marla_house_available_for_sale_in_i-8_3-54706523-174-1.html
2.9 Crore,6,Marla,Islamabad,,House,Bathrooms: 4,Servant Quarters: 1,2015,2,1,1,2,,https://www.zameen.com/Property/bahria_enclave_bahria_enclave_-_sector_b1_sector_b_6_marla_slightly_used_house_excellent_construction_quality_with_10_kw_solar_installed_sun_facing_available_for_sale-53332278-11972-1.html
76 Lakh,2.7,Marla,Islamabad,,House,Bathrooms: 1,Kitchens,2022,Flooring,,,Lounge or Sitting Room,,https://www.zameen.com/Property/al_ghurair_giga_al-ghurair_giga_-_block_14_one_bedroom_available_for_sale_in_dha_phase_2_islamabad-54518479-15118-1.html
1.6 Crore,6.3,Marla,Islamabad,,House,Bathrooms: 3,Kitchens,2022,Double Glazed Windows,,Lounge or Sitting Room,Store Rooms,,https://www.zameen.com/Property/gt_road_el_cielo_corner_three_bedroom_flat_available_for_sale_in_dha_phase_2_islamabad-54681329-10358-1.html
3.38 Crore,4,Marla,Islamabad,,House,Bathrooms: 6,Servant Quarters: 1,2025,Double Glazed Windows,1,1,4,,https://www.zameen.com/Property/f_10_f-10_3_triple_storey_new_house_f10_2040_investor_rate_sale_vip-53745269-3278-1.html
14 Crore,1,Kanal,Islamabad,,House,Bathrooms: 7,Servant Quarters: 2,2018,4,2,2,2,,https://www.zameen.com/Property/e_11_e-11_3_1-kanal_beautiful_double_story_house_with_proper_2-unit-54823598-3238-1.html
3.8 Crore,8,Marla,Islamabad,,House,Bathrooms: 6,Servant Quarters: 1,,,1,,2,,https://www.zameen.com/Property/b_17_mpchs_-_multi_gardens_8_mrla_brand_new_house_for_sale_in_c_blocknear_to_merkaz_and_aone_contruction-54819789-3115-1.html
2.35 Crore,5,Marla,Islamabad,Bani Gala,House,Bathrooms: 4,Drawing Room,,1,,,2,,https://www.zameen.com/Property/islamabad_bani_gala_reasonably-priced_5_marla_house_in_bani_gala_bani_gala_is_available_as_of_now-54817818-340-1.html
3.4 Crore,7,Marla,Islamabad,Bani Gala,House,Bathrooms: 6,Drawing Room,,1,,,2,,https://www.zameen.com/Property/islamabad_bani_gala_your_ideal_7_marla_house_has_just_become_available_in_bani_gala-54817819-340-1.html
3.85 Crore,5,Marla,Islamabad,I-9,House,Bathrooms: 5,Servant Quarters,1995,2,Drawing Room,Steam Room,Study Room,,https://www.zameen.com/Property/islamabad_i-9_front_open_house_at_prime_location_for_sale-54277943-175-1.html
5.95 Crore,5,Marla,Islamabad,I-9,House,Bathrooms: 3,Drawing Room,2026,1,,1,1,,https://www.zameen.com/Property/islamabad_i-9_corner_brand_new_designer_house_25x50_for_sale-54286698-175-1.html
5.25 Crore,6,Marla,Islamabad,I-9,House,,,2018,1,,,,,https://www.zameen.com/Property/islamabad_i-9_new_double_unit_house_25x60_for_sale-54387860-175-1.html
5.85 Crore,6,Marla,Islamabad,I-9,House,,,2026,1,,,,,https://www.zameen.com/Property/islamabad_i-9_corner_brand_new_house_for_sale-54595235-175-1.html
1.6 Crore,3.9,Marla,Islamabad,,House,,,2001,1,,,,,https://www.zameen.com/Property/i_9_i-9_markaz_renovated_faimly_flat_for_sale-54710566-3451-1.html
4.9 Crore,6,Marla,Islamabad,I-9,House,,,1987,2,,,,,https://www.zameen.com/Property/islamabad_i-9_25x60_prime_location_double_unit_house_for_sale-54755796-175-1.html
4.5 Crore,10,Marla,Islamabad,,House,Bathrooms: 6,Servant Quarters: 1,,,1,,1,,https://www.zameen.com/Property/top_city_1_top_city_1_-_block_a_double_storey-54471549-9231-1.html
11.9 Crore,1,Kanal,Islamabad,,House,Bathrooms: 7,Servant Quarters: 2,2022,3,2,2,2,,https://www.zameen.com/Property/dha_defence_dha_defence_phase_2_1_kanal_luxury_house_most_beautiful_prime_location_available_for_sale_in_dha_phase_2_islamabad-54793832-339-1.html
15.5 Crore,1,Kanal,Islamabad,G-13,House,Bathrooms: 6,Servant Quarters: 1,2026,3,1,1,2,,https://www.zameen.com/Property/islamabad_g-13_01_kanal_50x90_luxury_designer_house_for_sale_in_g-13_islamabad-54683853-330-1.html
6.5 Crore,6.7,Marla,Islamabad,,House,Bathrooms: 5,Servant Quarters: 1,,1,1,,2,,https://www.zameen.com/Property/g_9_g-9_4_get_this_amazing_on_excellent_location_1500_square_feet_house_available_in_g-9_4-54642015-3387-1.html
15.5 Crore,1,Kanal,Islamabad,,House,Bathrooms: 5,Servant Quarters,2026,3,Drawing Room,Lounge or Sitting Room,1,,https://www.zameen.com/Property/dha_defence_phase_2_dha_phase_2_-_sector_b_1_kanal_fully_designer_house_available_for_sale_in_dha_phase_2_isb-54742587-3197-1.html
17 Crore,1,Kanal,Islamabad,,House,Bathrooms: 8,Servant Quarters: 1,2026,3,1,,2,,https://www.zameen.com/Property/g_13_g-13_2_prime_location_1_kanal_spacious_house_available_in_g-13_2_for_sale-54819164-3338-1.html
11.75 Crore,14,Marla,Islamabad,,House,Bathrooms: 8,Servant Quarters: 1,2026,3,1,,2,,https://www.zameen.com/Property/g_13_g-13_2_prime_location_house_sized_14_marla_available_in_g-13_2-54819163-3338-1.html
12.25 Crore,1,Kanal,Islamabad,,House,Bathrooms: 8,Servant Quarters: 1,2026,Double Glazed Windows,1,Lounge or Sitting Room,2,,https://www.zameen.com/Property/dha_defence_dha_defence_phase_2_brand_new_1_kanal_luxury_house_in_dha_phase_2-50480960-339-1.html
10.75 Crore,14,Marla,Islamabad,G-13,House,Bathrooms: 7,Servant Quarters: 1,2026,2,1,,2,,https://www.zameen.com/Property/islamabad_g-13_on_excellent_location_14_marla_house_in_stunning_g-13_is_available_for_sale-54818641-330-1.html
85 Lakh,4.2,Marla,Islamabad,"I-16, Islamabad224.2 Marla",House,2,Kitchens,2025,Flooring,,,,,https://www.zameen.com/Property/islamabad_i-16_pha_apartment_available_for_sale_in_i-16-54749079-449-1.html
1.2 Crore,6.7,Marla,Islamabad,"I-16, Islamabad346.7 Marla",House,3,Servant Quarters,,Flooring,Kitchens,,Store Rooms,,https://www.zameen.com/Property/islamabad_i-16_pha_apartment_available_for_sale_in_i-16-54749228-449-1.html
1.25,10,Kanal,Islamabad,,House,Bathrooms: 9,Servant Quarters: 3,3700,Double Glazed Windows,3,Steam Room,2,,https://www.zameen.com/Property/gulberg_gulberg_greens_10_kanal_brand_new_luxury_farm_house_for_sale_in_gulberg_green_islamabad-45034375-8312-1.html
55 Lakh,1.9,Marla,Islamabad,"H-13, Islamabad1.9 Marla",House,Bathrooms: 5,Drawing Room,2024,Lobby in Building,,Steam Room,2,,https://www.zameen.com/Property/islamabad_h-13_flat_for_sale_in_rs_5000000-53193207-1039-1.html
3.92 Crore,7.9,Marla,Islamabad,,House,Bathrooms: 7,Servant Quarters: 1,2010,4,1,2,2,,https://www.zameen.com/Property/g_11_g-11_3_ready_to_buy_a_flat_1780_square_feet_in_islamabad-53338146-3332-1.html
1.52 Crore,4.2,Marla,Islamabad,"H-13, IslamabadInstallmentsPKR13.31 Lakh/month224.2 Marla",House,2,2,2025,2,1,1,950,,https://www.zameen.com/Property/islamabad_h-13_in_h-13_flat_for_sale_sized_950_square_feet-53618785-1039-1.html
1.4 Crore,3.9,Marla,Islamabad,"H-13, IslamabadInstallmentsPKR12.21 Lakh/month113.9 Marla",House,,,1995,6,,,,,https://www.zameen.com/Property/islamabad_h-13_ready_to_buy_a_flat_in_h-13-53618786-1039-1.html
10.5 Crore,1,Kanal,Islamabad,,House,Bathrooms: 6,Servant Quarters: 1,2026,2,1,1,2,,https://www.zameen.com/Property/mpchs_multi_gardens_mpchs_-_block_c_ultra_luxury_corner_house_for_sale-54792660-3118-1.html
3.8 Crore,8,Marla,Islamabad,,House,Bathrooms: 6,Servant Quarters: 1,2026,2,1,1,2,2,https://www.zameen.com/Property/mpchs_multi_gardens_mpchs_-_block_f_beautiful_8_marla_double_unit_house_for_sale-54792663-8527-1.html
6.5 Crore,10,Marla,Islamabad,,House,Bathrooms: 7,Servant Quarters: 1,2026,2,1,1,2,,https://www.zameen.com/Property/mpchs_multi_gardens_mpchs_-_block_c1_10_marla_luxury_house_for_sale-54792671-12607-1.html
1.3 Crore,6.9,Marla,Islamabad,,House,3,Drawing Room,2022,1,,,1,,https://www.zameen.com/Property/mpchs_multi_gardens_mpchs_-_block_c_3_bed_apartment_for_sale_in_capital_sqaure-54792694-3118-1.html
75 Lakh,3.8,Marla,Islamabad,,House,2,Drawing Room,2026,1,,,1,,https://www.zameen.com/Property/mpchs_multi_gardens_mpchs_-_block_f_2_bed_multi_transfer_apartment_for_sale_in_multi_garden_b17_block_f-54792700-8527-1.html
11.75 Crore,1,Kanal,Islamabad,,House,,,2026,3,,,,,https://www.zameen.com/Property/dha_defence_dha_defence_phase_2_1_kanal_house_with_premium_drawing_room_with_imported_furniture-54008958-339-1.html
11.75 Crore,1,Kanal,Islamabad,,House,,,2026,6,,,,,https://www.zameen.com/Property/dha_defence_dha_defence_phase_2_single_unit_ultra_luxury_house_on_prime_location_at_dha_2-54008955-339-1.html
12.7 Crore,2,Kanal,Islamabad,,House,,,2025,6,1,,,,https://www.zameen.com/Property/dha_defence_dha_defence_phase_2_40_marla_with_attached_corner_plot_available_nearly_central_park-54001042-339-1.html
3.3 Crore,11.1,Marla,Islamabad,,House,3,Servant Quarters: 1,2026,1,1,1,1,,https://www.zameen.com/Property/dha_defence_phase_5_askari_heights_5_park_view_3_bedroom_for_sale_askri_5-54802071-22450-1.html
6.5 Crore,5,Marla,Islamabad,,House,Bathrooms: 4,Servant Quarters: 1,2026,1,1,,1,,https://www.zameen.com/Property/d_12_d-12_1_ideal_on_excellent_location_5_marla_house_has_landed_on_market_in_d-12_1_islamabad-54723428-3154-1.html
29.4 Crore,1.3,Kanal,Islamabad,"F-8, Islamabad561.3 Kanal",House,Bathrooms: 6,Servant Quarters,,Double Glazed Windows,Drawing Room,Lounge or Sitting Room,Powder Room,,https://www.zameen.com/Property/islamabad_f-8_beautiful_house_is_for_sale_in_f-8_islamabad-54503016-166-1.html
3.8 Crore,5,Marla,Islamabad,,House,Bathrooms: 6,Servant Quarters: 1,2025,1,1,1,2,,https://www.zameen.com/Property/dha_defence_phase_5_dha_phase_5_-_sector_f_luxury_5_marla_brand_new_house_for_sale_-_sector_f_dha_phase_5-54074609-8836-1.html
1.1 Crore,4.2,Marla,Islamabad,"F-17, Islamabad224.2 Marla",House,2,Servant Quarters,2024,Double Glazed Windows,Drawing Room,Steam Room,1,,https://www.zameen.com/Property/islamabad_f-17_pm_loan_scheme_cash_2_bed_flat_available_for_sale_in_11_square_f_17_t_t-52393814-335-1.html
99 Lakh,4.9,Marla,Islamabad,,House,2,Kitchens: 1,,,,,1,,https://www.zameen.com/Property/soan_garden_soan_garden_-_block_h_2_bed_apartments_for_sale_on_easy_installment_in_soan_garden_-_block_h-54817787-3498-1.html
26 Crore,1,Kanal,Islamabad,,House,Bathrooms: 10,Servant Quarters: 1,2026,3,1,3,3,,https://www.zameen.com/Property/g_13_g-13_2_you_can_find_a_gorgeous_prime_location_house_for_sale_in_g-13_2-54819167-3338-1.html
3.65 Crore,10.9,Marla,Islamabad,,House,Bathrooms: 4,Servant Quarters: 1,2024,Lobby in Building,1,1,1,,https://www.zameen.com/Property/dha_defence_phase_5_askari_tower_4_spacious_3-bedroom_apartment_with_modern_kitchen_dedicated_servant_quarter_in_askari_tower_4-52435976-21810-1.html
1.5 Crore,7.1,Marla,Islamabad,"River Garden, Islamabad337.1 Marla",House,,,,,,,,,https://www.zameen.com/Property/islamabad_river_garden_ideal_prime_location_flat_is_available_for_sale_in_river_garden-54761001-1457-1.html
95 Lakh,4.2,Marla,Islamabad,"I-16, Islamabad224.2 Marla",House,Bathrooms: 2,Kitchens,2025,Flooring,,,,,https://www.zameen.com/Property/islamabad_i-16_pha_apartment_available_for_sale_in_i-16-54749164-449-1.html
3.7 Crore,6,Marla,Islamabad,I-9,House,Bathrooms: 3,Drawing Room,,Flooring,,,1,,https://www.zameen.com/Property/islamabad_i-9_6_marla_double-storey_house_for_sale_in_i-9_1-54758422-175-1.html
60 Lakh,2.1,Marla,Islamabad,"H-13, Islamabad112.1 Marla",House,Bathrooms: 4,Drawing Room,2020,1,,1,1,,https://www.zameen.com/Property/islamabad_h-13_your_ideal_480_square_feet_flat_has_just_become_available_in_h-13-53925120-1039-1.html
1.55 Crore,5.6,Marla,Islamabad,"H-13, Islamabad225.6 Marla",House,,,,,,,,,https://www.zameen.com/Property/islamabad_h-13_ready_to_buy_a_flat_1270_square_feet_in_h-13-53925267-1039-1.html
1.5 Crore,6.7,Marla,Islamabad,"H-13, Islamabad226.7 Marla",House,2,2,,1,1,1,1500,,https://www.zameen.com/Property/islamabad_h-13_1500_square_feet_flat_is_available_for_sale_in_h-13-53930935-1039-1.html
82 Lakh,2.5,Marla,Islamabad,"H-13, Islamabad112.5 Marla",House,Bathrooms: 1,Servant Quarters: 1,2024,4,1,2,1,,https://www.zameen.com/Property/islamabad_h-13_570_square_feet_flat_available_for_sale_in_h-13_h-13-54194297-1039-1.html
46.32 Lakh,1.2,Marla,Islamabad,"H-13, IslamabadInstallmentsPKR2.9 Lakh/month1.2 Marla",House,Bathrooms: 3,Servant Quarters: 1,2025,Lobby in Building,1,,1,,https://www.zameen.com/Property/islamabad_h-13_become_owner_of_your_flat_today_which_is_centrally_located_in_h-13_in_h-13-54514341-1039-1.html
11.75 Crore,1,Kanal,Islamabad,,House,,,2026,3,,,,,https://www.zameen.com/Property/dha_defence_dha_defence_phase_2_1_kanal_house_with_premium_drawing_room_with_imported_furniture-54238693-339-1.html
15.1 Crore,1,Kanal,Islamabad,,House,Bathrooms: 06,Servant Quarters: 02,2026,03,02,,1,,https://www.zameen.com/Property/dha_defence_dha_defence_phase_2_prime_location_near_to_masjid_near_to_aps_school_near_to_giga_mall_near_to_nova_care_hospital_near_to_control_park_near_to_kfc-54387919-339-1.html
13.8 Crore,1,Kanal,Islamabad,,House,Bathrooms: 05,Servant Quarters: 03,2026,03,03,,1,,https://www.zameen.com/Property/dha_defence_dha_defence_phase_2_20_marla_brand_new_house_available_for_sale_dha_phase-2-54779499-339-1.html
2.8 Crore,4,Marla,Islamabad,,House,Bathrooms,Drawing Room,,Lobby in Building,,,,,https://www.zameen.com/Property/kashmir_highway_eighteen_1_bhk_fully_finished_and_fitted_luxurious_and_spacious_size_available_with_15_down_payment_and_3_years_easy_quarterly_payment_plan-54331024-12602-1.html
6.2 Crore,10,Marla,Islamabad,,House,Bathrooms,Servant Quarters,,Double Glazed Windows,Drawing Room,Other Rooms,Study Room,,https://www.zameen.com/Property/kashmir_highway_eighteen_half_kanal_villa-54388003-12602-1.html
7.4 Crore,10,Marla,Islamabad,,House,Bathrooms,Servant Quarters,,Double Glazed Windows,Drawing Room,Other Rooms,Study Room,,https://www.zameen.com/Property/kashmir_highway_eighteen_city_villa_shell_and_core_ground_plus_3_floors_available_with_15_down_payment_and_3_years_easy_quarterly_payment_plan-54454686-12602-1.html
6.8 Crore,1,Kanal,Islamabad,,House,Bathrooms,Servant Quarters,,Double Glazed Windows,Drawing Room,Other Rooms,Study Room,,https://www.zameen.com/Property/kashmir_highway_eighteen_1_kanal_golf_view_corner_and_park_face-54454767-12602-1.html
12 Crore,1,Kanal,Islamabad,,House,Bathrooms,Servant Quarters,,Double Glazed Windows,Drawing Room,Steam Room,Study Room,,https://www.zameen.com/Property/kashmir_highway_eighteen_1_kanal_villa_corner_and_park_face_available_with_extra_land-54472065-12602-1.html
2.3 Crore,8,Marla,Islamabad,F-17,House,Bathrooms: 3,Kitchens: 1,2026,Flooring,,,1,,https://www.zameen.com/Property/islamabad_f-17_your_dream_house_no_365_st_2_size_30_60_single_storey_for_sale_build_it_al_hafeez_associates_builders-54583576-335-1.html
5.1 Crore,10,Marla,Islamabad,,House,Bathrooms: 6,Servant Quarters: 1,2026,2,1,1,2,,https://www.zameen.com/Property/top_city_1_top_city_1_-_block_a_fully_furnished_a_block_10_marla_house_for_sale-54774770-9231-1.html
2.05 Crore,6.9,Marla,Islamabad,,House,2,Servant Quarters: 1,2024,2,1,1,1,,https://www.zameen.com/Property/bahria_enclave_cube_apartments_bahria_enclave_2_bed_cube_apartment_1558_sq_feet_possession_utility_circulation_charges_paid_on_murree_facing_available_for_sale-53323941-21520-1.html
17 Crore,12,Marla,Islamabad,,House,8,Servant Quarters: 1,,2,1,,3,,https://www.zameen.com/Property/i_8_i-8_3_40x80_triple_storey_house_for_sale-54800881-3443-1.html
16 Crore,1,Kanal,Islamabad,,House,,,2026,4,,,,,https://www.zameen.com/Property/gulberg_residencia_gulberg_residencia_-_block_e_1_kanal_luxury_house_for_sale_in_gulberg_greens_islamabad_5090_fully_furnished_house_e_block_4_car_parking-54810032-9115-1.html
3.45 Crore,10.9,Marla,Islamabad,,House,3,Servant Quarters: 1,2024,Flooring,1,1,1,,https://www.zameen.com/Property/dha_phase_5_sector_h_askari_heights_4_askari_apartment_for_sale-54764025-21450-1.html
72 Lakh,2.2,Marla,Islamabad,"River Garden, Islamabad112.2 Marla",House,,,,,,,,,https://www.zameen.com/Property/islamabad_river_garden_beautifully_constructed_flat_is_available_for_sale_in_river_garden-54761004-1457-1.html
1.25,56,Kanal,Islamabad,H-9,House,,,,,,,,,https://www.zameen.com/Property/islamabad_h-9_in_orchard_scheme_h-9_farm_house_for_sale_sized_56_kanal-54786183-172-1.html
6 Crore,8,Marla,Islamabad,,House,Bathrooms: 6,Servant Quarters: 1,2026,Flooring,1,1,3,,https://www.zameen.com/Property/i_15_i-15_1_brand_new_house_for_sale_in_i-15_1-54810605-8262-1.html
4.1 Crore,8,Marla,Islamabad,,House,Bathrooms: 5,Drawing Room,2026,,,,2,2,https://www.zameen.com/Property/faisal_town_phase_1_faisal_town_phase_1_-_block_b_a_spacious_prime_location_8_marla_house_in_faisal_town_phase_1_-_block_b-54812281-16417-1.html
4.5 Crore,5,Marla,Islamabad,I-9,House,Bathrooms: 4,Servant Quarters: 1,,Flooring,1,,2,,https://www.zameen.com/Property/islamabad_i-9_5_marla_liveable_house_for_sale_in_i-9_1-54761973-175-1.html
1.35 Crore,6.4,Marla,Islamabad,"I-16, Islamabad346.4 Marla",House,3,Servant Quarters,2026,Flooring,Kitchens,,Store Rooms,,https://www.zameen.com/Property/islamabad_i-16_pha_apartment_available_for_sale_in_i-16-54782564-449-1.html
22 Crore,1.7,Kanal,Islamabad,,House,Bathrooms: 5,Servant Quarters,2023,Double Glazed Windows,Drawing Room,Steam Room,Study Room,,https://www.zameen.com/Property/dha_defence_phase_5_dha_phase_5_-_sector_a_35_marla_house_is_available_for_sale_in_dha_defence_phase_5_islamabad-49169334-8400-1.html
16.9 Crore,1,Kanal,Islamabad,,House,Bathrooms: 6,Servant Quarters: 2,,Double Glazed Windows,2,Other Rooms,2,,https://www.zameen.com/Property/dha_defence_phase_2_dha_phase_2_-_sector_j_kanal_fully_furnished_corner_house_for_sale_in_dha_phase_2_islamabad-54394444-8399-1.html
26 Crore,2,Kanal,Islamabad,,House,Bathrooms: 6,Servant Quarters: 2,,Double Glazed Windows,2,Steam Room,2,,https://www.zameen.com/Property/dha_defence_phase_2_dha_phase_2_-_sector_g_luxury_furnished_house_for_sale_in_dha_phase_2_islamabad-51418947-3202-1.html
16.5 Crore,1.2,Kanal,Islamabad,,House,Bathrooms: 8,Servant Quarters: 2,,Double Glazed Windows,2,Steam Room,3,,https://www.zameen.com/Property/dha_defence_phase_2_dha_phase_2_-_sector_j_23_marla_triple_storey_fully_furnished_house_for_sale_in_dha_phase_2_islamabad-51418916-8399-1.html
3.7 Crore,4.4,Marla,Islamabad,,House,,,,,,,,,https://www.zameen.com/Property/g_14_g-14_2_spacious_house_is_available_for_sale_in_ideal_location_of_g-14_2-54780865-3344-1.html
17 Crore,2,Kanal,Islamabad,,House,Bathrooms,Servant Quarters,,Double Glazed Windows,Drawing Room,Lounge or Sitting Room,Study Room,,https://www.zameen.com/Property/kashmir_highway_eighteen_2_kanal_with_golf_view-54707840-12602-1.html
14 Crore,1.6,Kanal,Islamabad,,House,6,Servant Quarters: 1,2015,1,1,1,1,,https://www.zameen.com/Property/bahria_garden_city_bahria_garden_city_-_zone_1_6_bed_lavish_villa_with_front_back_lawn-50546945-10605-1.html
5.4 Crore,6.3,Marla,Islamabad,,House,2,Drawing Room,,Lobby in Building,,,Laundry Room,,https://www.zameen.com/Property/kashmir_highway_eighteen_2_bedroom_apartment_with_partial_golf_view_10_down_payment-54805621-12602-1.html
8 Crore,9.2,Marla,Islamabad,,House,Bathrooms,Servant Quarters,,Lobby in Building,Drawing Room,Other Rooms,Powder Room,,https://www.zameen.com/Property/kashmir_highway_eighteen_3_bhk_fully_golf_view_finished_and_fitted_luxurious_and_spacious_in_size_available_with_10_down_payment_and_3_years_easy_quarterly_payment_plan-54805876-12602-1.html
4.8 Crore,4,Marla,Islamabad,,House,Bathrooms: 5,Servant Quarters: 1,2025,1,1,1,1,,https://www.zameen.com/Property/d_12_d-12_1_4_marla_brand_new_house_for_sale-53870788-3154-1.html
3.2 Crore,10,Marla,Islamabad,,House,Bathrooms: 6,Servant Quarters: 1,,2,1,2,2,,https://www.zameen.com/Property/tarnol_fazaia_housing_scheme_10_marla_house_available_for_sale_in_fazaia_tarnol_islamabad-53980686-10314-1.html
3.35 Crore,5,Marla,Islamabad,Faisal Town - F-18,House,Bathrooms: 5,Servant Quarters: 1,,,1,,2,,https://www.zameen.com/Property/islamabad_faisal_town_-_f-18_luxurious_5_marla_house_available_for_sale-54716201-8260-1.html
2.6 Crore,5,Marla,Islamabad,Faisal Town - F-18,House,Bathrooms: 5,Kitchens: 2,,,,,2,,https://www.zameen.com/Property/islamabad_faisal_town_-_f-18_5_marla_brand_new_house_available_for_sale-54444015-8260-1.html
6.4 Crore,5,Marla,Islamabad,,House,Bathrooms: 4,Drawing Room,,,,,,,https://www.zameen.com/Property/d_12_d-12_4_beautifully_constructed_house_is_available_for_sale_in_d-12_4-54076104-3157-1.html
9 Crore,8,Marla,Islamabad,D-12,House,Bathrooms: 6,Drawing Room,2025,Double Glazed Windows,2,,2,,https://www.zameen.com/Property/islamabad_d-12_in_d-12_you_can_find_the_perfect_house_for_sale-54065623-160-1.html
4.5 Crore,4,Marla,Islamabad,,House,Bathrooms: 3,Drawing Room,2023,1,1,1,2,,https://www.zameen.com/Property/d_12_d-12_4_a_palatial_residence_for_sale_in_d-12_4_islamabad-54065604-3157-1.html
14.5 Crore,14,Marla,Islamabad,D-12,House,Bathrooms: 5,Drawing Room,,,2,,2,,https://www.zameen.com/Property/islamabad_d-12_14_marla_spacious_house_is_available_in_d-12_for_sale-54065484-160-1.html
13 Crore,10,Marla,Islamabad,,House,Bathrooms: 6,Drawing Room,,2,2,,2,,https://www.zameen.com/Property/d_12_d-12_3_10_marla_house_in_central_d-12_3_for_sale-54065447-3156-1.html
3.5 Crore,7,Marla,Islamabad,,House,Bathrooms: 6,Drawing Room,,,,,1,,https://www.zameen.com/Property/soan_garden_soan_garden_-_block_h_buying_a_prime_location_house_in_soan_garden_-_block_h-54732497-3498-1.html
6.2 Crore,10,Marla,Islamabad,,House,5,Servant Quarters: 1,2025,4,1,2,2,,https://www.zameen.com/Property/dha_defence_dha_defence_phase_5_10_marla_brand_new_house_in_dha_phase_5-52716846-10991-1.html
6.5 Crore,10,Marla,Islamabad,,House,Bathrooms: 7,Servant Quarters,,3,Drawing Room,,500,2,https://www.zameen.com/Property/i_14_i-14_2_premium_luxury_house_for_sale_in_i-14_2_main_boulevard-54720655-8341-1.html
9.7 Crore,13,Marla,Islamabad,,House,7,Servant Quarters: 1,,Flooring,1,1,9,,https://www.zameen.com/Property/i_14_i-14_3_urgent_sale_13_marla_luxury_double_storey_house_7_beds_double_road_i-14-54791347-8342-1.html
59 Lakh,2.4,Marla,Islamabad,"Top City 1, IslamabadInstallmentsPKR69 Thousand/month112.4 Marla",House,1,Drawing Room,2026,Double Glazed Windows,,,,,https://www.zameen.com/Property/islamabad_top_city_1_550_square_feet_1_bed_apartment_available_for_sale_on_4_5_years_easy_instalment_plan-54309935-1383-1.html
3.65 Crore,5,Marla,Islamabad,,House,Bathrooms: 4,Drawing Room,,Flooring,,,2,,https://www.zameen.com/Property/i_10_i-10_1_25x50_sun-facing_liveable_house_for_sale_in_i-10_1-54787772-3420-1.html
13.5 Crore,12,Marla,Islamabad,I-8,House,Bathrooms: 6,Servant Quarters: 1,,Flooring,1,,2,,https://www.zameen.com/Property/islamabad_i-8_12_marla_house_for_sale_in_i-8_2-54788079-174-1.html
14.5 Crore,1,Kanal,Islamabad,,House,Bathrooms: 6,Servant Quarters: 2,,Double Glazed Windows,2,Steam Room,2,,https://www.zameen.com/Property/dha_defence_phase_2_dha_phase_2_-_sector_c_kanal_brand_new_house_available_for_sale_in_dha_phase_2_islamabad-50884666-3198-1.html
14.5 Crore,1,Kanal,Islamabad,,House,Bathrooms: 6,Servant Quarters: 2,,Double Glazed Windows,2,Steam Room,2,,https://www.zameen.com/Property/dha_defence_phase_2_dha_phase_2_-_sector_g_kanal_luxury_house_available_for_sale_in_dha_phase_2_islamabad-50884516-3202-1.html
1.25,10,Kanal,Islamabad,,House,Bathrooms: 9,Servant Quarters: 3,,Double Glazed Windows,3,Steam Room,2,,https://www.zameen.com/Property/gulberg_gulberg_greens_10_kanal_brand_new_farm_house_available_for_sale_in_gulberg_green_islamabad-45026001-8312-1.html
14.75 Crore,1,Kanal,Islamabad,,House,Bathrooms: 6,Servant Quarters: 2,,Double Glazed Windows,2,Steam Room,2,,https://www.zameen.com/Property/dha_defence_phase_2_dha_phase_2_-_sector_f_kanal_brand_new_house_available_for_sale_in_dha_phase_2_islamabad-44441849-3201-1.html
4.15 Crore,14.4,Marla,Islamabad,,House,,,,,,,,,https://www.zameen.com/Property/f_11_f-11_markaz_buying_a_flat_in_islamabad-54596576-3286-1.html
30 Crore,17.8,Marla,Islamabad,"F-6, Islamabad6617.8 Marla",House,Bathrooms: 6,Servant Quarters,,Double Glazed Windows,Drawing Room,Steam Room,Study Room,,https://www.zameen.com/Property/islamabad_f-6_for_sale_444_sq_yard_double_unit_house_basement_cda_transfer_f_6_1-54738770-164-1.html
1.09 Crore,5.8,Marla,Islamabad,,House,2,Drawing Room,2026,1,,1,1,,https://www.zameen.com/Property/faisal_town_f_18_the_gate_mall_apartments_1300_sqft_2_bedroom_luxury_flat_for_sale_in_the_gate_mall_faisal_town_islamabad-54824009-11456-1.html
6.5 Crore,10,Marla,Islamabad,,House,4,Servant Quarters: 1,2026,2,1,1,1,,https://www.zameen.com/Property/dha_defence_dha_defence_phase_5_10_marla_designer_house_for_sale-54773758-10991-1.html
3.75 Crore,5,Marla,Islamabad,,House,4,Servant Quarters,2026,Double Glazed Windows,Drawing Room,Steam Room,Study Room,,https://www.zameen.com/Property/dha_defence_dha_defence_phase_5_5_marla_designer_house-54802396-10991-1.html
13.8 Crore,1,Kanal,Islamabad,,House,6,Servant Quarters: 2,2026,3,2,2,2,,https://www.zameen.com/Property/dha_defence_dha_defence_phase_2_1_kanal_most_practical_well_designed_house_for_sale_in_islamabad-54813032-339-1.html
5.25 Crore,10,Marla,Islamabad,Faisal Town - F-18,House,Bathrooms: 5,Servant Quarters: 2,2016,3,2,1,1,,https://www.zameen.com/Property/islamabad_faisal_town_-_f-18_10_marla_corner_luxury_house_for_sale-51456098-8260-1.html
1.8 Crore,9.6,Marla,Islamabad,"Faisal Town - F-18, Islamabad339.6 Marla",House,Bathrooms: 3,Servant Quarters: 1,2020,1,1,,2,,https://www.zameen.com/Property/islamabad_faisal_town_-_f-18_three_beds_luxury_apartment_flat_for_sale-52006260-8260-1.html
3.75 Crore,8,Marla,Islamabad,Faisal Town - F-18,House,Bathrooms: 3,Servant Quarters: 1,2017,Double Glazed Windows,1,1,1,,https://www.zameen.com/Property/islamabad_faisal_town_-_f-18_brand_new_furnished_luxury_8_marla_house-52274309-8260-1.html
5.3 Crore,4.4,Marla,Islamabad,,House,Bathrooms: 4,Servant Quarters: 1,,1,1,1,1,,https://www.zameen.com/Property/d_12_d-12_1_luxury_4_44_marla_single_unit_house_for_sale_cda_sector_d-12_1_islamabad-54464176-3154-1.html
12 Crore,10,Marla,Islamabad,,House,,,,,,,,,https://www.zameen.com/Property/d_12_d-12_1_10_marla_ideal_luxury_single_unit_house_for_sale-54390493-3154-1.html
2.45 Crore,5,Marla,Islamabad,,House,Bathrooms: 3,Servant Quarters: 1,2026,1,1,1,1,,https://www.zameen.com/Property/bahria_enclave_bahria_enclave_-_sector_n_sector_n_5_marla_house_for_sale_bahria_enclave_islamabad-54673843-11975-1.html
10.75 Crore,1,Kanal,Islamabad,,House,,,,,,,,,https://www.zameen.com/Property/gulberg_gulberg_residencia_gulberg_islamabad_kanal_2_marla_extra_corner_house_for_sale-54815318-8319-1.html
10.75 Crore,1,Kanal,Islamabad,,House,,,,,,,,,https://www.zameen.com/Property/gulberg_residencia_gulberg_residencia_-_block_c_gulberg_islamabad_22_marla_corner_house_for_sale-54815330-9114-1.html
1.05,4.4,Kanal,Islamabad,,House,,,,,,,,,https://www.zameen.com/Property/f_6_f-6_3_out_class_location_house-54533319-3301-1.html
60 Crore,4,Kanal,Islamabad,F-8,House,,,,,,,,,https://www.zameen.com/Property/islamabad_f-8_top_location_house_corner-54547208-166-1.html
6.3 Crore,1,Kanal,Islamabad,Bani Gala,House,Bathrooms: 6,Servant Quarters: 1,2020,5,1,,2,,https://www.zameen.com/Property/islamabad_bani_gala_house_for_sale_main_bani_gala-54815038-340-1.html
2.44 Crore,5.4,Marla,Islamabad,,House,2,Dining Room,,Lobby in Building,,,1,,https://www.zameen.com/Property/top_city_1_top_city_1_-_block_j_beautiful_margalla_view_2_bed_apartment_available_on_installments-54500245-16276-1.html
2.53 Crore,5,Marla,Islamabad,B-17,House,Bathrooms: 4,Servant Quarters: 1,2026,1,1,,1,,https://www.zameen.com/Property/islamabad_b-17_5_-marla_designer_house_for_sale-54491531-616-1.html
3.1 Crore,5,Marla,Islamabad,,House,Bathrooms: 2,Drawing Room,,,,,,,https://www.zameen.com/Property/i_10_i-10_1_5_marla_house_for_sale_in_i-10_1-54791683-3420-1.html
6.15 Crore,8,Marla,Islamabad,I-9,House,Bathrooms: 2,Drawing Room,,,,,,,https://www.zameen.com/Property/islamabad_i-9_8_marla_house_for_sale_in_i-9_1-54791726-175-1.html
14.5 Crore,10,Marla,Islamabad,,House,Bathrooms: 5,Servant Quarters: 1,,1,1,Steam Room,2,,https://www.zameen.com/Property/dha_defence_phase_2_dha_phase_2_-_sector_j_beautiful_house_available_for_sale_in_dha_phase_2_islamabad-45059704-8399-1.html
14.5 Crore,1,Kanal,Islamabad,,House,Bathrooms: 6,Servant Quarters: 2,,Double Glazed Windows,2,Steam Room,2,,https://www.zameen.com/Property/dha_defence_phase_2_dha_phase_2_-_sector_f_stylish_brand_new_house_for_sale_in_dha_phase_2_islamabad-41496813-3201-1.html
11.5 Crore,1,Kanal,Islamabad,,House,Bathrooms: 6,Servant Quarters: 2,,Double Glazed Windows,2,Steam Room,2,,https://www.zameen.com/Property/dha_defence_phase_2_dha_phase_2_-_sector_c_kanal_brand_new_house_available_for_sale_in_dha_phase_2_islamabad-46203185-3198-1.html
16.5 Crore,1,Kanal,Islamabad,,House,Bathrooms: 6,Servant Quarters: 2,,Double Glazed Windows,2,Lounge or Sitting Room,2,,https://www.zameen.com/Property/dha_defence_phase_2_dha_phase_2_-_sector_a_kanal_brand_new_house_available_for_sale_in_dha_phase_2_islamabad-45423228-3196-1.html
12.75 Crore,1,Kanal,Islamabad,,House,Bathrooms: 6,Servant Quarters: 2,,Double Glazed Windows,2,Lounge or Sitting Room,2,,https://www.zameen.com/Property/dha_defence_phase_2_dha_phase_2_-_sector_b_kanal_brand_new_house_available_for_sale_in_dha_phase_2-45054998-3197-1.html
5.8 Crore,10,Marla,Islamabad,Faisal Town - F-18,House,Bathrooms: 2,Drawing Room,2027,1,,,1,,https://www.zameen.com/Property/islamabad_faisal_town_-_f-18_luxury_10_marla_house-54113656-8260-1.html
2.09 Crore,3.9,Marla,Islamabad,,House,Bathrooms: 1,Servant Quarters: 1,,Lobby in Building,1,Steam Room,Study Room,,https://www.zameen.com/Property/dha_defence_dha_defence_phase_2_1-bedroom_apartment_in_high_profile_project_with_easy_3-years_payment_plan-54823978-339-1.html
5.6 Crore,10,Marla,Islamabad,,House,Bathrooms: 5,Servant Quarters: 1,2026,2,1,,2,,https://www.zameen.com/Property/bahria_enclave_bahria_enclave_-_sector_c1_designer_main_boulevard_house_for_sale_in_bahria_enclave_islamabad-54500648-11987-1.html
35 Lakh,1.3,Marla,Islamabad,"Soan Garden, Islamabad11.3 Marla",House,Bathrooms: 1,Kitchens: 1,,1,,,1,,https://www.zameen.com/Property/islamabad_soan_garden_affordable_300_sq_ft_studio_apartment_for_sale_on_main_double_road_soan_garden_islamabad-54250897-338-1.html
95 Lakh,3.6,Marla,Islamabad,,House,Bathrooms: 2,Kitchens: 1,2026,1,,,1,,https://www.zameen.com/Property/soan_garden_soan_garden_-_block_h_800_square_feet_brand_new_2-bed_apartment_for_sale_block_h_soan_garden_islamabad-54251287-3498-1.html
2.07 Crore,7,Marla,Islamabad,B-17 Multi Garden Islamabad - Super...more,House,Bathrooms,Servant Quarters,,Lobby in Building,Drawing Room,Steam Room,Study Room,,https://www.zameen.com/Property/b_17_mpchs_-_multi_gardens_invest_in_luxury_living_at_b-17_multi_garden_islamabad-52296025-3115-1.html
28 Lakh,1.1,Marla,Islamabad,,House,Bathrooms: 1,Kitchens: 1,2026,1,,,1,,https://www.zameen.com/Property/soan_garden_soan_garden_-_block_h_brand_new_240_sq_ft_1-bed_apartment_for_sale_commercial_zone_block_h_soan_garden-54252210-3498-1.html
4.1 Crore,10,Marla,Islamabad,,House,Community FeaturesMosque,Community FeaturesMosque,2022,2,1,,2,1,https://www.zameen.com/Property/soan_garden_soan_garden_-_block_d_luxury_10_marla_spanish_style_house_for_sale_block_d_soan_garden_islamabad-54252451-3494-1.html
2.45 Crore,5,Marla,Islamabad,,House,,,2026,2,,,,,https://www.zameen.com/Property/faisal_hills_faisal_hills_-_executive_block_beautiful_5_marla_house_for_sale_in_faisal_hills-54802817-16527-1.html
27 Crore,2.6,Kanal,Islamabad,,House,,,,,,,,,https://www.zameen.com/Property/dha_defence_phase_1_dha_phase_1_-_sector_f_52_marla_house_up_for_sale_in_dha_phase_1_-_sector_f-54731173-8226-1.html
14.8 Crore,1,Kanal,Islamabad,,House,,,0000,,,,,,https://www.zameen.com/Property/dha_defence_phase_2_dha_phase_2_-_sector_b_reserve_a_house_now_in_dha_phase_2_-_sector_b-54755825-3197-1.html
14.8 Crore,1,Kanal,Islamabad,,House,Bathrooms: 6,Servant Quarters: 2,2026,3,2,1,2,,https://www.zameen.com/Property/dha_defence_phase_2_dha_phase_2_-_sector_d_excellent_corner_designers_house_for_sale_on_good_location_of_dha_2_islamabad-54730903-3199-1.html
5.7 Crore,10,Marla,Islamabad,,House,Bathrooms: 6,Servant Quarters: 1,2026,2,1,1,2,,https://www.zameen.com/Property/b_17_mpchs_-_multi_gardens_10_marla_designer_house_for_sale_multi_garden_b-17_islamabad-54774221-3115-1.html
16 Crore,1,Kanal,Islamabad,G-13,House,Bathrooms: 8,Servant Quarters: 1,2026,3,1,,2,,https://www.zameen.com/Property/islamabad_g-13_prime_location_house_sized_1_kanal_is_available_for_sale_in_g-13-54761415-330-1.html
12.5 Crore,14,Marla,Islamabad,G-13,House,Bathrooms: 8,Servant Quarters: 1,2026,3,1,,2,,https://www.zameen.com/Property/islamabad_g-13_buy_a_centrally_located_prime_location_14_marla_house_in_g-13-54761413-330-1.html
4.5 Crore,4,Marla,Islamabad,G-13,House,Bathrooms: 5,Servant Quarters: 1,2026,1,1,,1,,https://www.zameen.com/Property/islamabad_g-13_corner_house_for_sale_is_readily_available_in_prime_location_of_g-13-54761412-330-1.html
3.4 Crore,7,Marla,Islamabad,,House,Bathrooms: 6,Servant Quarters: 1,2026,2,1,,2,,https://www.zameen.com/Property/mumtaz_city_mumtaz_city_-_chanab_block_brand_new_elegant_home_for_sale-54609950-14993-1.html
6.89 Crore,10,Marla,Islamabad,Top City 1,House,Bathrooms: 5,Servant Quarters: 1,2026,2,1,1,2,,https://www.zameen.com/Property/islamabad_top_city_1_topcity-1_luxurious_10_marla_corner_designer_house_for_sale-54725621-1383-1.html
4.95 Crore,6,Marla,Islamabad,,House,Bathrooms: 6,Servant Quarters: 1,,Flooring,1,,2,,https://www.zameen.com/Property/i_10_i-10_2_6_marla_house_for_sale_in_i-10_2-54791743-3421-1.html
4.15 Crore,6,Marla,Islamabad,,House,Bathrooms: 3,Drawing Room,,,,,1,,https://www.zameen.com/Property/i_10_i-10_2_6_marla_house_for_sale_in_i-10_2-54791855-3421-1.html
11.5 Crore,1,Kanal,Islamabad,,House,Bathrooms: 6,Servant Quarters: 2,,Double Glazed Windows,2,Other Rooms,2,,https://www.zameen.com/Property/dha_defence_phase_2_dha_phase_2_-_sector_h_kanal_brand_new_house_available_for_sale_in_dha_phase_2_islamabad-54399079-3203-1.html
3.5 Crore,5,Marla,Islamabad,,House,Bathrooms: 5,Servant Quarters: 1,2026,2,1,,2,,https://www.zameen.com/Property/dha_defence_dha_defence_phase_5_brand-new_5_marla_house_in_dha_phase_5_modern_luxury_move-in_ready-54633729-10991-1.html
7.9 Crore,1,Kanal,Islamabad,,House,Bathrooms: 6,Servant Quarters: 2,2026,3,2,1,2,,https://www.zameen.com/Property/dha_defence_dha_defence_phase_2_one_kanal_ultra_luxury_designer_house_for_sale_in_dha_2-54415364-339-1.html
7.9 Crore,1,Kanal,Islamabad,,House,Bathrooms: 6,Servant Quarters: 2,2026,3,2,2,3,,https://www.zameen.com/Property/dha_defence_dha_defence_phase_2_one_kanal_ultra_luxury_lavish_house_for_sale_in_dha_phase_2_islamabad-54269886-339-1.html
7.9 Crore,1,Kanal,Islamabad,,House,5,Servant Quarters: 2,2026,3,2,1,2,,https://www.zameen.com/Property/dha_defence_dha_defence_phase_2_one_kanal_ultra_luxury_single_unit_house_for_sale_in_dha_phase_2_islamabad-54171085-339-1.html
6.5 Crore,1,Kanal,Islamabad,,House,Bathrooms: 11,Servant Quarters: 1,2022,4,1,1,2,,https://www.zameen.com/Property/soan_garden_soan_garden_-_block_g_premium_1_kanal_45x100_triple-story_house_dual_road_access_block_g_soan_gardens-54287228-3497-1.html
4.73 Crore,8.8,Marla,Islamabad,,House,3,Servant Quarters,,Lobby in Building,Drawing Room,Steam Room,Study Room,,https://www.zameen.com/Property/dha_defence_dha_defence_phase_2_3-years_intallment_3-bedroom_with_maid_room_parking_in_dha_islamabad_gated_community-54823953-339-1.html
7 Crore,6.7,Marla,Islamabad,,House,,,,,,,,,https://www.zameen.com/Property/g_9_g-9_4_in_g-9_4_house_for_sale_sized_1500_square_feet-54823945-3387-1.html
5 Crore,5.6,Marla,Islamabad,,House,,,,,,,,,https://www.zameen.com/Property/g_8_g-8_1_prime_location_house_sized_1250_square_feet_in_g-8_1-54823947-3376-1.html
5.3 Crore,6.7,Marla,Islamabad,,House,,,,,,,,,https://www.zameen.com/Property/g_8_g-8_1_prominently-located_prime_location_house_available_in_g-8_1_for_sale-54823946-3376-1.html
5.7 Crore,6.7,Marla,Islamabad,,House,,,,,,,,,https://www.zameen.com/Property/g_9_g-9_4_ideal_house_for_sale_in_g-9_4-54823944-3387-1.html
70 Crore,3.4,Kanal,Islamabad,"F-6, Islamabad763.4 Kanal",House,7,Servant Quarters: 2,1500,10,2,2,2,2,https://www.zameen.com/Property/islamabad_f-6_beautiful_luxury_1500_sq_yards_house_for_sale_in_f-6_islamabad_7_bedrooms_prime_vip_location_cda_transfer-54323113-164-1.html
45 Crore,2,Kanal,Islamabad,F-6,House,Bathrooms: 6,Servant Quarters: 2,2020,6,2,1,2,,https://www.zameen.com/Property/islamabad_f-6_beautiful_luxury_2_kanal_designer_house_for_sale-54469441-164-1.html
8.8 Crore,1,Kanal,Islamabad,,House,Bathrooms: 6,Servant Quarters: 1,2026,2,1,1,2,,https://www.zameen.com/Property/b_17_mpchs_-_multi_gardens_1_kanal_designer_house_for_sale_in_multi_garden_b17-54807228-3115-1.html
6.3 Crore,10,Marla,Islamabad,Top City 1,House,,,,,,,,,https://www.zameen.com/Property/islamabad_top_city_1_10_marla_house_in_top_city_1_for_sale_at_good_location-54630478-1383-1.html
68 Crore,1.9,Kanal,Islamabad,"F-7, Islamabad671.9 Kanal",House,Bathrooms,Servant Quarters,,Double Glazed Windows,Drawing Room,Steam Room,Study Room,,https://www.zameen.com/Property/islamabad_f-7_investor_alert_premium_margalla_facing_corner_house_944_square_yards_for_sale_f-7_islamabad_proper_corner_two_side_open_full_basement_prime_f-7_location-54724509-165-1.html
4.15 Crore,8,Marla,Islamabad,B-17,House,,,2026,2,,,,,https://www.zameen.com/Property/islamabad_b-17_modern_8_marla_house_for_sale_b17-54616099-616-1.html
6.1 Crore,10,Marla,Islamabad,Top City 1,House,,,,,,,1,,https://www.zameen.com/Property/islamabad_top_city_1_10_marla_house_in_top_city_1_is_available_for_sale-54416158-1383-1.html
5.75 Crore,10,Marla,Islamabad,Top City 1,House,Bathrooms: 5,Servant Quarters: 1,2026,2,1,,2,,https://www.zameen.com/Property/islamabad_top_city_1_buying_a_prime_location_house_in_top_city_1-54760578-1383-1.html
5.5 Crore,10,Marla,Islamabad,Top City 1,House,Bathrooms: 5,Servant Quarters: 1,2026,2,1,,2,,https://www.zameen.com/Property/islamabad_top_city_1_prime_location_top_city_1_house_sized_10_marla-54760974-1383-1.html
5.15 Crore,10,Marla,Islamabad,Top City 1,House,Bathrooms: 6,Servant Quarters: 1,2026,2,1,,2,,https://www.zameen.com/Property/islamabad_top_city_1_topcity_10_marla_house_for_sale-54768431-1383-1.html
5.75 Crore,10,Marla,Islamabad,Top City 1,House,,,,,,,,,https://www.zameen.com/Property/islamabad_top_city_1_brand_new_10_marla_house_available_in_top_city_1_for_sale-54785087-1383-1.html
4.25 Crore,10,Marla,Islamabad,D-17,House,Bathrooms: 6,Servant Quarters: 1,2026,2,1,2,2,,https://www.zameen.com/Property/islamabad_d-17_brand_new_designer_house-54759881-737-1.html
4.5 Crore,6,Marla,Islamabad,I-11,House,Bathrooms: 5,Servant Quarters: 1,2024,1,1,2,2,,https://www.zameen.com/Property/islamabad_i-11_6_marla_prime_location_new_house_in_i-11_2-54794186-706-1.html
4.65 Crore,6,Marla,Islamabad,I-11,House,Bathrooms: 5,Servant Quarters: 1,2026,1,1,1,2,,https://www.zameen.com/Property/islamabad_i-11_6_marla_brand_new_house_in_i-11_2-54794330-706-1.html
7.5 Crore,10,Marla,Islamabad,,House,Bathrooms: 5,Servant Quarters: 1,2024,2,1,,,,https://www.zameen.com/Property/kashmir_highway_eighteen_luxurious_10_marla_villa_for_sale_-_premium_upgraded_home-54573205-12602-1.html
5.35 Crore,7,Marla,Islamabad,G-13,House,Bathrooms: 5,Servant Quarters: 1,2020,2,2,1,2,,https://www.zameen.com/Property/islamabad_g-13_house_for_sale_in_g-13_islamabad-51848499-330-1.html
3.5 Crore,12,Marla,Islamabad,,House,3,Servant Quarters,2024,Lobby in Building,Drawing Room,1,2,,https://www.zameen.com/Property/dha_defence_phase_5_askari_tower_3_brand_new_3_bedroom_6_th_floor_askari_tower_3_flat_for_sale-46393870-17434-1.html
3.5 Crore,5,Marla,Islamabad,,House,Bathrooms: 5,Servant Quarters: 1,2026,1,1,,2,,https://www.zameen.com/Property/g_15_g-15_3_5_marla_house_for_sale_in_g-15_3_fgeha_islamabad-54087239-3350-1.html
3.39 Crore,4,Marla,Islamabad,G-14,House,Bathrooms: 5,Servant Quarters: 1,2025,1,1,1,2,,https://www.zameen.com/Property/islamabad_g-14_brand_new_4_marla_house_for_sale_in_g-14_2_islamabad-53629593-454-1.html
65 Crore,3.6,Kanal,Islamabad,"F-7, Islamabad663.6 Kanal",House,Bathrooms: 6,Servant Quarters: 2,2020,10,2,2,2,,https://www.zameen.com/Property/islamabad_f-7_beautiful_luxury_1_777_sq_yards_house_for_sale_in_f-7_6_master_bedrooms_corner_close-end_street_huge_garden_10_car_parking_prime_vip_location-54469527-165-1.html
40 Crore,2,Kanal,Islamabad,F-7,House,Bathrooms: 6,Servant Quarters: 2,2020,6,2,2,2,,https://www.zameen.com/Property/islamabad_f-7_beautiful_luxury_2_kanal_designer_house_for_sale_in_f-7_6_master_bedrooms_prime_vip_location_beautiful_garden-54469474-165-1.html
65 Crore,5,Kanal,Islamabad,F-8,House,7,Servant Quarters: 3,2019,15,3,2,2,,https://www.zameen.com/Property/islamabad_f-8_beautiful_luxurious_house_available_for_sale_in_f-_8_islamabad_7_bedrooms_top_off_location_low_price-53222832-166-1.html
35 Crore,2,Kanal,Islamabad,F-8,House,6,Servant Quarters: 1,2025,6,1,1,2,,https://www.zameen.com/Property/islamabad_f-8_beautiful_2_kanal_luxury_house_for_sale_in_f-8_islamabad_prime_vip_location_6_bedroom_elegant_residence-54193495-166-1.html
5.5 Crore,6.7,Marla,Islamabad,,House,4,,,,,,,,https://www.zameen.com/Property/g_9_g-9_4_ready_to_buy_a_house_1500_square_feet_in_islamabad-54797443-3387-1.html
28 Crore,1,Kanal,Islamabad,F-8,House,6,Servant Quarters: 1,2021,4,1,2,2,,https://www.zameen.com/Property/islamabad_f-8_beautiful_luxury_500_sq_yards_6_bedroom_house_for_sale_in_f-8_islamabad_cda_transfer_prime_location-54534797-166-1.html
25 Crore,1.6,Kanal,Islamabad,"F-11, Islamabad441.6 Kanal",House,4,Servant Quarters: 1,2022,5,1,1,1,,https://www.zameen.com/Property/islamabad_f-11_beautiful_elegant_800_sq_yards_luxury_house_for_sale_in_f-11_cda_transfer_4_bedrooms_prime_vip_location-54548037-163-1.html
22.5 Crore,1.4,Kanal,Islamabad,"F-10, Islamabad661.4 Kanal",House,6,Servant Quarters: 2,2020,5,2,2,2,,https://www.zameen.com/Property/islamabad_f-10_beautiful_luxury_6_bedroom_house_for_sale_in_f-10_islamabad_677_square_yards_cda_transfer_prime_vip_location-53613672-162-1.html
5.8 Crore,14.2,Marla,Islamabad,,House,,,,,,,,,https://www.zameen.com/Property/g_15_g-15_1_a_great_choice_for_a_3200_square_feet_house_available_in_g-15_1-54661555-3348-1.html
3.45 Crore,10,Marla,Islamabad,F-17,House,Bathrooms: 7,Servant Quarters: 1,2025,2,1,1,2,,https://www.zameen.com/Property/islamabad_f-17_10_marla_new_house_for_sale_f-17_islamabad_bank_loan_possible_all_facility_available_cda_pproved_sector-53453761-335-1.html
1.5,4,Kanal,Islamabad,F-7,House,Bathrooms: 9,Servant Quarters: 3,,10,3,1,2,,https://www.zameen.com/Property/islamabad_f-7_corner_ideal_house_on_sale_for_good_return_in_f-7_islamabad-54802934-165-1.html
48 Crore,2.1,Kanal,Islamabad,"F-8, Islamabad772.1 Kanal",House,Bathrooms: 8,Servant Quarters,,Double Glazed Windows,Drawing Room,Lounge or Sitting Room,Powder Room,,https://www.zameen.com/Property/islamabad_f-8_investors_opportunity_prime_corner_house_in_f-8-54802698-166-1.html
40 Crore,6,Kanal,Islamabad,,House,Bathrooms,Servant Quarters,,Double Glazed Windows,Drawing Room,Lounge or Sitting Room,Study Room,,https://www.zameen.com/Property/gulberg_greens_gulberg_greens_-_block_c_luxury_6-kanal_corner_farm_house_for_sale_in_gulberg_greens_block_c_swimming_pool_premium_features-54801650-8315-1.html
4.4 Crore,8,Marla,Islamabad,,House,,,,,,,,,https://www.zameen.com/Property/mpchs_multi_gardens_mpchs_-_block_e_brand_new_house_for_sale_to_live_and_investment-54612533-3120-1.html
7.75 Crore,1,Kanal,Islamabad,Naval Anchorage,House,,,,,,,,,https://www.zameen.com/Property/islamabad_naval_anchorage_brand_new_house_near_main_entrance-54621247-375-1.html
5.5 Crore,12.4,Marla,Islamabad,,House,4,,,,,,,,https://www.zameen.com/Property/f_11_f-11_markaz_2800_sq_ft_4_bed_room_corner_front_face_appartment_for_sale-54711407-3286-1.html
4.25 Crore,8,Marla,Islamabad,,House,,,,,,,,,https://www.zameen.com/Property/gulberg_residencia_gulberg_residencia_-_block_c_house_for_sale_gulberg_residencia_block_c-54820561-9114-1.html
1.7 Crore,5,Marla,Islamabad,,House,4,,,,,,,,https://www.zameen.com/Property/park_view_city_park_view_-_block_j_4_bedrooms_primes_location_views_a_quality-54819852-16867-1.html
2.9 Crore,4,Marla,Islamabad,I-11,House,Bathrooms: 3,Servant Quarters: 1,2025,1,1,,2,,https://www.zameen.com/Property/islamabad_i-11_4_marla_new_house_in_i-11_2-54794400-706-1.html
2.6 Crore,5,Marla,Islamabad,,House,Bathrooms: 4,Servant Quarters: 1,2026,Double Glazed Windows,1,2,1,1,https://www.zameen.com/Property/bahria_enclave_bahria_enclave_-_sector_i_dream_home_for_sale_5_marla_designer_house_sector_i_bahria_enclave_near_civic_zone_amp_all_facilities-54583355-11982-1.html
7.85 Crore,10,Marla,Islamabad,,House,Bathrooms: 4,Servant Quarters: 2,2026,2,2,1,2,,https://www.zameen.com/Property/dha_defence_dha_defence_phase_2_10_marla_ideally_location_designer_solid_house_available_for_sale-54734012-339-1.html
16.5 Crore,1,Kanal,Islamabad,,House,6,Servant Quarters: 2,2026,3,2,1,2,,https://www.zameen.com/Property/dha_defence_dha_defence_phase_2_attractive_6_bedroom_designer_house_available_for_sale-54733701-339-1.html
12 Crore,5,Kanal,Islamabad,Naval Farms Housing Scheme,House,,,,,,,,,https://www.zameen.com/Property/islamabad_naval_farms_housing_scheme_05_kanal_farm_house_for_sale-54675080-1724-1.html
6.5 Crore,10,Marla,Islamabad,,House,,,,,,,1,,https://www.zameen.com/Property/dha_defence_phase_5_dha_phase_5_-_sector_d_dha_phase_5_sector_d_new_house_is_available_for_sale-54795928-8403-1.html
75 Lakh,3.9,Marla,Islamabad,,House,Bathrooms: 2,Dining Room,2026,Lobby in Building,,1,1,,https://www.zameen.com/Property/i_12_i-12_1_i-12_1_d-type_7th_floor_apartment_all_dues_clear-54291978-13800-1.html
5 Crore,5.6,Marla,Islamabad,,House,,,,,,,,,https://www.zameen.com/Property/g_8_g-8_1_prime_location_house_sized_1250_square_feet_in_g-8_1-54807268-3376-1.html
5.3 Crore,6.7,Marla,Islamabad,,House,,,,,,,,,https://www.zameen.com/Property/g_8_g-8_1_prominently-located_prime_location_house_available_in_g-8_1_for_sale-54803912-3376-1.html
5.25 Crore,5.6,Marla,Islamabad,Real estate in Islamabad is booming...more,House,,,,,,,,,https://www.zameen.com/Property/g_10_g-10_4_house_1250_square_feet_for_sale_in_g-10_4-54801177-3327-1.html
12.5 Crore,12.4,Marla,Islamabad,,House,,,,,,,,,https://www.zameen.com/Property/i_8_i-8_2_buy_2800_square_feet_house_at_highly_affordable_price-54801176-3442-1.html
5.7 Crore,6.7,Marla,Islamabad,,House,,,,,,,,,https://www.zameen.com/Property/g_9_g-9_4_ideal_house_for_sale_in_g-9_4-54801175-3387-1.html
5.3 Crore,6.7,Marla,Islamabad,,House,,,,,,,,,https://www.zameen.com/Property/g_8_g-8_1_prominently-located_prime_location_house_available_in_g-8_1_for_sale-54797445-3376-1.html
13 Crore,6.7,Marla,Islamabad,,House,,,,,,,,,https://www.zameen.com/Property/g_9_g-9_3_1500_square_feet_house_is_available_in_g-9_3-51505069-3386-1.html
2.85 Crore,7.3,Marla,Islamabad,,House,2,Drawing Room,2011,Lobby in Building,,Steam Room,Store Rooms,,https://www.zameen.com/Property/g_11_g-11_3_g-11_3_front_facing_corner_2bed_apartment_available_for_sale-54514186-3332-1.html
2.9 Crore,5,Marla,Islamabad,B-17,House,Community FeaturesMosque,Community FeaturesMosque,2026,1,Community FeaturesMosque,,,Community FeaturesMosque,https://www.zameen.com/Property/islamabad_b-17_5_marla_house_for_sale_in_sector_b-17_islamabad-54744057-616-1.html
6 Crore,10,Marla,Islamabad,,House,Bathrooms: 6,Servant Quarters: 1,2026,2,1,1,2,,https://www.zameen.com/Property/bahria_enclave_bahria_enclave_-_sector_c1_sector_c1_10_marla_brand_new_house_for_sale_bahria_enclave_islamabad-54748826-11987-1.html
1.45 Crore,7.5,Marla,Islamabad,,House,3,Servant Quarters: 1,2024,1,1,1,1,,https://www.zameen.com/Property/bahria_enclave_the_galleria_the_galleria_3_bed_apartment_1695_square_feet_brand_new_on_6th_floor_sun_facing_available_for_sale-53557692-10002-1.html
24 Crore,1,Kanal,Islamabad,D-12,House,Bathrooms: 8,Servant Quarters: 3,2026,2,3,3,3,,https://www.zameen.com/Property/islamabad_d-12_beautiful_location_street_corner_house_for_sale-54679152-160-1.html
7.9 Crore,1,Kanal,Islamabad,,House,,,2026,4,,,,,https://www.zameen.com/Property/dha_defence_dha_defence_phase_3_investor_price_1_kanal_elegant_house_for_sale_in_dha_3-54798682-8412-1.html
11 Crore,1,Kanal,Islamabad,B-17,House,,,,,,,,,https://www.zameen.com/Property/islamabad_b-17_1_kanal_luxury_designer_house_for_sale_b_block_multi_garden_b_17_islamabad-54598057-616-1.html
5.3 Crore,1,Kanal,Islamabad,,House,3,,,,,,,,https://www.zameen.com/Property/margalla_hills_2_capital_residencia_lavish_3_bedrooms_penthouse_available_for_sale_in_capital_residencia-49008923-10573-1.html
98.28 Lakh,2.4,Marla,Islamabad,,House,1,,,Lobby in Building,,,,,https://www.zameen.com/Property/top_city_1_top_city_1_-_block_b_1_bed_apartment_available_for_sale_on_3_year_easy_installment_plan-54823061-9230-1.html
90 Crore,3.2,Kanal,Islamabad,,House,Bathrooms: 6,Drawing Room,,,,,,,https://www.zameen.com/Property/f_7_f-7_4_prime_location_park_face_house_available-54822478-3310-1.html
1 Crore,4.7,Marla,Islamabad,,House,2,Servant Quarters: 1,2023,1,1,1,1,,https://www.zameen.com/Property/b_17_mpchs_-_multi_gardens_possession_2bed_ultera_luxury_park-face_corner_flat_spread_over_1050_square_feet_in_mpchs_-_multi_gardens_available_on_post_handover_payment_plan_own_now_pay_later_with_our_mega_offer_just_15lac_better_option_than_dha_and_behria_town-53069623-3115-1.html
2.85 Crore,5,Marla,Islamabad,,House,Bathrooms: 4,Servant Quarters: 1,2026,Double Glazed Windows,1,1,2,,https://www.zameen.com/Property/bahria_enclave_bahria_enclave_-_sector_h_brand_new_designer_house_for_sale_5_marla_south_facing_house_sector_h_bahria_enclave_islamabad_demand_pkr_27_5_million-54574655-11983-1.html
8.5 Crore,1,Kanal,Islamabad,,House,Bathrooms: 06,Servant Quarters: 02,2026,03,02,,1,,https://www.zameen.com/Property/dha_defence_dha_defence_phase_2_1_kanal_house_is_available_for_sale-54753054-339-1.html
1 Crore,3.9,Marla,Islamabad,,House,Bathrooms: 2,Dining Room,2026,Lobby in Building,,1,1,,https://www.zameen.com/Property/i_12_i-12_1_i-12_1_all_dues_clear_1st_floor_d-type_flat-54291999-13800-1.html
60 Lakh,3.2,Marla,Islamabad,,House,Bathrooms: 2,Dining Room,2026,Lobby in Building,,1,1,,https://www.zameen.com/Property/i_12_i-12_1_i-12_1_e-type_all_dues_clear_8th_floor_flat-54292049-13800-1.html
17.5 Crore,1,Kanal,Islamabad,F-10,House,Bathrooms: 6,Servant Quarters: 1,2001,5,1,1,2,,https://www.zameen.com/Property/islamabad_f-10_old_duplex_house_for_sale_sector_f_10_investor_rate_good_location-54380249-162-1.html
27 Crore,1.4,Kanal,Islamabad,"F-10, Islamabad661.4 Kanal",House,Bathrooms: 6,Servant Quarters: 2,2005,6,2,1,2,,https://www.zameen.com/Property/islamabad_f-10_house_for_sale_sector_f_10_size_677_square_yards_top_location_liveable_house-54380284-162-1.html
7.5 Crore,10.1,Marla,Islamabad,"E-11, Islamabad7610.1 Marla",House,Bathrooms: 7,Servant Quarters: 2,2014,2,2,1,3,,https://www.zameen.com/Property/islamabad_e-11_house_for_sale_sector_e_11_size_10_marla_triple_story-54381173-329-1.html
3.7 Crore,8,Marla,Islamabad,,House,Bathrooms: 6,Servant Quarters: 1,,2,1,1,2,,https://www.zameen.com/Property/faisal_town_phase_1_faisal_town_phase_1_-_block_a_8_marla_luxury_house_for_sale_in_faisal_town_block_a-54823881-16416-1.html
3.7 Crore,7.3,Marla,Islamabad,,House,2,Drawing Room,2025,Lobby in Building,,Steam Room,Powder Room,,https://www.zameen.com/Property/g_11_markaz_warda_hamna_residencia_g-11_brand_new_2_bedroom_apartment_available_for_sale_in_warda_hamna_4-54540661-22209-1.html
5.45 Crore,10,Marla,Islamabad,,House,,,2026,Flooring,,,,,https://www.zameen.com/Property/top_city_1_top_city_1_-_block_d_double_unit_corner_house_on_main_60_ft_and_40_ft_streets_an_ideal_corner_house-54823878-9233-1.html
10 Crore,1,Kanal,Islamabad,,House,Bathrooms: 6,Servant Quarters: 2,2025,3,2,2,2,,https://www.zameen.com/Property/dha_defence_dha_defence_phase_2_1_kanal_brand_new_designer_luxury_house_for_sale_dha_phase_2_islamabad-53529650-339-1.html
7.5 Crore,10,Marla,Islamabad,,House,Bathrooms: 6,Servant Quarters: 1,2025,2,1,1,2,,https://www.zameen.com/Property/dha_defence_dha_defence_phase_2_10_marla_brand_new_designer_luxury_house_for_sale_dha_phase_2_islamabad-53529685-339-1.html
11.25 Crore,1,Kanal,Islamabad,,House,Bathrooms: 6,Servant Quarters: 2,2026,3,2,1,2,,https://www.zameen.com/Property/dha_defence_dha_defence_phase_2_1_kanal_brand_new_ultra_designer_luxury_house_for_sale_dha_phase_2_islambad-54170916-339-1.html
12.5 Crore,1,Kanal,Islamabad,,House,Bathrooms: 6,Servant Quarters: 2,2026,3,2,2,4,,https://www.zameen.com/Property/dha_defence_dha_defence_phase_2_1_kanal_brand_ultra_deigner_luxury_house_for_sale_dha_phase_2_islambad-54628967-339-1.html
4.15 Crore,5,Marla,Islamabad,,House,Bathrooms: 5,Servant Quarters: 1,2026,1,1,1,2,,https://www.zameen.com/Property/dha_defence_dha_defence_phase_5_5_marla_brand_new_designer_luxury_house_for_sale_dha_phase_5_islamabad-54629077-10991-1.html
3.8 Crore,7,Marla,Islamabad,,House,,,,,,,,,https://www.zameen.com/Property/mpchs_multi_gardens_mpchs_-_block_e_7_mara_house_dubal_bastment_available_for_sale-54767988-3120-1.html
3.6 Crore,12.2,Marla,Islamabad,,House,4,,,,,,,,https://www.zameen.com/Property/dha_defence_phase_5_askari_heights_5_4_bed_apartment_best_investment_ready_to_move-54802002-22450-1.html
35 Crore,4,Kanal,Islamabad,,House,Bathrooms: 13,Servant Quarters: 4,,14,4,4,4,,https://www.zameen.com/Property/gulberg_gulberg_greens_4_kanal_corner_ready_to_move_triple_storey_farmhouse_for_sale_in_executive_block_gulberg_greens_islamabad-54768385-8312-1.html
12.8 Crore,14.2,Marla,Islamabad,,House,Bathrooms: 5,Servant Quarters: 1,1990,2,1,1,2,,https://www.zameen.com/Property/g_9_g-9_3_g9_house_40x80_for_sale-53704763-3386-1.html
14 Crore,14.2,Marla,Islamabad,"G-9, Islamabad7714.2 Marla",House,Bathrooms: 8,Servant Quarters: 1,2015,3,1,2,3,,https://www.zameen.com/Property/islamabad_g-9_corner_40x80_house_with_extra_land-52625488-171-1.html
68 Lakh,3.9,Marla,Islamabad,"F-17, Islamabad223.9 Marla",House,2,Drawing Room,2019,,,,1,,https://www.zameen.com/Property/islamabad_f-17_flat_for_sale_2nd_floor_bank_loan_available-54705202-335-1.html
5.25 Crore,7.6,Marla,Islamabad,,House,2,,,,,,,,https://www.zameen.com/Property/g_10_markaz_veranda_executive_2_bedroom_apartment_for_sale-54750328-21775-1.html
8.5 Crore,10,Marla,Islamabad,,House,Bathrooms: 5,Drawing Room,,,,1,2,,https://www.zameen.com/Property/g_9_g-9_2_corner_house_for_sale-54823790-3385-1.html
3.6 Crore,7.2,Marla,Islamabad,,House,Bathrooms: 4,Servant Quarters: 1,2022,Lobby in Building,1,1,1,,https://www.zameen.com/Property/g_11_3_capital_heights_flat_of_1630_square_feet_is_available_for_sale_in_capital_heights_islamabad-52859295-13256-1.html
5.18 Crore,10,Marla,Islamabad,B-17,House,Bathrooms: 7,Servant Quarters: 1,2026,3,1,1,2,,https://www.zameen.com/Property/islamabad_b-17_10_marla_house_for_sale_in_b_-17_islamabad-54418308-616-1.html
3.9 Crore,5,Marla,Islamabad,DHA Phase 5 Islamabad Beautifully D...more,House,Bathrooms: 04,Servant Quarters: 01,2026,01,01,01,02,,https://www.zameen.com/Property/dha_defence_dha_defence_phase_5_prime_location_house_near_to_masjid_near_to_giga_mall_near_to_aps_school_near_to_control_park_near_to_j_mart-54707103-10991-1.html
13.85 Crore,1,Kanal,Islamabad,DHA Phase 2Islamabad Beautifully De...more,House,Bathrooms: 06,Servant Quarters: 03,2026,03,03,,02,,https://www.zameen.com/Property/dha_defence_dha_defence_phase_2_house_for_sale_is_readily_available_in_prime_location_of_dha_defence_phase_2-54712692-339-1.html
35 Crore,2,Kanal,Islamabad,F-10,House,Bathrooms: 7,Servant Quarters: 2,2000,6,2,2,2,,https://www.zameen.com/Property/islamabad_f-10_old_house_for_sale_sector_f_10_resenable_price-54547632-162-1.html
32 Crore,1.1,Kanal,Islamabad,"F-10, Islamabad861.1 Kanal",House,Bathrooms: 8,Servant Quarters: 2,2022,5,2,2,2,,https://www.zameen.com/Property/islamabad_f-10_new_house_for_sale_f_10_size_555_square_yards_triple_story-54626504-162-1.html
27 Crore,1.1,Kanal,Islamabad,"F-11, Islamabad861.1 Kanal",House,Bathrooms: 9,Servant Quarters: 2,2010,5,2,1,3,,https://www.zameen.com/Property/islamabad_f-11_house_for_sale_sector_f_11_size_one_kanal_triple_store_with_two_kanal_extra_land_well_maintained_good_location-54772198-163-1.html
18.5 Crore,1,Kanal,Islamabad,F-11,House,Bathrooms: 6,Servant Quarters: 1,2005,5,1,1,2,,https://www.zameen.com/Property/islamabad_f-11_house_for_sale_sector_f_11_size_one_kanal_reasonable_price_dimension_60_75-54772256-163-1.html
27 Crore,1.1,Kanal,Islamabad,"F-8, Islamabad661.1 Kanal",House,Bathrooms: 6,Servant Quarters: 2,2000,4,2,1,1,,https://www.zameen.com/Property/islamabad_f-8_house_for_sale_sector_f_8_top_location_daimension_70_73_size_566_sq_yards-54796740-166-1.html
4.5 Crore,9.6,Marla,Islamabad,,House,3,Drawing Room,2023,Lobby in Building,,Steam Room,Powder Room,,https://www.zameen.com/Property/g_11_3_the_arch_g-11_3_luxury_3bed_apartment_available_for_sale-54353279-12793-1.html
7.15 Crore,10,Marla,Islamabad,,House,Bathrooms: 6,Servant Quarters: 1,2026,2,1,1,2,,https://www.zameen.com/Property/dha_defence_dha_defence_phase_2_10_marla_brand_new_ultra_designer_house_for_sale_dha_2_islambad-54653130-339-1.html
3.95 Crore,5,Marla,Islamabad,,House,Bathrooms: 4,Servant Quarters: 1,2026,1,1,1,2,,https://www.zameen.com/Property/dha_defence_dha_defence_phase_5_5_marla_brand_new_ultra_designer_house_for_sale_dha_phase_5_islmabad-54653230-10991-1.html
10.9 Crore,1,Kanal,Islamabad,"DHA PHASE 2 Islamabad
*House Detail...more",House,Bathrooms: 6,Servant Quarters: 2,2026,4,2,2,2,,https://www.zameen.com/Property/dha_defence_dha_defence_phase_2_fully_furnished_1_kanal_designer_house_ready_for_sale_in_dha_defence_phase_2_islamabad-54739387-339-1.html
11.8 Crore,1,Kanal,Islamabad,"DHA PHASE 2 Islamabad
*House Detail...more",House,Bathrooms: 6,Servant Quarters: 2,2026,4,2,2,2,,https://www.zameen.com/Property/dha_defence_dha_defence_phase_2_american_style_1_kanal_designer_house_ready_for_sale_in_dha_defence_phase_2_islamabad-54731128-339-1.html
5.2 Crore,7.8,Marla,Islamabad,,House,3,Drawing Room,2025,Flooring,,,Lounge or Sitting Room,,https://www.zameen.com/Property/g_11_1_11_central_apartments_g-11_markaz_11_central_3bed_apartment_available_for_sale-54353281-22037-1.html
4.2 Crore,9.6,Marla,Islamabad,,House,3,Drawing Room,2023,1,,1,1,,https://www.zameen.com/Property/g_11_3_the_arch_g-11_the_arch_brand_new_investor_price_3bed_apartment_available_for_sale-54526093-12793-1.html
3.35 Crore,5.8,Marla,Islamabad,,House,2,Drawing Room,2016,1,,Lounge or Sitting Room,Store Rooms,,https://www.zameen.com/Property/f_11_executive_heights_investor_price_f-11_executive_heights_2bedroom_apartment_available_for_sale-54679953-10658-1.html
75 Crore,2,Kanal,Islamabad,E-7,House,Bathrooms: 8,Servant Quarters: 1,2015,5,1,2,3,,https://www.zameen.com/Property/islamabad_e-7_e-7_house_for_sale-52625451-343-1.html
28.75 Crore,1.3,Kanal,Islamabad,"F-7, Islamabad551.3 Kanal",House,Bathrooms: 5,Servant Quarters: 2,,3,2,1,1,,https://www.zameen.com/Property/islamabad_f-7_house_for_sale_in_f-7_islamabad_prime_location_with_margalla_view-54803046-165-1.html
36 Crore,1.1,Kanal,Islamabad,"F-6, Islamabad571.1 Kanal",House,Bathrooms: 5,Servant Quarters: 2,,3,2,1,1,,https://www.zameen.com/Property/islamabad_f-6_corner_house_for_sale_in_f-6_islamabad-54802981-164-1.html
4.9 Crore,8,Marla,Islamabad,,House,Bathrooms: 6,Servant Quarters: 1,2026,2,1,,2,,https://www.zameen.com/Property/b_17_mpchs_-_multi_gardens_8_marla_brand_new_luxury_house_for_sale_mpchs_multi_gardens_b-17_islamabad-54564380-3115-1.html
1.3 Crore,6.6,Marla,Islamabad,,House,3,,2023,Flooring,,,,,https://www.zameen.com/Property/i_16_i-16_3_b_type_3_bed_apartment_with_servant_room_on_first_floor_of_pha_i-_16_for_sale-54649853-3437-1.html
11 Crore,14.2,Marla,Islamabad,"G-9, Islamabad6614.2 Marla",House,6,6,,3,1,2,2,,https://www.zameen.com/Property/islamabad_g-9_6_bedrooms_6_bathrooms_house_available_for_sale-54739518-171-1.html
35 Crore,2.3,Kanal,Islamabad,,House,5,Servant Quarters: 2,1999,5,2,1,2,,https://www.zameen.com/Property/f_10_f-10_1_f10_1_pindi_face_deadinsrteet_size_1125_square_yards_house_for_sale-54815917-3276-1.html
6.2 Crore,10,Marla,Islamabad,,House,Bathrooms: 5,Servant Quarters,2025,2,Drawing Room,,,,https://www.zameen.com/Property/kashmir_highway_eighteen_10_marla_luxury_fully_fitted_villa_available_for_sale_in_eighteen_islamabad-54628343-12602-1.html
6.5 Crore,1,Kanal,Islamabad,,House,,,,,,,,,https://www.zameen.com/Property/dha_defence_phase_4_dha_phase_4_-_sector_a_best_options_for_prime_location_house_is_available_for_sale_in_dha_phase_4_-_sector_a-54714782-13956-1.html
1.45,5.2,Kanal,Islamabad,"PKR1.45 ArabF-6, Islamabad665.2 KanalOut class location houseOne of the top location of F6 near...moreAdded: 2 days ago",House,,,,,,,,,https://www.zameen.com/Property/islamabad_f-6_out_class_location_house-54426761-164-1.html
4.7 Crore,7,Marla,Islamabad,,House,Bathrooms: 06,Servant Quarters: 01,2025,02,01,,1,,https://www.zameen.com/Property/dha_defence_dha_defence_phase_5_prime_location-54791888-10991-1.html
2.5 Crore,5,Marla,Islamabad,,House,Bathrooms: 5,Servant Quarters,2026,1,Drawing Room,Lounge or Sitting Room,1,,https://www.zameen.com/Property/b_17_mpchs_-_multi_gardens_5_marla_brand_new_house_available_for_sale_in_mpchs_multi_garden_b17_islamabad-54796674-3115-1.html
12.9 Crore,1,Kanal,Islamabad,,House,Bathrooms: 7,Servant Quarters,2026,3,Drawing Room,Steam Room,2,,https://www.zameen.com/Property/dha_defence_dha_defence_phase_2_1_kanal_elegant_designer_house_with_basement_up_for_sale-54254728-339-1.html
12 Crore,1,Kanal,Islamabad,,House,Bathrooms: 6,Servant Quarters: 1,2025,3,1,,2,2,https://www.zameen.com/Property/dha_defence_dha_defence_phase_2_1_kanal_brand_new_fully_furnish_designer_house_up_for_sale-54295797-339-1.html
23.5 Crore,1,Kanal,Islamabad,D-12,House,Bathrooms: 6,Servant Quarters: 1,2025,3,1,1,2,,https://www.zameen.com/Property/islamabad_d-12_1_kanal_beautiful_designer_house-54157577-160-1.html
6.95 Crore,10,Marla,Islamabad,,House,Bathrooms: 5,Servant Quarters: 1,2026,3,1,1,2,,https://www.zameen.com/Property/dha_defence_dha_defence_phase_2_10_marla_designer_house_for_sale_in_dha_phase_2_islamabad-54661950-339-1.html
7.25 Crore,10,Marla,Islamabad,,House,Bathrooms: 5,Servant Quarters: 1,2026,3,1,1,2,,https://www.zameen.com/Property/dha_defence_dha_defence_phase_2_front_open_designer_10_marla_house_for_sale_dha_phase_2_islamabad-54661978-339-1.html
8.9 Crore,1,Kanal,Islamabad,"DHA PHASE 2 Islamabad
*House Detail...more",House,Bathrooms: 6,Servant Quarters: 2,2026,4,2,2,2,,https://www.zameen.com/Property/dha_defence_dha_defence_phase_2_be-spoke_1_kanal_designer_house_ready_for_sale_in_dha_defence_phase_2_islamabad-54727497-339-1.html
11.5 Crore,1,Kanal,Islamabad,,House,Bathrooms: 7,Servant Quarters: 2,2026,3,2,2,2,,https://www.zameen.com/Property/dha_defence_dha_defence_phase_2_dha_2_one_kanal_brand_new_designer_park_face_house_for_sale-52510436-339-1.html
24 Crore,1.3,Kanal,Islamabad,,House,Bathrooms: 8,Servant Quarters: 2,2024,3,2,2,2,,https://www.zameen.com/Property/dha_defence_dha_defence_phase_2_dha2_26_marla_brand_new_luxurious_house_full_furnished_house_most_prime_location_of_dha2-52508847-339-1.html
10.9 Crore,1,Kanal,Islamabad,,House,Bathrooms: 6,Servant Quarters: 2,2024,3,2,2,2,,https://www.zameen.com/Property/dha_defence_dha_defence_phase_2_dha_2_one_kanal_brand_new_luxurious_house-52691402-339-1.html
10.9 Crore,1,Kanal,Islamabad,,House,Bathrooms: 6,Servant Quarters: 2,2024,3,2,2,2,,https://www.zameen.com/Property/dha_defence_dha_defence_phase_2_dha_2_one_kanal_brand_new_designer_luxurious_house-52892788-339-1.html
10.9 Crore,1,Kanal,Islamabad,Islamabad is well connected through...more,House,Bathrooms: 6,Servant Quarters: 2,2024,3,2,2,2,,https://www.zameen.com/Property/dha_defence_dha_defence_phase_2_dha_2_one_kanal_brand_new_luxurious_house_for_sale-52892789-339-1.html
11.9 Crore,1,Kanal,Islamabad,,House,Bathrooms: 6,Servant Quarters: 2,2025,3,2,2,2,,https://www.zameen.com/Property/dha_defence_dha_defence_phase_2_dha_phase_2_one_kanal_brand_new_luxurious_designer_house_for_sale-52911572-339-1.html
3.25 Crore,5,Marla,Islamabad,,House,Bathrooms: 5,Servant Quarters: 1,2026,1,1,1,2,,https://www.zameen.com/Property/gulberg_gulberg_greens_5_marla_brand_new_house_for_sale_in_gulberg_greens_islamabad-54598470-8312-1.html
2.5 Crore,5,Marla,Islamabad,Mumtaz City,House,,,,,,,1,,https://www.zameen.com/Property/islamabad_mumtaz_city_5_marla_house_is_available_for_sale-54743389-3464-1.html
5 Crore,10,Marla,Islamabad,Bani Gala,House,Bathrooms: 5,Drawing Room,,,,,,,https://www.zameen.com/Property/islamabad_bani_gala_10_marla_house_for_sale_in_banigala_islamabad_hill_view-54611813-340-1.html
14.9 Crore,1.5,Kanal,Islamabad,,House,,,,,,,,,https://www.zameen.com/Property/dha_defence_dha_defence_phase_2_buy_your_ideal_30_marla_house_in_a_prime_location_of_islamabad-54731347-339-1.html
6.9 Crore,10,Marla,Islamabad,,House,Bathrooms: 7,Servant Quarters: 1,2021,3,1,1,2,,https://www.zameen.com/Property/dha_defence_phase_2_dha_phase_2_-_sector_c_excellent_10_marla_house_corner_3_sides_open_with_solar_system_for_sale_this_is_a_triple_storey_house_with_top_class_open_basement-54748879-3198-1.html
14.7 Crore,1,Kanal,Islamabad,,House,Bathrooms: 6,Servant Quarters: 2,2026,4,2,2,2,,https://www.zameen.com/Property/dha_defence_phase_2_dha_phase_2_-_sector_f_excellent_designers_house_near_to_central_park_for_sale_in_dha_2_islamabad_on_a_reasonable_price-54780236-3201-1.html
16 Crore,1,Kanal,Islamabad,G-13,House,Bathrooms: 8,Servant Quarters: 1,2026,3,1,,2,,https://www.zameen.com/Property/islamabad_g-13_perfect_prime_location_1_kanal_house_in_g-13_for_sale-54761414-330-1.html
2 Crore,5,Marla,Islamabad,,House,,,,,,,,,https://www.zameen.com/Property/mpchs_multi_gardens_mpchs_-_block_f_5_marla_house_ideally_situated_in_mpchs_-_block_f-54735896-8527-1.html
16 Crore,1.2,Kanal,Islamabad,,House,Bathrooms: 3,Servant Quarters: 1,,,1,1,1,,https://www.zameen.com/Property/i_8_i-8_2_inverter_s_price_i-8_2_600_yards_single_storey_house_for_sale-54754561-3442-1.html
7 Crore,1,Kanal,Islamabad,,House,Bathrooms: 4,Servant Quarters: 1,2013,Double Glazed Windows,1,1,1,,https://www.zameen.com/Property/dha_phase_1_sector_f_dha_phase_1_-_defence_villas_corner_executive_defence_villa_for_sale_dha_phase_1_sector_f_islamabad-54744680-3075-1.html
21 Crore,14.2,Marla,Islamabad,I-8/3 Islamabad 4080 Brand New Corn...more,House,Bathrooms: 7,Servant Quarters: 1,2026,4,1,1,2,2,https://www.zameen.com/Property/i_8_i-8_3_i-8_3_40x80_barnd_new_double_story_house_available_for_sale_near_kachnar_park_prime_location-54817924-3443-1.html
4 Crore,8,Marla,Islamabad,,House,,,,,,,,,https://www.zameen.com/Property/mpchs_multi_gardens_mpchs_-_block_c1_this_is_your_chance_to_buy_house_in_mpchs_-_block_c1_islamabad-54767562-12607-1.html
6.4 Crore,10,Marla,Islamabad,,House,,,,,,,,,https://www.zameen.com/Property/mpchs_multi_gardens_mpchs_-_block_b_get_your_dream_house_in_mpchs_-_block_b_islamabad-54793126-3117-1.html
6.5 Crore,10,Marla,Islamabad,,House,Bathrooms: 6,Servant Quarters: 1,2026,3,1,1,2,2,https://www.zameen.com/Property/dha_defence_dha_defence_phase_5_10_marla_double_unit_house_in_dha_phase_5_islamabad-54664255-10991-1.html
4.85 Crore,11,Marla,Islamabad,,House,4,Servant Quarters: 1,2023,1,1,1,1,,https://www.zameen.com/Property/dha_phase_1_sector_f_dha_phase_1_-_defence_villas_4_bedroom_defense_villa_for_sale_in_gated_community-54781579-3075-1.html
5.15 Crore,4,Marla,Islamabad,,House,Bathrooms: 3,Servant Quarters: 1,2026,1,1,,2,,https://www.zameen.com/Property/d_12_d-12_1_25_40_4_marla_brand_new_house_prime_location-54820453-3154-1.html
7.54 Crore,1.1,Kanal,Islamabad,"G-15, Islamabad861.1 Kanal",House,,,,,,,,,https://www.zameen.com/Property/islamabad_g-15_house_for_sale_is_readily_available_in_prime_location_of_g-15-54785837-764-1.html
5.57 Crore,12,Marla,Islamabad,G-15,House,Bathrooms: 6,Servant Quarters: 1,2026,3,1,2,2,,https://www.zameen.com/Property/islamabad_g-15_12_marla_house_available_for_sell_in_g-15-54783877-764-1.html
12 Crore,14,Marla,Islamabad,G-13,House,Bathrooms: 7,Servant Quarters: 2,2026,4,2,,2,4,https://www.zameen.com/Property/islamabad_g-13_14_marla_brand_new_house_for_sale_in_g13_islamabad-54696996-330-1.html
12 Crore,14,Marla,Islamabad,G-13,House,Bathrooms: 7,Servant Quarters: 2,2026,4,2,Lounge or Sitting Room,2,2,https://www.zameen.com/Property/islamabad_g-13_14_marla_brand_new_luxury_house_for_sale_in_g-13_islamabad-54740987-330-1.html
7 Crore,7,Marla,Islamabad,G-13,House,Bathrooms: 6,Servant Quarters: 2,2026,2,2,Steam Room,2,,https://www.zameen.com/Property/islamabad_g-13_7marla_brand_new_luxury_house_for_sale_in_g-13_islamabad-54740968-330-1.html
6.5 Crore,7,Marla,Islamabad,,House,Bathrooms: 6,Servant Quarters: 1,2026,2,1,,2,,https://www.zameen.com/Property/g_14_g-14_4_brand_new_7_marla_house_for_sale_in_g14_4_islamabad-54551832-3346-1.html
5.83 Crore,7.4,Marla,Islamabad,,House,2,Drawing Room,2028,Lobby in Building,,01,01,,https://www.zameen.com/Property/kashmir_highway_eighteen_luxury_2_bed_apartment_for_sale_in_eighteen_islamabad-54823665-12602-1.html
1.1 Crore,5,Marla,Islamabad,Bani Gala,House,Bathrooms: 3,Kitchens: 1,,1,,,1,,https://www.zameen.com/Property/islamabad_bani_gala_5_marla_1_5_story_house_for_sale_in_banigala_islamabad-54823650-340-1.html
28.75 Crore,1,Kanal,Islamabad,F-8,House,Bathrooms: 6,Servant Quarters: 2,2003,8,2,2,2,5,https://www.zameen.com/Property/islamabad_f-8_fully_renovated_house_for_sale_in_f8_on_most_prime_location-54575969-166-1.html
37 Crore,1.1,Kanal,Islamabad,"E-7, Islamabad451.1 Kanal",House,Bathrooms: 4,Servant Quarters: 1,1973,8,1,1,1,,https://www.zameen.com/Property/islamabad_e-7_e7_house_for_sale_on_most_prime_location-54576048-343-1.html
4 Crore,7,Marla,Islamabad,,House,,,,,,,2,6,https://www.zameen.com/Property/mpchs_multi_gardens_mpchs_-_block_e_7_marla_house_available_for_sale_in_mpchs_-_block_e-54786694-3120-1.html
37.75 Crore,1.2,Kanal,Islamabad,,House,Bathrooms: 5,,,RoomsBedrooms: 5Bathrooms: 5,,,,,https://www.zameen.com/Property/f_6_f-6_3_offer_offer_investor_price_f-6_3_islamabad-54793854-3301-1.html
6 Crore,10,Marla,Islamabad,,House,Bathrooms: 6,Servant Quarters: 1,2025,Double Glazed Windows,1,1,2,,https://www.zameen.com/Property/bahria_enclave_bahria_enclave_-_sector_c1_brand_new_designer_house_for_sale_in_sector_c-1_a_construction_10kva_solar_best_house_in_bahria_enclave_islamabad-54726496-11987-1.html
3.5 Crore,6.9,Marla,Islamabad,"Gulberg, Islamabad226.9 Marla",House,2,Servant Quarters: 02,2020,Lobby in Building,02,01,02,,https://www.zameen.com/Property/islamabad_gulberg_beautiful_2_bed_apartment_size_1562_sq_ft-54047741-1682-1.html
27 Crore,2.6,Kanal,Islamabad,,House,,,,,,,,,https://www.zameen.com/Property/dha_defence_phase_1_dha_phase_1_-_sector_f_get_in_touch_now_to_buy_a_52_marla_house_in_dha_phase_1_-_sector_f_islamabad-54731172-8226-1.html
5.1 Crore,7.6,Marla,Islamabad,"Prime Location: G-10, Islamabad

Ex...more",House,,,,,,,,,https://www.zameen.com/Property/g_10_markaz_veranda_executive_veranda_executive_where_luxury_becomes_a_lifestyle-54735921-21775-1.html
64 Crore,2,Kanal,Islamabad,E-7,House,,,,,,,,,https://www.zameen.com/Property/islamabad_e-7_most_prime_location_house_for_more_details_contact_us-54717776-343-1.html
4.6 Crore,7,Marla,Islamabad,,House,Bathrooms: 6,Servant Quarters: 1,2026,Double Glazed Windows,1,1,2,,https://www.zameen.com/Property/gulberg_residencia_gulberg_residencia_-_block_f_i_am_selling_7marla_residential_parkface_house_available_for_sale_gulberg_residencia_islamabad-54822865-9116-1.html
6.25 Crore,6,Marla,Islamabad,,House,,,,,,,,,https://www.zameen.com/Property/g_9_g-9_4_g-9_4_70_feet_road_corner_house_for_sale-54540439-3387-1.html
42 Lakh,3.1,Marla,Islamabad,,House,1,Drawing Room,2020,1,,1,1,,https://www.zameen.com/Property/pakistan_town_pakistan_town_-_phase_2_1_bedroom_flat_for_sale_in_pakistan_town_phase_2-54824978-16525-1.html
10.5 Crore,1,Kanal,Islamabad,,House,Bathrooms: 8,Servant Quarters: 2,2025,2,2,2,2,,https://www.zameen.com/Property/dha_defence_dha_defence_phase_2_1_kanal_house_for_sale_in_dha_phase_2_prime_location_with_modern_amenities-52586585-339-1.html
2.89 Crore,8,Marla,Islamabad,,House,Bathrooms: 6,Servant Quarters: 1,2026,1,1,1,2,,https://www.zameen.com/Property/f_17_telegardens_t_t_echs_8_marla_new_house_for_sale_f-17_islamabad_all_facility_available_cda_pproved_sector-54435803-12136-1.html
4.35 Crore,10,Marla,Islamabad,Bani Gala,House,Bathrooms: 9,Servant Quarters: 1,2025,2,1,1,3,,https://www.zameen.com/Property/islamabad_bani_gala_10_marla_house_for_sale_in_banigala-53966324-340-1.html
8.8 Crore,1,Kanal,Islamabad,Bani Gala,House,Bathrooms: 4,Servant Quarters,2024,Double Glazed Windows,Drawing Room,,2,,https://www.zameen.com/Property/islamabad_bani_gala_upper_bani_gala_luxury_brand_new_house_with_sawing_pool_direct_deal_with_owner_for_sale-54000968-340-1.html
2.1 Crore,4,Marla,Islamabad,H-13,House,Bathrooms: 5,Drawing Room,2026,1,,,2,,https://www.zameen.com/Property/islamabad_h-13_brand_new_luxury_2_5_storey_house_available_for_sale_near_nust_double_road-54601460-1039-1.html
2.85 Crore,5,Marla,Islamabad,National Police Foundation O-9,House,Bathrooms: 5,Drawing Room,,,,,2,,https://www.zameen.com/Property/islamabad_national_police_foundation_o-9_prime_location_5_marla_house_for_sale_in_national_police_foundation_o-9_national_police_foundation_o-9_in_only_rs_30000000-53998533-331-1.html
2.7 Crore,5,Marla,Islamabad,H-13,House,Bathrooms: 7,Servant Quarters: 2,2025,1,2,,2,,https://www.zameen.com/Property/islamabad_h-13_brand_new_luxury_2_5_story_house_near_kashmir_high_way-54179780-1039-1.html
24.5 Crore,10,Marla,Islamabad,F-6,House,Bathrooms: 6,Servant Quarters: 2,2026,4,2,1,2,5,https://www.zameen.com/Property/islamabad_f-6_modern_brand_new_house_for_sale_on_prime_location_having_six_bedroom_with_beautiful_magrall_view-54598591-164-1.html
1.89,3.7,Kanal,Islamabad,"F-6, Islamabad863.7 Kanal",House,Bathrooms: 12,Servant Quarters: 4,2022,18,4,4,2,5,https://www.zameen.com/Property/islamabad_f-6_now_jannat_house_available_for_sale_in_f6_3_on_prime_location-54669540-164-1.html
1.46 Crore,2.7,Marla,Islamabad,,House,Bathrooms: 2,Servant Quarters: 02,2025,Lobby in Building,02,1,1,,https://www.zameen.com/Property/park_view_city_park_view_city_-_downtown_block_parkview_luxury_1-bed_apartment_parkview_city_downtown_block_installment_available-53143704-20871-1.html
7.8 Crore,10,Marla,Islamabad,,House,Bathrooms: 5,Servant Quarters: 2,2025,2,2,2,2,,https://www.zameen.com/Property/dha_defence_dha_defence_phase_2_10_marla_beautiful_house_for_sale_in_dha_i_r-52385543-339-1.html
12.25 Crore,1,Kanal,Islamabad,,House,Bathrooms: 5,Servant Quarters: 2,2025,3,2,2,2,,https://www.zameen.com/Property/dha_defence_dha_defence_phase_2_1_kanal_aesthetically_designed_house_for_sale_in_dha-2_islamabad-52911324-339-1.html
3.5 Crore,4,Marla,Islamabad,G-13,House,,,,,,,,,https://www.zameen.com/Property/islamabad_g-13_g-13_25x40_house_available_for_sale-54762461-330-1.html
7.15 Crore,8,Marla,Islamabad,G-13,House,,,,,,,2,2,https://www.zameen.com/Property/islamabad_g-13_g-13_35x70_brand_new_luxury_house_available_for_sale-54725356-330-1.html
1.7 Crore,8,Marla,Islamabad,Bhara kahu,House,Bathrooms: 3,Drawing Room,,1,,,1,,https://www.zameen.com/Property/islamabad_bhara_kahu_8_marla_house_for_sale_main_simly_dam_road_barakahu_islamabad-54823492-156-1.html
11.5 Crore,1,Kanal,Islamabad,,House,Bathrooms: 6,Servant Quarters: 2,2026,3,2,2,2,,https://www.zameen.com/Property/dha_defence_dha_defence_phase_2_dha_2_one_kanal_brand_new_luxurious_designer_furnished_house-54059995-339-1.html
7.25 Crore,10,Marla,Islamabad,,House,5,6,2026,2,1,1,2,,https://www.zameen.com/Property/dha_defence_phase_2_dha_phase_2_-_sector_d_beautiful_10_marla_house_available_for_sale_in_dha_phase_2_isb-54743786-3199-1.html
2 Crore,8,Marla,Islamabad,,House,Bathrooms: 3,Servant Quarters: 1,,,1,,1,,https://www.zameen.com/Property/dha_defence_dha_valley_8_marla_home_for_sale_mian_bolivood-54783962-1333-1.html
1.95 Crore,5.5,Marla,Islamabad,,House,,,,,,,,,https://www.zameen.com/Property/g_15_zarkon_heights_2-bed_apartment_for_sale_in_zarkon_heights_size_1233sqft-54699902-10169-1.html
13.7 Crore,1,Kanal,Islamabad,,House,Bathrooms: 06,Servant Quarters: 02,2026,04,02,,02,,https://www.zameen.com/Property/dha_defence_dha_defence_phase_2_brand_new_corner_house_for_sale_prime_location_near_to_masjid_near_to_giga_mall_near_to_aps_school_near_to_control_park_near_to_nova_care_hosptl_near_to_kfc_near_to_tlt-54741139-339-1.html
5 Crore,14.2,Marla,Islamabad,,House,,,,,,,,,https://www.zameen.com/Property/g_15_g-15_1_g-15_1_house_sized_3200_square_feet-54611034-3348-1.html
2.6 Crore,5,Marla,Islamabad,Faisal Town - F-18,House,Bathrooms: 6,Servant Quarters: 1,2026,1,1,,2,,https://www.zameen.com/Property/islamabad_faisal_town_-_f-18_brand_new_5_marla_house_for_sale_in_faisal_town_f-18-54822581-8260-1.html
6.55 Crore,10,Marla,Islamabad,,House,Bathrooms: 6,Servant Quarters: 1,2024,3,1,1,2,,https://www.zameen.com/Property/dha_defence_dha_defence_phase_2_10_marla_brand_new_house_available_for_sale_in_dha_phase_2-49235822-339-1.html
1.9 Crore,8,Marla,Islamabad,,House,Bathrooms: 3,Servant Quarters: 1,2024,2,1,1,1,,https://www.zameen.com/Property/dha_valley_dha_valley_-_oleander_sector_8_marla_full_house_for_sale_double_story-54684683-3213-1.html
1 Crore,4.7,Marla,Islamabad,,House,Bathrooms: 2,Drawing Room,2027,2,,Steam Room,1,,https://www.zameen.com/Property/mpchs_multi_gardens_mpchs_-_block_b_100_gray_structure_completed_60_finishing_in_process_possession_in_1_year_pay_in_2_years_v1green_premium_apartments_in_cda_sector_b-17_islamabad_3_side_corner_park_facing-52726289-3117-1.html
60 Crore,2.4,Kanal,Islamabad,"F-6, Islamabad1062.4 Kanal",House,Bathrooms: 3,Servant Quarters: 1,2023,5,1,1,1,,https://www.zameen.com/Property/islamabad_f-6_1200_sq_yd_street_corner_house_for_sale-51720186-164-1.html
1.1,2.4,Kanal,Islamabad,"F-6, Islamabad82.4 Kanal",House,Bathrooms: 8,Servant Quarters: 2,2024,8,2,2,2,,https://www.zameen.com/Property/islamabad_f-6_brand_new_house_available_for_sale_in_f6-52025708-164-1.html
7.5 Crore,1,Kanal,Islamabad,,House,Bathrooms: 7,Servant Quarters: 2,2024,3,2,2,2,,https://www.zameen.com/Property/dha_defence_dha_defence_phase_2_1_kanal_house_available_for_sale_in_dha_phase_2-48614006-339-1.html
1.1 Crore,4.9,Marla,Islamabad,,House,Bathrooms: 2,Drawing Room,2025,Lobby in Building,,,1,,https://www.zameen.com/Property/bahria_town_bahria_enclave_2-bed_apartment_for_sale_in_sector_b_bahria_enclave_1_113_sq_ft_park_facing-54822828-1705-1.html
9.5 Crore,8,Marla,Islamabad,D-12,House,,,2026,2,,,,,https://www.zameen.com/Property/islamabad_d-12_8_marla_modern_corner_house_for_sale_solar_installed_fully_equipped_kitchen_description_8_marla_modern_corner_house_for_sale_solar_installed_fully_equipped_kitchen-54822738-160-1.html
4.7 Crore,10,Marla,Islamabad,,House,Bathrooms: 6,Servant Quarters: 1,2025,2,1,1,2,,https://www.zameen.com/Property/bahria_enclave_bahria_enclave_-_sector_m_10_marla_full_luxury_house_available_for_sale_in_bahria_enclave_islamabad-54350443-11977-1.html
6.75 Crore,10,Marla,Islamabad,,House,Bathrooms: 7,Servant Quarters: 1,2026,2,1,1,2,,https://www.zameen.com/Property/bahria_enclave_bahria_enclave_-_sector_a_10_marla_luxury_modern_house_available_for_sale_in_bahria_enclave_islamabad-54501366-11970-1.html
1.1,10,Kanal,Islamabad,,House,Bathrooms: 9,Servant Quarters: 3,3700,Double Glazed Windows,3,Steam Room,2,,https://www.zameen.com/Property/gulberg_gulberg_greens_10_kanal_new_luxury_farm_house_for_sale_in_gulberg_green_islamabad-45034865-8312-1.html
14.75 Crore,1,Kanal,Islamabad,,House,Bathrooms: 6,Servant Quarters,,Double Glazed Windows,Drawing Room,Steam Room,Study Room,,https://www.zameen.com/Property/dha_defence_phase_2_dha_phase_2_-_sector_e_kanal_brand_new_house_available_for_sale_in_dha_phase_2_islamabad-50887304-3200-1.html
22 Crore,1.7,Kanal,Islamabad,,House,Bathrooms: 6,Servant Quarters: 2,,Double Glazed Windows,2,Steam Room,2,,https://www.zameen.com/Property/dha_defence_phase_5_dha_phase_5_-_sector_a_35_marla_fully_furnished_house_for_sale_in_dha_phase_5_islamabad-48724563-8400-1.html
1.1,10,Kanal,Islamabad,,House,Bathrooms: 9,Servant Quarters: 2,,Double Glazed Windows,2,Steam Room,2,2,https://www.zameen.com/Property/gulberg_gulberg_greens_10_kanal_brand_new_royal_palace_house_available_for_sale_in_gulberg_green_islamabad-42771885-8312-1.html
2.85 Crore,4.3,Marla,Islamabad,,House,1,Drawing Room,2024,01,,01,01,,https://www.zameen.com/Property/kashmir_highway_eighteen_1_bed_luxury_apartment_near_islamabad_airport_-_eighteen-54823468-12602-1.html
11.75 Crore,1,Kanal,Islamabad,,House,Bathrooms: 7,Servant Quarters: 1,,Double Glazed Windows,1,Lounge or Sitting Room,2,,https://www.zameen.com/Property/dha_defence_phase_2_dha_phase_2_-_sector_d_1_kanal_house_available_for_sale_in_dha_phase_2_islamabad-41600586-3199-1.html
1.25,10,Kanal,Islamabad,,House,Bathrooms: 9,Servant Quarters: 3,,Double Glazed Windows,3,Steam Room,2,,https://www.zameen.com/Property/gulberg_gulberg_greens_luxury_palace_farm_house_available_for_sale_in_gulberg_green_islamabad-44855990-8312-1.html
8 Crore,10,Marla,Islamabad,,House,,,,,,,,,https://www.zameen.com/Property/kashmir_highway_eighteen_book_a_house_of_10_marla_in_eighteen_islamabad-54796498-12602-1.html
26.25 Crore,1,Kanal,Islamabad,F-8,House,Bathrooms: 5,,,RoomsBedrooms: 5Bathrooms: 5,,,,,https://www.zameen.com/Property/islamabad_f-8_50x90_standard_size_back_open_old_house_is_for_sale-54795555-166-1.html
10.5 Crore,1,Kanal,Islamabad,,House,Bathrooms: 6,Servant Quarters: 1,2026,4,1,1,1,,https://www.zameen.com/Property/b_17_mpchs_-_multi_gardens_10_marla_double-height_modern_house_for_sale_1_kanal_corner_double-height_double-unit_modern_house_for_sale_multi_gardens_b-17_prime_corner_location_double_unit_double-height_lobby_modern_luxury_design-54586953-3115-1.html
1.75,4,Kanal,Islamabad,F-7,House,Bathrooms: 10,Servant Quarters,,Double Glazed Windows,Drawing Room,Lounge or Sitting Room,Powder Room,,https://www.zameen.com/Property/islamabad_f-7_main_margalla_road_old_4_kanal_house_is_for_sale-54794986-165-1.html
15.5 Crore,12,Marla,Islamabad,G-10,House,Bathrooms: 9,Servant Quarters: 1,,1,1,1,1,,https://www.zameen.com/Property/islamabad_g-10_prime_corner_house_for_sale_in_g-10_islamabad_12_marla-54723731-167-1.html
28 Crore,1.2,Kanal,Islamabad,,House,Bathrooms: 9,Servant Quarters: 1,2026,4,1,,2,,https://www.zameen.com/Property/i_8_i-8_2_new_house_with_basement_for_sale-54365410-3442-1.html
12.5 Crore,1,Kanal,Islamabad,,House,Bathrooms: 5,Servant Quarters,2025,2,Drawing Room,1,Study Room,,https://www.zameen.com/Property/kashmir_highway_eighteen_1_kanal_luxury_fully_fitted_villa_available_for_sale_in_eighteen_islamabad-54626163-12602-1.html
46 Crore,2.1,Kanal,Islamabad,"F-6, Islamabad662.1 Kanal",House,Bathrooms: 6,Servant Quarters: 2,1999,8,2,3,2,,https://www.zameen.com/Property/islamabad_f-6_investor_price_house_available_for_sale_in_f6-54201228-164-1.html
4.25 Crore,8,Marla,Islamabad,,House,Bathrooms: 6,Servant Quarters: 1,,2,1,1,1,,https://www.zameen.com/Property/bahria_enclave_bahria_enclave_-_sector_f1_sector_f1_8_marla_brand_new_designer_house_excellent_construction_quality_sun_facing_house_available_for_sale-54648654-11986-1.html
5.5 Crore,10,Marla,Islamabad,"Bahria enclave Islamabad. 
This bea...more",House,Bathrooms: 6,Servant Quarters: 1,2025,2,1,1,2,,https://www.zameen.com/Property/bahria_enclave_bahria_enclave_-_sector_a_10_marla_modern_house_available_for_sale_in_bahria_enclave_islamabad-54338702-11970-1.html
5.7 Crore,10,Marla,Islamabad,,House,Bathrooms: 6,Servant Quarters: 1,2026,2,1,1,2,,https://www.zameen.com/Property/bahria_enclave_bahria_enclave_-_sector_m_10_marla_luxury_modern_house_available_for_sale_in_bahria_enclave_islamabad-54730132-11977-1.html
2.5 Crore,7,Marla,Islamabad,,House,Bathrooms: 3,Servant Quarters: 1,2001,1,1,1,2,,https://www.zameen.com/Property/e_18_gulshan-e-sehat_1_7_marla_brand_new_double_unit_house_for_sale_in_gulshan_e_sehat_e-18_islamabad-52782287-3258-1.html
2.5 Crore,8,Marla,Islamabad,,House,Bathrooms: 3,Servant Quarters: 1,,1,1,1,1,,https://www.zameen.com/Property/e_18_gulshan-e-sehat_1_8_marla_30_60_in_block_g_brand_new_double_unit_house_for_sale-53810698-3258-1.html
4 Crore,12,Marla,Islamabad,,House,,,,,,,,,https://www.zameen.com/Property/e_18_gulshan-e-sehat_1_12_marla_corner_35_90_in_block_c_brand_new_double_storey_house_for_sale-54432827-3258-1.html
2.45 Crore,7.2,Marla,Islamabad,,House,,,,,,,,,https://www.zameen.com/Property/gulberg_greens_block_b_luxus_mall_and_residency_in_luxus_mall_and_residency_1630_square_feet_flat_for_sale-54571823-10572-1.html
10.5 Crore,1,Kanal,Islamabad,,House,Bathrooms: 6,Servant Quarters: 2,,Double Glazed Windows,2,Steam Room,2,,https://www.zameen.com/Property/dha_defence_phase_2_dha_phase_2_-_sector_d_beautiful_brand_new_house_available_for_sale_in_dha_phase_2_islamabad-46507013-3199-1.html
25 Crore,1.5,Kanal,Islamabad,,House,Bathrooms: 8,Servant Quarters: 2,,Double Glazed Windows,2,Steam Room,2,,https://www.zameen.com/Property/dha_defence_phase_2_dha_phase_2_-_sector_g_30_marla_furnished_luxury_brand_new_house_for_sale_in_dha_phase_2_islamabad-45586594-3202-1.html
1.95 Crore,4.5,Marla,Islamabad,,House,,,,,,,,,https://www.zameen.com/Property/gulberg_greens_block_b_luxus_mall_and_residency_idyllic_flat_available_in_luxus_mall_and_residency_for_sale-54621672-10572-1.html
1.85 Crore,4.2,Marla,Islamabad,Owning property in Islamabad is a d...more,House,,,,,,,,,https://www.zameen.com/Property/gulberg_greens_block_b_luxus_mall_and_residency_perfect_950_square_feet_flat_in_luxus_mall_and_residency_for_sale-54687279-10572-1.html
12.5 Crore,1,Kanal,Islamabad,,House,Bathrooms: 6,Servant Quarters: 2,,Double Glazed Windows,2,Steam Room,2,,https://www.zameen.com/Property/dha_defence_phase_2_dha_phase_2_-_sector_a_1_kanal_brand_new_home_for_sale_in_dha_phase_2_islamabad-45236102-3196-1.html
4.95 Crore,7.2,Marla,Islamabad,,House,3,,,,,,,,https://www.zameen.com/Property/g_11_g-11_3_flat_of_1630_square_feet_in_g-11_3_for_sale-54699643-3332-1.html
3.75 Crore,7.2,Marla,Islamabad,,House,2,,,,,,,,https://www.zameen.com/Property/g_11_g-11_3_in_g-11_3_flat_sized_1630_square_feet_for_sale-54699645-3332-1.html
3.6 Crore,5,Marla,Islamabad,,House,Bathrooms: 4,Servant Quarters: 1,2026,1,1,,5,,https://www.zameen.com/Property/park_view_city_park_view_-_block_h_new_house_with_solar_for_sale-54729680-16868-1.html
1.28 Crore,1.6,Marla,Islamabad,,House,1,Servant Quarters,,,Drawing Room,Other Rooms,,,https://www.zameen.com/Property/dha_defence_dha_defence_phase_2_hotel_suit_apartment_for_sale_in_dha_phase_2_gt_road-54794657-339-1.html
3.75 Crore,8,Marla,Islamabad,,House,Bathrooms: 6,Servant Quarters: 1,2026,2,1,1,2,2,https://www.zameen.com/Property/mpchs_multi_gardens_mpchs_-_block_e_30x60_brand_new_double_storey_double_unit_luxury_house_for_sale_in_multi_gardens_b-17_islamabad_block_e-54741090-3120-1.html
11.9 Crore,1,Kanal,Islamabad,,House,Bathrooms: 7,Servant Quarters: 1,2025,3,1,2,2,,https://www.zameen.com/Property/dha_defence_dha_defence_phase_2_ultra_modern_architecture_quality_mansion_at_prime_location_of_dha2_house_for_sale-52366687-339-1.html
13.5 Crore,10,Marla,Islamabad,,House,Bathrooms: 6,Servant Quarters: 1,2026,2,1,,2,,https://www.zameen.com/Property/d_12_d-12_2_get_in_touch_now_to_buy_a_facing_park_house_in_islamabad-54756079-3155-1.html
1.12 Crore,4.2,Marla,Islamabad,"B-17, Islamabad224.2 Marla",House,Bathrooms: 2,Dining Room,2026,,,,1,,https://www.zameen.com/Property/islamabad_b-17_brand_new_apartment_available_for_sale-54548651-616-1.html
3.5 Crore,10,Marla,Islamabad,,House,,,,,,,,,https://www.zameen.com/Property/e_16_e-16_3_10_marla_house_for_sale_in_e-16_3_islamabad-54755391-3249-1.html
35 Crore,1.1,Kanal,Islamabad,,House,,,,Electricity Backup,,,,,https://www.zameen.com/Property/f_7_f-7_4_f-7_renovated_house_1_kanal_end_corner_prime_location-54820779-3310-1.html
54 Lakh,3,Marla,Islamabad,,House,1,,,,,,,,https://www.zameen.com/Property/e_16_e-16_3_e16_3_1_bed_flat_for_sale-54822429-3249-1.html
4.8 Crore,5,Marla,Islamabad,,House,Bathrooms: 4,Servant Quarters,,Flooring,Drawing Room,Steam Room,2,,https://www.zameen.com/Property/g_14_g-14_4_5_marla_house_for_sale_in_g-14_4_70_ft_road_strong_construction_prime_location-54726292-3346-1.html
3.25 Crore,5,Marla,Islamabad,,House,Bathrooms: 5,Servant Quarters: 1,,2,1,1,2,,https://www.zameen.com/Property/bahria_enclave_bahria_enclave_-_sector_h_sector_h_5_marla_brand_new_designer_house_excellent_construction_quality_sun_facing_house_available_for_sale-54606816-11983-1.html
14.5 Crore,12.4,Marla,Islamabad,,House,Bathrooms: 5,Servant Quarters: 1,2011,3,1,1,2,,https://www.zameen.com/Property/i_8_i-8_2_corner_35x80_double_storey_livable_house_in_i-8_2-45399569-3442-1.html
2.35 Crore,8,Marla,Islamabad,,House,,,,,,,,,https://www.zameen.com/Property/e_18_gulshan-e-sehat_1_8_marla_30_60_in_prime_block_brand_new_double_story_house_for_sale-54432857-3258-1.html
2.7 Crore,8,Marla,Islamabad,,House,Bathrooms: 2,Drawing Room,,,,,,,https://www.zameen.com/Property/e_18_gulshan-e-sehat_1_8_marla_corner_30_60_in_block_f_brand_new_double_unit_house_for_sale-53810708-3258-1.html
6.5 Crore,1,Kanal,Islamabad,,House,Bathrooms: 3,Servant Quarters: 1,,3,1,1,1,,https://www.zameen.com/Property/dha_defence_dha_defence_phase_1_1_kanal_single_storey_house_available_for_sale_in_dha_phase_1-54784653-376-1.html
8.5 Crore,1,Kanal,Islamabad,,House,Bathrooms: 7,Servant Quarters: 2,2024,3,2,2,2,,https://www.zameen.com/Property/dha_defence_dha_defence_phase_5_1_kanal_house_available_for_sale_in_dha_phase_5-53915434-10991-1.html
4.35 Crore,10,Marla,Islamabad,Top City 1,House,,,2026,Double Glazed Windows,,,,,https://www.zameen.com/Property/islamabad_top_city_1_brand_new_10_marla_house_for_sale-54575207-1383-1.html
10.5 Crore,1,Kanal,Islamabad,,House,Bathrooms: 6,Servant Quarters: 2,,Double Glazed Windows,2,Steam Room,2,,https://www.zameen.com/Property/dha_defence_phase_2_dha_phase_2_-_sector_d_kanal_brand_new_house_available_for_sale_in_dha_phase_2-45056218-3199-1.html
3.3 Crore,6.4,Marla,Islamabad,,House,2,,,,,,,,https://www.zameen.com/Property/g_11_g-11_3_ideally_located_flat_for_sale_in_g-11_3_available-54699646-3332-1.html
22 Crore,2,Kanal,Islamabad,,House,Bathrooms: 6,Servant Quarters: 2,,Double Glazed Windows,2,Steam Room,Study Room,,https://www.zameen.com/Property/dha_defence_phase_2_dha_phase_2_-_sector_a_2_kanal_fully_furnished_house_for_sale_in_dha_phase_5_islamabad-51418968-3196-1.html
2.45 Crore,6.9,Marla,Islamabad,,House,,,,,,,,,https://www.zameen.com/Property/gulberg_greens_block_b_luxus_mall_and_residency_highly-coveted_1550_square_feet_flat_is_available_in_luxus_mall_and_residency_for_sale-54687281-10572-1.html
2.5 Crore,6.6,Marla,Islamabad,,House,,,,,,,,,https://www.zameen.com/Property/gulberg_greens_block_b_luxus_mall_and_residency_ideally_located_flat_for_sale_in_luxus_mall_and_residency_available-54687283-10572-1.html
16.9 Crore,1,Kanal,Islamabad,,House,Bathrooms: 6,Servant Quarters: 2,,Flooring,2,Other Rooms,2,,https://www.zameen.com/Property/dha_defence_dha_defence_phase_2_kanal_luxury_furnished_house_for_sale_in_dha_phase_2_islamabad-53485345-339-1.html
14.75 Crore,1,Kanal,Islamabad,,House,Bathrooms: 5,Servant Quarters: 2,,Double Glazed Windows,2,Steam Room,2,,https://www.zameen.com/Property/dha_defence_phase_2_dha_phase_2_-_sector_f_kanal_brand_new_house_available_for_sale_in_dha_phase_2_islamabad-53485362-3201-1.html
12.75 Crore,1,Kanal,Islamabad,,House,Bathrooms: 8,Servant Quarters: 2,,Flooring,2,Other Rooms,2,,https://www.zameen.com/Property/dha_defence_phase_2_dha_phase_2_-_sector_g_kanal_brand_new_house_available_for_sale_in_dha_phase_2_islamabad-53495987-3202-1.html
5.75 Crore,10,Marla,Islamabad,Top City 1,House,Bathrooms: 6,Servant Quarters: 1,2026,2,1,1,3,,https://www.zameen.com/Property/islamabad_top_city_1_beautiful_elevation_10_marla_brand_new_house_for_sale_topcity_islamabad-54786033-1383-1.html
5.25 Crore,10,Marla,Islamabad,Top City 1,House,Bathrooms: 6,Servant Quarters: 1,2026,2,1,1,3,,https://www.zameen.com/Property/islamabad_top_city_1_10_marla_brand_new_elegance_designer_house_for_sale-54711343-1383-1.html
3.15 Crore,5,Marla,Islamabad,,House,Bathrooms: 5,Servant Quarters: 1,2026,1,1,1,2,,https://www.zameen.com/Property/b_17_mpchs_-_multi_gardens_5_marla_double_heighted_designer_house_for_sale_in_b-17_multi_gardens_islamabad-54535359-3115-1.html
85 Lakh,3.6,Marla,Islamabad,,House,Bathrooms: 1,Servant Quarters: 1,2025,,1,1,1,,https://www.zameen.com/Property/bahria_enclave_cube_apartments_studio_cube_apartment_for_sale_inner_facing_sector_a_bahria_enclave_charges_paid-54738387-21520-1.html
6.5 Crore,10,Marla,Islamabad,,House,Bathrooms: 5,Servant Quarters: 1,2026,2,1,1,2,,https://www.zameen.com/Property/bahria_enclave_bahria_enclave_-_sector_c1_sector_c1_10_marla_house_for_sale_bahria_enclave_islamabad-54743476-11987-1.html
3.3 Crore,5,Marla,Islamabad,,House,Bathrooms: 4,Servant Quarters: 1,2026,1,1,1,1,,https://www.zameen.com/Property/bahria_town_bahria_enclave_5_marla_house_available_for_sale_bahria_enclave_sector_n_islamabad-54800147-1705-1.html
6.5 Crore,12,Marla,Islamabad,,House,,,2026,3,,,,,https://www.zameen.com/Property/gulberg_residencia_gulberg_residencia_-_block_l_l_block_12_merla_brand_new_2_5_storey_brand_house_available_for_sale_prime_location_gulbrg_residencia_block_l-54726837-9122-1.html
11.5 Crore,1,Kanal,Islamabad,,House,,,2026,4,,,,,https://www.zameen.com/Property/gulberg_residencia_gulberg_residencia_-_block_j_j_block_gulberg_residencia_kanal_brand_new_luxury_and_designer_house_available_for_sale_prime_price_with_prime_location-54779913-9120-1.html
4.6 Crore,8,Marla,Islamabad,,House,,,2026,3,,,,,https://www.zameen.com/Property/gulberg_residencia_gulberg_residencia_-_block_f_f_block_gulberg_residencia_7_merla_brand_new_house_available_for_sale-54784588-9116-1.html
4.6 Crore,8,Marla,Islamabad,,House,,,2026,2,,,,,https://www.zameen.com/Property/gulberg_residencia_gulberg_residencia_-_block_f_f_block_park_face_prime_location_investor_brand_new_house_available_for_sale-54796307-9116-1.html
21 Crore,1.2,Kanal,Islamabad,,House,Bathrooms: 6,Servant Quarters: 2,2005,6,2,1,2,,https://www.zameen.com/Property/i_8_i-8_4_60x90_double_storey_solid_livable_house_in_i-8_4-51709542-3444-1.html
4.3 Crore,8,Marla,Islamabad,,House,Bathrooms: 4,Servant Quarters: 1,2026,2,1,1,1,,https://www.zameen.com/Property/b_17_faisal_margalla_city_seven_marla_brand_new_double_storey_single_unit_60ft_wide_street_for_sale_in_faisal_margala_city_b-17_islamabad-54203290-13424-1.html
5.5 Crore,10,Marla,Islamabad,"Bahria Enclave Islamabad
 Sector C1...more",House,Bathrooms: 6,Servant Quarters: 1,2026,1,1,1,2,,https://www.zameen.com/Property/bahria_enclave_bahria_enclave_-_sector_c1_10_marla_brand_new_owner_built_house_available_for_sale_just_1_mint_drive_from_the_main_gate-53418971-11987-1.html
8 Crore,1,Kanal,Islamabad,,House,Bathrooms,Servant Quarters,,Double Glazed Windows,Drawing Room,Steam Room,Study Room,,https://www.zameen.com/Property/dha_defence_dha_defence_phase_1_1_kanal_house_available_for_sale_in_dha_phase_1-43806765-376-1.html
6.5 Crore,5,Marla,Islamabad,,House,Bathrooms: 5,Servant Quarters: 1,2026,1,1,1,2,,https://www.zameen.com/Property/d_12_d-12_4_5_marla_brand_new_house_for_sale-54288647-3157-1.html
6.85 Crore,7.3,Marla,Islamabad,"G-10, Islamabad667.3 Marla",House,6,6,,2,1,2,2,,https://www.zameen.com/Property/islamabad_g-10_6_bedrooms_6_bathrooms_brand_new_house_available_for_sale-54739552-167-1.html
5.35 Crore,6.7,Marla,Islamabad,"G-10, Islamabad556.7 Marla",House,5,6,,1,1,1,1,,https://www.zameen.com/Property/islamabad_g-10_5_bedrooms_6_bathrooms_full_renovated_house_available_for_sale-54798984-167-1.html
4.95 Crore,7.2,Marla,Islamabad,,House,3,,,,,,,,https://www.zameen.com/Property/g_11_g-11_3_flat_of_1630_square_feet_in_g-11_3_for_sale-54699649-3332-1.html
1.45 Crore,6.7,Marla,Islamabad,"I-16, Islamabad346.7 Marla",House,3,Servant Quarters,2025,Flooring,Kitchens,,,,https://www.zameen.com/Property/islamabad_i-16_pha_apartment_available_for_sale_in_i-16-54749307-449-1.html
7.9 Crore,1,Kanal,Islamabad,,House,05,Servant Quarters: 2,2026,4,2,2,2,,https://www.zameen.com/Property/dha_defence_dha_defence_phase_2_elegant_style_1_kanal_designer_house_ready_for_sale_in_dha_defence_phase_2_islamabad-54735808-339-1.html
12.5 Crore,1,Kanal,Islamabad,"DHA PHASE 2 Islamabad
*House Detail...more",House,Bathrooms: 6,Servant Quarters: 2,2026,4,2,2,2,,https://www.zameen.com/Property/dha_defence_dha_defence_phase_2_swimming_pool_1_kanal_designer_house_ready_for_sale_in_dha_defence_phase_2_islamabad-54736850-339-1.html
9.25 Crore,1,Kanal,Islamabad,"DHA PHASE 2 Islamabad
*House Detail...more",House,Bathrooms: 6,Servant Quarters: 2,2026,4,2,2,2,,https://www.zameen.com/Property/dha_defence_dha_defence_phase_2_european_style_1_kanal_designer_house_ready_for_sale_in_dha_defence_phase_2_islamabad-54738742-339-1.html
5.4 Crore,7.8,Marla,Islamabad,,House,,,,Lobby in Building,Drawing Room,Steam Room,Study Room,,https://www.zameen.com/Property/kashmir_highway_eighteen_brand_new_luxury_apartment_1_744_sq_ft_2-bedroom_luxury_apartment_for_sale_in_eighteen_islamabad-54743774-12602-1.html
37.56 Crore,8,Kanal,Islamabad,,House,Bathrooms,Servant Quarters,,Double Glazed Windows,Drawing Room,Steam Room,Study Room,,https://www.zameen.com/Property/kashmir_highway_eighteen_8_kanal_farmhouse_opportunity_eighteen_islamabad_an_iconic_address_for_luxury_investment-54737705-12602-1.html
27.8 Crore,4,Kanal,Islamabad,,House,Bathrooms,Servant Quarters,,Double Glazed Windows,Drawing Room,Steam Room,Study Room,,https://www.zameen.com/Property/kashmir_highway_eighteen_4_kanal_farmhouse_villa_golf-facing_at_eighteen_islamabad_eighteen_islamabad_prime_location_luxury_high_investment_potential-54737638-12602-1.html
88 Crore,2,Kanal,Islamabad,E-7,House,Bathrooms: 7,Servant Quarters,2026,Double Glazed Windows,Drawing Room,Lounge or Sitting Room,Prayer Room,,https://www.zameen.com/Property/islamabad_e-7_brand_new_house_is_for_sale_in_e-7_islamabad-54793573-343-1.html
7.6 Crore,10,Marla,Islamabad,DHA Phase 2 Bea...more,House,,,2026,2,,,,,https://www.zameen.com/Property/dha_defence_dha_defence_phase_2_dha_phase_2_10_marla_beautiful_location_house-54598426-339-1.html
3.05 Crore,14.6,Marla,Islamabad,,House,4,Servant Quarters: 1,2023,1,1,1,7,,https://www.zameen.com/Property/dha_defence_phase_2_giga_mall_extension_tower_4_bed_apartment_is_available_for_sale_in_giga_mall_lignum_tower_islamabad-48416308-18855-1.html
1.1 Crore,5,Marla,Islamabad,"DHA Phase 7 Islamabad 
oleander blo...more",House,,,,,,,,,https://www.zameen.com/Property/dha_defence_dha_valley_oleander_block_b_5_marla_houes_for_sale-54783868-1333-1.html
1.07 Crore,4.9,Marla,Islamabad,,House,,,,,,,,,https://www.zameen.com/Property/bahria_town_bahria_enclave_cube_apartments_one_bed_availble_for_sale-54794830-1705-1.html
9.75 Crore,1,Kanal,Islamabad,,House,Bathrooms: 7,Servant Quarters,2025,Double Glazed Windows,Drawing Room,Steam Room,2,,https://www.zameen.com/Property/mpchs_multi_gardens_mpchs_-_block_a_multi_gardens_b17_a_block_1_kanal_house_is_available_for_sale-52663250-3116-1.html
4 Crore,8,Marla,Islamabad,Multigarden B-17 Islamabad C Block...more,House,Bathrooms: 6,Servant Quarters,2026,Double Glazed Windows,Drawing Room,Other Rooms,Study Room,,https://www.zameen.com/Property/b_17_mpchs_-_multi_gardens_8_marla_house_for_sale_in_c_block_multi-gardens_b17-54247025-3115-1.html
3.6 Crore,1,Kanal,Islamabad,,House,,,,,,,,,https://www.zameen.com/Property/d_17_margalla_view_housing_society_1_kanal_house_for_sale_50x90_in_st_28_d-17_2_islamabad-54773519-3160-1.html
2.6 Crore,5,Marla,Islamabad,,House,Bathrooms: 5,Dining Room,2026,Flooring,,1,2,,https://www.zameen.com/Property/faisal_hills_faisal_hills_-_block_a_brand_new_ready_to_move_furnished_5_marla_house_at_a_prime_location_faisal_hills_a_block-54816491-12655-1.html
10.8 Crore,1,Kanal,Islamabad,B-17,House,Bathrooms: 9,Servant Quarters: 2,,Flooring,2,Lounge or Sitting Room,2,,https://www.zameen.com/Property/islamabad_b-17_luxury_furnished_kanal_house_for_sale_in_b-17_islamabad-54784728-616-1.html
2.6 Crore,5,Marla,Islamabad,,House,Bathrooms: 5,Servant Quarters: 1,2026,1,1,1,2,1,https://www.zameen.com/Property/b_17_faisal_margalla_city_5_marla_double_storey_single_unit_house_for_sale_in_faisal_margalla_city_b-17_islamabad-54273481-13424-1.html
4.3 Crore,8,Marla,Islamabad,,House,Bathrooms: 5,Servant Quarters: 1,2026,2,1,1,2,,https://www.zameen.com/Property/mpchs_multi_gardens_mpchs_-_block_e_30x60_designer_double_storey_double_heighted_single_unit_house_for_sale_in_multi_gardens_b-17_islamabad-54294412-3120-1.html
6 Crore,6.7,Marla,Islamabad,"G-10, Islamabad556.7 Marla",House,5,Drawing Room,,1,,1,2,,https://www.zameen.com/Property/islamabad_g-10_5_bedroom_house_available_for_sale-54799013-167-1.html
6.4 Crore,10,Marla,Islamabad,,House,,,,,,,1,1,https://www.zameen.com/Property/mpchs_multi_gardens_mpchs_-_block_c_ideal_10_marla_house_has_landed_on_market_in_mpchs_-_block_c_islamabad-54679587-3118-1.html
4.95 Crore,10,Marla,Islamabad,"Bahria Enclave Islamabad 
Sector C1...more",House,Bathrooms: 7,Servant Quarters: 1,,3,1,,1,2,https://www.zameen.com/Property/bahria_enclave_bahria_enclave_-_sector_c1_10_marla_beautiful_house_available_for_sale_just_1_mnt_drive_from_the_main_gate-54458705-11987-1.html
5.5 Crore,10,Marla,Islamabad,"Bahria Enclave Islamabad 
Sector C1...more",House,Bathrooms: 6,Servant Quarters: 1,2026,1,1,,3,2,https://www.zameen.com/Property/bahria_enclave_bahria_enclave_-_sector_c1_10_marla_modern_elevation_brand_new_house_available_for_sale_just_2_mnt_drive_from_the_main_gate-54511300-11987-1.html
5.65 Crore,10,Marla,Islamabad,,House,Bathrooms: 6,Servant Quarters: 1,2026,3,1,,2,,https://www.zameen.com/Property/bahria_enclave_bahria_enclave_-_sector_c1_bahria_enclave_islamabad_10_marla_most_beautiful_brand_new_house_available_for_sale_just_1_mnt_drive_from_the_main_entrance-54802644-11987-1.html
12.5 Crore,1,Kanal,Islamabad,,House,Bathrooms,Servant Quarters,,Double Glazed Windows,Drawing Room,Steam Room,Study Room,,https://www.zameen.com/Property/kashmir_highway_eighteen_eighteen_islamabad_1_kanal_premium_residential_villa_prime_location-54737575-12602-1.html
7.5 Crore,1,Kanal,Islamabad,,House,Bathrooms,Servant Quarters,,Double Glazed Windows,Drawing Room,Steam Room,Study Room,,https://www.zameen.com/Property/kashmir_highway_eighteen_1_kanal_golf-facing_villa_eighteen_islamabad-54737524-12602-1.html
4.25 Crore,5,Marla,Islamabad,G-11,House,Bathrooms: 6,Servant Quarters,2025,4,Drawing Room,Steam Room,Study Room,,https://www.zameen.com/Property/islamabad_g-11_double_storey_5_marla_house_for_sale_in_g-11-54654566-168-1.html
2.9 Crore,3.4,Marla,Islamabad,,House,Bathrooms,Servant Quarters,,Lobby in Building,Drawing Room,Steam Room,Study Room,,https://www.zameen.com/Property/kashmir_highway_eighteen_eighteen_islamabad_brand_new_luxury_1-bedroom_apartment_757950_sq_ft-54744368-12602-1.html
3.7 Crore,4,Marla,Islamabad,G-11,House,Bathrooms: 4,Servant Quarters: 1,2026,1,1,1,2,,https://www.zameen.com/Property/islamabad_g-11_double_storey_4_marla_house_for_sale_in_g-11-54654565-168-1.html
70 Crore,3.6,Kanal,Islamabad,"F-8, Islamabad563.6 Kanal",House,Bathrooms,Servant Quarters,,Double Glazed Windows,Drawing Room,Steam Room,Study Room,,https://www.zameen.com/Property/islamabad_f-8_investor_alert_prime_f-8_main_road_redevelopment_opportunity_f-8_islamabad_1777_square_yards_main_road_location-54351548-166-1.html
37 Crore,1.4,Kanal,Islamabad,"F-8, Islamabad561.4 Kanal",House,Bathrooms,Servant Quarters,,Double Glazed Windows,Drawing Room,Steam Room,Study Room,,https://www.zameen.com/Property/islamabad_f-8_investor_alert_prime_f-8_corner_property_for_sale_sector_f-8_islamabad_700_sq_yards_corner_house_front_open_park_facing-54351471-166-1.html
22 Crore,1,Kanal,Islamabad,F-7,House,,,,,,,,,https://www.zameen.com/Property/islamabad_f-7_f-7_4500_square_feet_house_up_for_sale-54595857-165-1.html
1.25 Crore,5,Marla,Islamabad,,House,2,,,,,,1,,https://www.zameen.com/Property/dha_defence_dha_valley_5_marla_home_for_sale-54711498-1333-1.html
2.35 Crore,8,Marla,Islamabad,,House,,,,,,01,01,,https://www.zameen.com/Property/dha_defence_dha_valley_8_marla_house_for_sale-54710563-1333-1.html
1.19 Crore,5,Marla,Islamabad,,House,,,,,,,,,https://www.zameen.com/Property/dha_defence_dha_valley_5_marla_home_for_sale-54705328-1333-1.html
2.1 Crore,8,Marla,Islamabad,,House,2,Community FeaturesMosque,,,1,1,1,,https://www.zameen.com/Property/dha_valley_oleander_sector_oleander_sector_-_dha_homes_block_b_8_marla_home_for_sale_oleander_block_a-53287716-16839-1.html
6 Crore,14.2,Marla,Islamabad,"House for Sale G-15/1, Islamabad...more",House,,,,,,,,,https://www.zameen.com/Property/g_15_g-15_1_spacious_3200_square_feet_house_available_for_sale_in_g-15_1-54558958-3348-1.html
10.5 Crore,1,Kanal,Islamabad,,House,Bathrooms: 5,Servant Quarters: 1,2025,4,1,,1,,https://www.zameen.com/Property/kashmir_highway_eighteen_brand_new_1_kanal_ready_to_move_villa-54754758-12602-1.html
6.9 Crore,10,Marla,Islamabad,,House,Bathrooms: 7,Servant Quarters: 1,2026,2,1,1,2,,https://www.zameen.com/Property/bahria_enclave_bahria_enclave_-_sector_c1_10_marla_luxury_modern_design_house_available_for_sale_in_bahria_enclave_islamabad-54545290-11987-1.html
5.5 Crore,10,Marla,Islamabad,"Bahria Enclave Islamabad. 
Looking...more",House,Bathrooms: 6,Servant Quarters: 1,2026,2,1,1,2,,https://www.zameen.com/Property/bahria_enclave_bahria_enclave_-_sector_c1_bahria_enclave_islamabad_10_marla_modern_beautiful_house_for_sale-54315967-11987-1.html
3.2 Crore,5,Marla,Islamabad,,House,Bathrooms: 5,Servant Quarters: 1,2026,2,1,1,1,,https://www.zameen.com/Property/bahria_enclave_bahria_enclave_-_sector_b1_100_owner_built_house_for_sale_in_bahria_enclave_islamabad-54317459-11972-1.html
3.45 Crore,8,Marla,Islamabad,,House,Bathrooms: 4,Servant Quarters: 1,2025,5,1,3,10,,https://www.zameen.com/Property/kuri_road_phaf_officers_residencia_8_marla_sun_face_grey_structure_with_changes-53609246-13099-1.html
2.7 Crore,5,Marla,Islamabad,,House,Bathrooms: 5,Servant Quarters: 1,2026,1,1,1,5,,https://www.zameen.com/Property/mpchs_multi_gardens_mpchs_-_block_f_5_marla_brand_new_double_storey_double_unit_house_for_sale_in_multi_garden_b17_islamabad-54502170-8527-1.html
2.7 Crore,5,Marla,Islamabad,,House,Bathrooms: 7,Servant Quarters: 1,2026,2,1,1,2,,https://www.zameen.com/Property/mpchs_multi_gardens_mpchs_-_block_f_brand_new_house_for_sale_in_multi_garden_b17_islamabad_block_f_size_25x50-54505790-8527-1.html
5.7 Crore,10,Marla,Islamabad,"Bahria Enclave Islamabad 
Residenti...more",House,Bathrooms: 7,Servant Quarters: 1,2026,3,1,,2,,https://www.zameen.com/Property/bahria_enclave_bahria_enclave_-_sector_c1_10_marla_park_facing_brand_new_house_available_for_sale_near_to_main_entrance_park_mosque_beacon_house_school_hospital-54802719-11987-1.html
5 Crore,10,Marla,Islamabad,"Bahria Enclave Islamabad 
 Sector C...more",House,Bathrooms: 7,Servant Quarters: 1,,1,1,,2,,https://www.zameen.com/Property/bahria_enclave_bahria_enclave_-_sector_c3_10_marla_beautiful_house_available_for_sale-53682040-11989-1.html
6 Crore,10,Marla,Islamabad,"Bahria Enclave Islamabad
 Sector C1...more",House,Bathrooms: 7,Servant Quarters: 1,2026,1,1,1,1,,https://www.zameen.com/Property/bahria_enclave_bahria_enclave_-_sector_c1_10_marla_brand_new_double_height_owner_built_house_available_for_sale-53439321-11987-1.html
3.85 Crore,8,Marla,Islamabad,Bahria Enclave...more,House,Bathrooms: 7,Servant Quarters: 1,,1,1,1,2,,https://www.zameen.com/Property/bahria_town_bahria_enclave_8_marla_beautiful_house_available_for_sale_most_populated_sector-53431171-1705-1.html
2.7 Crore,5,Marla,Islamabad,Bahria Enclave...more,House,Bathrooms: 5,Servant Quarters: 1,2025,1,1,1,1,,https://www.zameen.com/Property/bahria_town_bahria_enclave_5_marla_beautiful_design_house_available_for_sale_most_populated_sector_in_bahria_enclave_islamabad-53430892-1705-1.html
70 Crore,2.1,Kanal,Islamabad,"F-7, Islamabad562.1 Kanal",House,Bathrooms,Servant Quarters,,,Drawing Room,Steam Room,Study Room,,https://www.zameen.com/Property/islamabad_f-7_prime_location_close_to_margalla_road_f7_2_1066_syd_house_for_sale-54582912-165-1.html
36 Crore,1.3,Kanal,Islamabad,"F-7, Islamabad451.3 Kanal",House,Bathrooms,Servant Quarters,,Double Glazed Windows,Drawing Room,Steam Room,Study Room,,https://www.zameen.com/Property/islamabad_f-7_investor_alert_old_livable_666_sqyd_house_for_sale_in_f-7_islamabad_prime_f-7_location_back_open_near_park_excellent_investment_opportunity-54579517-165-1.html
29 Crore,1,Kanal,Islamabad,F-7,House,Bathrooms,Servant Quarters,,Double Glazed Windows,Drawing Room,Steam Room,Study Room,,https://www.zameen.com/Property/islamabad_f-7_investor_alert_prime_500_sq_yards_house_for_sale_in_f-7_2_islamabad_best_location_near_f-7_markaz_margalla_road-54579498-165-1.html
30 Crore,1,Kanal,Islamabad,F-7,House,Bathrooms,Servant Quarters,,Double Glazed Windows,Drawing Room,Steam Room,Study Room,,https://www.zameen.com/Property/islamabad_f-7_investor_alert_old_liveable_house_for_sale_in_f-7_islamabad_prime_f-7_location_front_open_rare_investment_opportunity-54579319-165-1.html
22 Crore,16,Marla,Islamabad,F-6,House,Bathrooms,Servant Quarters,,Double Glazed Windows,Drawing Room,Steam Room,Study Room,,https://www.zameen.com/Property/islamabad_f-6_400_sq_yards_f-6_islamabad_livable_house_for_sale_prime_40_90_house_in_f-6_isb-54619391-164-1.html
6.5 Crore,1,Kanal,Islamabad,,House,Bathrooms: 9,Servant Quarters: 2,2026,3,2,Lounge or Sitting Room,4,,https://www.zameen.com/Property/dha_defence_phase_4_dha_phase_4_-_sector_a_spacious_exquisite_under-construction_house_for_sale_on_3rd_avenue_sector_a_dha_phase_4_islamabad-54357902-13956-1.html
1.4 Crore,3.9,Marla,Islamabad,,House,Bathrooms: 2,Kitchens: 1,,5,,,1,,https://www.zameen.com/Property/gulberg_greens_diamond_mall_residency_affordable_flat_available_for_sale_in_diamond_mall_residency-54566352-10982-1.html
2.85 Crore,5,Marla,Islamabad,,House,Bathrooms: 4,Servant Quarters: 1,2026,Double Glazed Windows,1,1,1,1,https://www.zameen.com/Property/bahria_enclave_bahria_enclave_-_sector_h_brand_new_designer_house_for_sale_in_sector_h_south_facing_proper_3_huge_bedroom_best_location_for_living_bahria_enclave_islamabad-54620771-11983-1.html
1.1 Crore,5,Marla,Islamabad,,House,2,Servant Quarters: 1,2024,4,1,1,1,,https://www.zameen.com/Property/dha_defence_dha_valley_5_marla_home_for_sale_oleander_block_b-53287704-1333-1.html
48 Crore,1.3,Kanal,Islamabad,,House,,Drawing Room,,4,,,1,,https://www.zameen.com/Property/f_7_f-7_1_designer_house_for_sale-54125210-3307-1.html
1.9 Crore,8,Marla,Islamabad,,House,,,,,,,1,,https://www.zameen.com/Property/dha_valley_oleander_sector_oleander_sector_-_dha_homes_block_a_house_in_dha_homes_phase_7_islamabad-54268610-16792-1.html
2.2 Crore,8,Marla,Islamabad,,House,,,,,,,,,https://www.zameen.com/Property/dha_valley_oleander_sector_oleander_sector_-_dha_homes_block_a_8_marla_bolevard_corner_home_for_sale-54698765-16792-1.html
1.8 Crore,3.1,Marla,Islamabad,,House,Bathrooms: 2,Drawing Room,,3,,1,Study Room,,https://www.zameen.com/Property/g_11_g-11_3_beautiful_flat_for_sale_g-11_3_islamabad-54774258-3332-1.html
3.2 Crore,5,Marla,Islamabad,,House,Bathrooms: 5,Servant Quarters: 1,2026,1,1,1,1,,https://www.zameen.com/Property/bahria_enclave_bahria_enclave_-_sector_h_5_marla_luxury_modern_house_available_for_sale_in_bahria_enclave_islamabad-54551174-11983-1.html
17.5 Crore,1,Kanal,Islamabad,,House,Bathrooms: 6,Servant Quarters: 2,1999,4,2,1,2,,https://www.zameen.com/Property/f_10_f-10_1_f-10_1_house_for_sale_size_511_square_yard_pindi_facing-54060506-3276-1.html
5 Crore,4,Marla,Islamabad,D-12,House,,,,,,,,,https://www.zameen.com/Property/islamabad_d-12_ideal_house_is_available_for_sale_in_d-12-54801002-160-1.html
5.55 Crore,10,Marla,Islamabad,Faisal Town - F-18,House,Bathrooms: 8,Servant Quarters: 1,2026,2,1,,2,,https://www.zameen.com/Property/islamabad_faisal_town_-_f-18_10_marla_house_for_sale_faisal_town_block_b-54811942-8260-1.html
16.5 Crore,1,Kanal,Islamabad,F-10,House,Bathrooms: 5,Servant Quarters: 1,2000,8,8,2,1,,https://www.zameen.com/Property/islamabad_f-10_f_10_2_511_square_yards_house_available_tile_flooring_close_and_street_front_back_open_back_park_facing-52717540-162-1.html
3.8 Crore,8,Marla,Islamabad,,House,Bathrooms: 5,Servant Quarters: 1,2026,2,1,1,2,,https://www.zameen.com/Property/mpchs_multi_gardens_mpchs_-_block_e_8_marla_brand_new_double_storey_double_unit_house_for_sale_in_multi_garden_b17_islamabad_block_e-54516638-3120-1.html
6.5 Crore,10,Marla,Islamabad,,House,Bathrooms: 6,Servant Quarters: 1,2026,2,1,1,2,,https://www.zameen.com/Property/mpchs_multi_gardens_mpchs_-_block_c1_10_marla_brand_new_double_storey_with_1_basment_bedroom_double_unit_house_for_sale_in_multi_garden_b17_islamabad_block_c1-54535508-12607-1.html
2.85 Crore,5,Marla,Islamabad,"Bahria Enclave Islamabad 
 Sector B...more",House,Bathrooms: 5,Servant Quarters: 1,,2,1,1,1,,https://www.zameen.com/Property/bahria_enclave_bahria_enclave_-_sector_b1_5_marla_beautiful_house_available_for_sale_just_1_minute_drive_from_the_main_gate-52731371-11972-1.html
2.65 Crore,5,Marla,Islamabad,"Bahria Enclave Islamabad 
 Sector H...more",House,Bathrooms: 5,Servant Quarters: 1,5261,1,1,1,1,,https://www.zameen.com/Property/bahria_enclave_bahria_enclave_-_sector_h_5_marla_beautiful_brand_new_house_available_for_sale_owner_built_house-52619972-11983-1.html
2.7 Crore,5,Marla,Islamabad,"Bahria Enclave Islamabad 
 Sector N...more",House,Bathrooms: 5,Servant Quarters: 1,5043,1,1,1,1,,https://www.zameen.com/Property/bahria_enclave_bahria_enclave_-_sector_n_5_marla_beautiful_house_available_for_sale_owner_built_house-50434739-11975-1.html
3.85 Crore,8,Marla,Islamabad,"Bahria Enclave Islamabad
 Sector N...more",House,Bathrooms: 7,Servant Quarters: 1,5265,2,1,1,1,,https://www.zameen.com/Property/bahria_enclave_bahria_enclave_-_sector_n_8_marla_beautiful_house_available_for_sale_owner_built_house-52650183-11975-1.html
5.5 Crore,10,Marla,Islamabad,"Bahria Enclave Islamabad 
The Bahri...more",House,Bathrooms: 7,Servant Quarters: 1,2026,3,1,,2,,https://www.zameen.com/Property/bahria_enclave_bahria_enclave_-_sector_a_bahria_enclave_islamabad-54615760-11970-1.html
5.9 Crore,10,Marla,Islamabad,,House,Bathrooms: 6,Servant Quarters: 1,2026,Double Glazed Windows,1,2,2,2,https://www.zameen.com/Property/bahria_enclave_bahria_enclave_-_sector_c1_brand_new_designer_house_for_sale_in_sector_c-1_a_quality_house_best_location_for_living_bahria_enclave_islamabad-54613704-11987-1.html
2.65 Crore,5,Marla,Islamabad,,House,3,Servant Quarters: 1,2026,Double Glazed Windows,1,2,1,1,https://www.zameen.com/Property/bahria_enclave_bahria_enclave_-_sector_n_brand_new_house_for_sale_in_sector_n_best_location_for_living_reasonable_price_3_bedroom_a_construction_in_bahria_enclave_islamabad-54586371-11975-1.html
1.4,4.8,Kanal,Islamabad,"F-6, Islamabad564.8 Kanal",House,Bathrooms,Servant Quarters,,Double Glazed Windows,Drawing Room,Steam Room,Study Room,,https://www.zameen.com/Property/islamabad_f-6_f-6_islamabad_2400_sq_yards_margalla_facing_estate_for_sale_where_luxury_meets_legacy-54579286-164-1.html
6.1 Crore,12,Marla,Islamabad,,House,Bathrooms: 6,Servant Quarters: 2,,3,2,2,2,,https://www.zameen.com/Property/dha_defence_dha_defence_phase_2_12_marla_house_available_for_sale_in_dha_phase_2-54681760-339-1.html
6.5 Crore,9.8,Marla,Islamabad,,House,3,Servant Quarters: 1,2027,2,1,,,,https://www.zameen.com/Property/kashmir_highway_eighteen_3_bed_apartment_with_golf_view_on_easy_instalments_plan_luxury_living_eighteen-54601706-12602-1.html
6.9 Crore,7,Marla,Islamabad,,House,Bathrooms: 5,Servant Quarters: 1,2026,2,1,1,1,,https://www.zameen.com/Property/g_14_g-14_4_7_marla_brand_new_house_available_for_sale_in_g-14_4_sector_islamabad_with_all_basic_amenities-54742151-3346-1.html
1.15 Crore,4.9,Marla,Islamabad,,House,2,Dining Room,2025,,,,1,,https://www.zameen.com/Property/bahria_enclave_bahria_enclave_-_sector_c1_fully_furnished_2_bed_apartment_for_sale_in_embassy_gardens_sector_c1_bahria_enclave_islamabad-54538256-11987-1.html
4.1 Crore,10,Marla,Islamabad,Bani Gala,House,Bathrooms: 4,Drawing Room,,1,,,2,,https://www.zameen.com/Property/islamabad_bani_gala_a_palatial_residence_for_sale_in_bani_gala_bani_gala_current_road_imran_khan_chowk-54823258-340-1.html
3.85 Crore,8,Marla,Islamabad,,House,Bathrooms: 6,Servant Quarters,2026,2,Drawing Room,Steam Room,2,,https://www.zameen.com/Property/b_17_mpchs_-_multi_gardens_8_marla_30x60_brand_new_double_unit_house_for_sale_in_block_f_mpchs_multi_garden_b17_islamabad-54330658-3115-1.html
3 Crore,6,Marla,Islamabad,,House,Bathrooms: 5,Drawing Room,,,,,2,,https://www.zameen.com/Property/i_14_i-14_1_affordable_prime_location_house_of_6_marla_is_available_for_sale-54786252-8340-1.html
11.22 Crore,1,Kanal,Islamabad,,House,Bathrooms: 7,Servant Quarters: 2,2026,2,2,Steam Room,1,,https://www.zameen.com/Property/dha_defence_dha_defence_phase_2_1_kanal_designer_house_for_sale_in_dha_phase_2-54568474-339-1.html
64 Crore,1.3,Kanal,Islamabad,"F-7, Islamabad671.3 Kanal",House,Bathrooms: 7,Servant Quarters,2026,2,Drawing Room,Steam Room,Powder Room,,https://www.zameen.com/Property/islamabad_f-7_a_masterpiece_of_modern_luxury_brand_new_modern_house-54621816-165-1.html
4.4 Crore,8,Marla,Islamabad,,House,Bathrooms: 6,Servant Quarters,2026,2,Drawing Room,Steam Room,2,,https://www.zameen.com/Property/b_17_mpchs_-_multi_gardens_8_marla_ultra_luxury_designer_corner_double_unit_house_available_for_sale_in_block_e_mpchs_multi_garden_b-17_islamabad-54788279-3115-1.html
14 Crore,10,Marla,Islamabad,,House,,,,,,2,,,https://www.zameen.com/Property/f_11_f-11_3_brand_new_10_marla_back_open_designer_house_for_sale-54374738-3284-1.html
5.25 Crore,7.8,Marla,Islamabad,,House,3,Kitchens: 1,2026,2,,,1,,https://www.zameen.com/Property/g_11_1_11_central_apartments_1758_square_feet_flat_for_sale_in_the_perfect_location_of_11_central_apartments-54718622-22037-1.html
6.25 Crore,10,Marla,Islamabad,,House,Bathrooms: 5,Servant Quarters: 1,,2,1,,2,,https://www.zameen.com/Property/bahria_enclave_bahria_enclave_-_sector_c1_sector_c1_10_marla_house_for_sale_-_located_on_60_ft_wide-54801807-11987-1.html
2.5 Crore,5,Marla,Islamabad,B-17,House,Bathrooms,Servant Quarters,,,Drawing Room,,Other Rooms,,https://www.zameen.com/Property/islamabad_b-17_5_marla_brand_new_house_for_sale_in_b-17_block_f-54430902-616-1.html
4.5 Crore,10,Marla,Islamabad,Bani Gala,House,Bathrooms: 5,Servant Quarters: 1,,2,1,1,1,1,https://www.zameen.com/Property/islamabad_bani_gala_house_for_sale_bani_gala_islamabad-54301901-340-1.html
5 Crore,10,Marla,Islamabad,,House,,,,2,1,1,2,,https://www.zameen.com/Property/top_city_1_top_city_1_-_block_a_house_spread_over_10_marla_in_top_city_1_-_block_a_available-54594321-9231-1.html
5.5 Crore,7.8,Marla,Islamabad,,House,3,Kitchens: 1,,,,1,1,,https://www.zameen.com/Property/g_11_markaz_warda_hamna_residencia_3_bed_fully_furnished_duplex_apartment-54729469-22209-1.html
5 Crore,10,Marla,Islamabad,Zaraj Housing Scheme,House,Bathrooms: 6,Servant Quarters: 1,2025,2,1,1,2,,https://www.zameen.com/Property/islamabad_zaraj_housing_scheme_designer_brand_new_10_marla_modern_house_for_sale_in_zaraj_housing_society_islamabad-49940287-3508-1.html
11.35 Crore,1,Kanal,Islamabad,,House,Bathrooms: 2,Dining Room,2025,6,,1,1,,https://www.zameen.com/Property/dha_defence_dha_defence_phase_2_presenting_an_ultra-modern_masterpieces_located_in_dha_phase_2-54000991-339-1.html
6.8 Crore,1,Kanal,Islamabad,,House,,,,3,,,,,https://www.zameen.com/Property/dha_defence_dha_defence_phase_2_20_marla_house_for_sale_in_dha_defence_phase_2-54751029-339-1.html
5.95 Crore,14,Marla,Islamabad,Zaraj Housing Scheme,House,Bathrooms: 6,Servant Quarters,2026,2,Drawing Room,Other Rooms,Study Room,,https://www.zameen.com/Property/islamabad_zaraj_housing_scheme_14_marla_modern_designer_house_in_zaraj_housing_scheme-54208064-3508-1.html
4 Crore,10,Marla,Islamabad,Bani Gala,House,Bathrooms: 6,Servant Quarters: 1,2026,2,1,1,2,,https://www.zameen.com/Property/islamabad_bani_gala_10_marla_double_storey_house_for_sale-54768609-340-1.html
6.9 Crore,5,Marla,Islamabad,D-12,House,Bathrooms: 6,Servant Quarters: 1,2026,2,1,,1,,https://www.zameen.com/Property/islamabad_d-12_brand_new_5_marla_house_for_sale_modern_design_prime_location-54823247-160-1.html
6.9 Crore,10,Marla,Islamabad,,House,Bathrooms: 06,Servant Quarters: 02,2026,03,02,,1,,https://www.zameen.com/Property/dha_defence_dha_defence_phase_5_looking_for_a_house_in_islamabad-54282616-10991-1.html
11 Crore,1,Kanal,Islamabad,,House,Bathrooms: 07,Servant Quarters: 02,2025,03,02,,02,,https://www.zameen.com/Property/dha_defence_dha_defence_phase_5_prime_location_house_near_to_famly_b_park_near_to_masjid_near_to_jmart_near_to_aps_school_near_to_giga_mall_near_to_contol_park-54477371-10991-1.html
13.25 Crore,1,Kanal,Islamabad,"DHA Phase 2 Islamabad
 Brand New Co...more",House,Bathrooms: 06,Servant Quarters: 02,2026,04,02,01,02,,https://www.zameen.com/Property/dha_defence_dha_defence_phase_2_brand_new_corner_house_for_sale-54293269-339-1.html
28 Crore,3,Kanal,Islamabad,,House,Bathrooms: 07,Servant Quarters: 03,2026,08,03,01,1,,https://www.zameen.com/Property/dha_defence_dha_defence_phase_2_prime_location_brand_new_house_near_to_masjid_near_to_giga_mall_near_to_central_park_near_to_kfc_near_to_market_near_to_nova_care_hospital-54292346-339-1.html
7.4 Crore,1,Kanal,Islamabad,,House,Bathrooms: 07,Servant Quarters: 03,2020,04,03,,1,,https://www.zameen.com/Property/dha_defence_dha_defence_phase_2_prime_location_house-54536653-339-1.html
11.3 Crore,1,Kanal,Islamabad,,House,Bathrooms: 06,Servant Quarters: 03,2026,03,03,,1,,https://www.zameen.com/Property/dha_defence_dha_defence_phase_5_20_marla_brand_new_house_available_for_sale_dha_phase-5_islamabad-54779596-10991-1.html
47 Crore,1.3,Kanal,Islamabad,"F-7, Islamabad661.3 Kanal",House,Bathrooms: 7,Servant Quarters: 2,2022,Double Glazed Windows,2,,2,5,https://www.zameen.com/Property/islamabad_f-7_f-7_luxurious_house_for_sale_incoming_rent_7000-54531157-165-1.html
35 Crore,1.6,Kanal,Islamabad,,House,,,,,,,,,https://www.zameen.com/Property/f_10_f-10_2_f10_2_house_for_sale-54749168-3277-1.html
4 Crore,7,Marla,Islamabad,B-17,House,Bathrooms: 11,Drawing Room,2026,2,,,4,,https://www.zameen.com/Property/islamabad_b-17_beautiful_7_marla_4_floor_house_for_sale_with_double_basement_b_17_islamabad_block_e-54787852-616-1.html
13.95 Crore,14,Marla,Islamabad,,House,Bathrooms: 6,Servant Quarters: 1,2020,2,1,1,2,,https://www.zameen.com/Property/i_8_i-8_4_highly-desirable_house_available_in_i-8_4_for_sale-54147611-3444-1.html
22 Crore,1.2,Kanal,Islamabad,"I-8, Islamabad671.2 Kanal",House,Bathrooms: 6,Servant Quarters: 1,,2,1,1,2,,https://www.zameen.com/Property/islamabad_i-8_house_for_sale_in_i-8_islamabad_prime_location_cda_transfer-54257844-174-1.html
12.95 Crore,1,Kanal,Islamabad,Top City 1,House,Bathrooms: 6,Servant Quarters,2025,2,Drawing Room,1,2,,https://www.zameen.com/Property/islamabad_top_city_1_1_kanal_house_available_for_sale_in_top_city_1_if_you_hurry-54377777-1383-1.html
2.85 Crore,8,Marla,Islamabad,B-17,House,Bathrooms: 5,Drawing Room,,,,,2,,https://www.zameen.com/Property/islamabad_b-17_prime_location_8_marla_house_in_b-17_for_sale-54747478-616-1.html
5.15 Crore,10,Marla,Islamabad,,House,Bathrooms: 6,Servant Quarters: 1,2026,2,1,1,2,,https://www.zameen.com/Property/top_city_1_top_city_1_-_block_a_brand_new_house_for_sale-54772138-9231-1.html
5.1 Crore,10,Marla,Islamabad,,House,5,Servant Quarters: 1,2025,2,1,1,2,,https://www.zameen.com/Property/bahria_enclave_bahria_enclave_-_sector_m_brand_new_10_marla_house_available_for_sale_2_unit-54786839-11977-1.html
6 Crore,8,Marla,Islamabad,Diplomatic Enclave,House,Bathrooms: 2,Drawing Room,2022,Double Glazed Windows,,,Study Room,,https://www.zameen.com/Property/islamabad_diplomatic_enclave_brand_new_fully_furnished_ground_floor_2-bedroom_apartment_for_sale-54572720-429-1.html
12.25 Crore,14,Marla,Islamabad,,House,Bathrooms: 7,Servant Quarters: 2,2026,Double Glazed Windows,2,,2,,https://www.zameen.com/Property/g_13_g-13_2_40_80_14_marla_brand_new_house_for_sale-54638270-3338-1.html
15.25 Crore,2,Kanal,Islamabad,,House,Bathrooms: 8,Servant Quarters: 1,2024,Double Glazed Windows,1,Steam Room,2,1,https://www.zameen.com/Property/dha_defence_dha_defence_phase_5_corner_2_kanal_luxurious_house_with_2_side_approach_at_height_location-51518222-10991-1.html
5.95 Crore,6,Marla,Islamabad,,House,Bathrooms: 5,Drawing Room,2026,Flooring,,,2,,https://www.zameen.com/Property/i_10_i-10_2_6_marla_brand_new_house_for_sale_in_i-10_2-54763508-3421-1.html
16 Crore,1,Kanal,Islamabad,G-13,House,Bathrooms: 8,Servant Quarters: 2,2025,5,2,2,2,,https://www.zameen.com/Property/islamabad_g-13_1_kanal_brand_new_house_for_sale_size_5090_in_g13-52901595-330-1.html
6.7 Crore,7,Marla,Islamabad,G-13,House,,,,,,,,,https://www.zameen.com/Property/islamabad_g-13_brand_new_house_for_sale_size_7_marla_house_in_g13-52994805-330-1.html
7.9 Crore,1,Kanal,Islamabad,"DHA PHASE 2 Islamabad
 *House Detai...more",House,Bathrooms: 7,Servant Quarters: 2,2026,3,2,2,2,,https://www.zameen.com/Property/dha_defence_dha_defence_phase_2_1_kanal_brand_new_designer_house_ready_for_sale_in_dha_defence_phase_2_islamabad-54247215-339-1.html
5.1 Crore,4,Marla,Islamabad,D-12,House,Bathrooms: 4,Drawing Room,2026,1,,Steam Room,1,,https://www.zameen.com/Property/islamabad_d-12_4_marla_designer_house_available_for_sale-54558898-160-1.html
11.5 Crore,10,Marla,Islamabad,,House,Bathrooms: 6,Servant Quarters: 1,2026,2,1,1,2,,https://www.zameen.com/Property/d_12_d-12_1_10_marla_house_ideally_situated_in_d-12_1-54562062-3154-1.html
42 Crore,1,Kanal,Islamabad,F-7,House,Bathrooms: 8,Servant Quarters: 2,2023,4,2,,1,5,https://www.zameen.com/Property/islamabad_f-7_incoming_rent_6500_unoccupied_house_of_1_kanal_is_available_for_sale_in_f-7-54530265-165-1.html
10.25 Crore,1,Kanal,Islamabad,,House,5,Servant Quarters: 1,2025,3,1,2,2,,https://www.zameen.com/Property/dha_defence_dha_defence_phase_2_1_kanal_house_in_dha_defence_phase_2_is_best_option-54471516-339-1.html
11 Crore,1,Kanal,Islamabad,,House,Bathrooms: 6,Servant Quarters: 1,2026,3,1,2,2,,https://www.zameen.com/Property/dha_defence_dha_defence_phase_2_ultra_modern_a_kanal_mansion_with_maze-9_theme_lounge_and_aesthetic_designs_and_imported_appliances-54471519-339-1.html
13.75 Crore,1,Kanal,Islamabad,,House,Bathrooms: 7,Servant Quarters: 2,2026,3,2,1,2,,https://www.zameen.com/Property/dha_defence_dha_defence_phase_2_ultra_modern_dha_phase_2_house_available_for_sale-54731301-339-1.html
14.5 Crore,1,Kanal,Islamabad,,House,Bathrooms: 7,Servant Quarters: 2,2026,3,2,,2,,https://www.zameen.com/Property/dha_defence_dha_defence_phase_2_brand_new_zero_meter_luxury_house_available_for_sale-54733688-339-1.html
85 Lakh,3.9,Marla,Islamabad,,House,Bathrooms: 2,Dining Room,2026,Lobby in Building,,1,1,,https://www.zameen.com/Property/i_12_i-12_1_i-12_1_top_located_d-type_4th_floor_flat-54463979-13800-1.html
80 Lakh,3.9,Marla,Islamabad,,House,Bathrooms: 2,Dining Room,2026,Lobby in Building,,1,1,,https://www.zameen.com/Property/i_12_i-12_1_i-12_1_adc_5th_floor_d-type_apartment-54463962-13800-1.html
65 Lakh,3.2,Marla,Islamabad,,House,Bathrooms: 2,Dining Room,2026,Lobby in Building,,2,1,,https://www.zameen.com/Property/i_12_i-12_1_i-12_1_e-type_3rd_floor_all_dues_clear_flat-54296692-13800-1.html
4 Crore,7,Marla,Islamabad,,House,,,,,,,2,6,https://www.zameen.com/Property/b_17_mpchs_-_multi_gardens_ideal_house_for_sale_in_mpchs_-_multi_gardens-54786752-3115-1.html
13 Crore,1,Kanal,Islamabad,,House,,,2025,3,,,,,https://www.zameen.com/Property/bahria_enclave_bahria_enclave_-_sector_c_1_kanal_designer_house_available_for_sale_lop_approved_in_sector_c_prime_location-54733564-11973-1.html
4.16 Crore,8.8,Marla,Islamabad,,House,3,Servant Quarters,,Lobby in Building,Drawing Room,Steam Room,3,,https://www.zameen.com/Property/dha_defence_dha_defence_phase_2_spacious_3_bedroom_luxury_apartments_prime_living_in_dha_phase_2_islamabad_-_pre-launching_price_we_offer-53984560-339-1.html
2.8 Crore,5,Marla,Islamabad,,House,Bathrooms: 4,Servant Quarters: 1,2025,1,1,1,1,,https://www.zameen.com/Property/bahria_town_bahria_enclave_5_marla_house_for_sale-48266495-1705-1.html
6.25 Crore,10,Marla,Islamabad,,House,Bathrooms: 6,Servant Quarters: 2,2025,3,2,1,2,,https://www.zameen.com/Property/bahria_town_bahria_enclave_designer_a_grade_10_marla_house-54186920-1705-1.html
2.9 Crore,5,Marla,Islamabad,,House,Bathrooms: 6,Drawing Room,,,,,2,,https://www.zameen.com/Property/i_14_i-14_4_brand_new_5_marla_double-story_house_for_sale_i-14_4-54597722-8343-1.html
6.5 Crore,7,Marla,Islamabad,,House,Bathrooms: 10,Servant Quarters: 1,2026,2,1,1,3,,https://www.zameen.com/Property/i_11_i-11_2_brand_new_luxury_7_marla_3_5_story_house_for_sale_in_i_11_2-54813632-9879-1.html
1.18 Crore,3.4,Marla,Islamabad,,House,1,,,,,,,,https://www.zameen.com/Property/b_17_faisal_margalla_city_spacious_prime_location_762_square_feet_flat_available_for_sale_in_faisal_margalla_city-54790153-13424-1.html
3.6 Crore,10.9,Marla,Islamabad,,House,,,,,,,,,https://www.zameen.com/Property/d_17_margalla_view_housing_society_prominently-located_house_available_in_margalla_view_housing_society_for_sale-53672838-3160-1.html
3.95 Crore,8,Marla,Islamabad,,House,Bathrooms: 7,Servant Quarters: 1,2026,2,1,1,2,,https://www.zameen.com/Property/fechs_jinnah_gardens_brand_new_house_for_sale_lop_approved_original_pictures_cda_approved-54351581-1420-1.html
3.7 Crore,5,Marla,Islamabad,,House,Bathrooms: 5,Drawing Room,,Flooring,,,2,,https://www.zameen.com/Property/i_10_i-10_2_5_marla_house_for_sale_in_i-10_2_well-maintained_family_home-54766202-3421-1.html
7.5 Crore,10,Marla,Islamabad,,House,Bathrooms: 7,Servant Quarters: 1,2026,Double Glazed Windows,1,1,2,,https://www.zameen.com/Property/dha_defence_dha_defence_phase_5_designer_10_marla_house_for_sale_dha_phase_5_islamabad-54126334-10991-1.html
7.9 Crore,1,Kanal,Islamabad,"DHA PHASE 2 Islamabad
 *House Detai...more",House,Bathrooms: 6,Servant Quarters: 2,2026,3,2,1,2,,https://www.zameen.com/Property/dha_defence_dha_defence_phase_2_american_design_brand_new_1_kanal_house_ready_for_sale_in_dha_defence_phase_2_islamabad-54251373-339-1.html
75 Lakh,3.4,Marla,Islamabad,,House,Bathrooms: 2,Kitchens: 1,2023,,,,1,,https://www.zameen.com/Property/jinnah_gardens_jinnah_gardens_phase_1_prime_location_flat_plus_lift_available_for_sale-54706045-1421-1.html
4.1 Crore,4,Marla,Islamabad,,House,Bathrooms: 5,Servant Quarters: 1,2025,1,1,1,2,,https://www.zameen.com/Property/g_13_g-13_4_brand_new_house_for_sale_size_2540_in_g13_4_islamabad-52897727-3340-1.html
3.9 Crore,10.7,Marla,Islamabad,"F-11, Islamabad3310.7 Marla",House,3,Drawing Room,,,,,1,,https://www.zameen.com/Property/islamabad_f-11_f11_3_bedooms_attach_bath_tv_lounge_kitchen_drawing_dining_apartment_available_for_sale-54478841-163-1.html
9 Crore,1,Kanal,Islamabad,DHA 2 Full House...more,House,Bathrooms: 5,Servant Quarters: 2,2022,3,2,2,2,,https://www.zameen.com/Property/dha_defence_dha_defence_phase_2_dha_2_islamabad_12_marla_full_house_corner_available_for_sale-50293330-339-1.html
75 Lakh,3.9,Marla,Islamabad,,House,Bathrooms: 2,Dining Room,2026,Lobby in Building,,1,1,,https://www.zameen.com/Property/i_12_i-12_1_i-12_1_d-type_9th_floor_all_dues_clear_flat-54296666-13800-1.html
92 Lakh,3.9,Marla,Islamabad,,House,Bathrooms: 2,Dining Room,2026,Flooring,,1,1,,https://www.zameen.com/Property/i_12_i-12_1_i-12_1_3rd_floor_corner_d-type_all_dues_clear_flat-54296504-13800-1.html
70 Lakh,3.2,Marla,Islamabad,,House,Bathrooms: 2,Dining Room,2026,Lobby in Building,,1,1,,https://www.zameen.com/Property/i_12_i-12_1_i-12_1_e-type_adc_1st_floor_apartment-54296424-13800-1.html
63 Lakh,3.2,Marla,Islamabad,,House,Bathrooms: 2,Dining Room,2026,Lobby in Building,,1,1,,https://www.zameen.com/Property/i_12_i-12_1_i-12_1_e-type_5th_floor_adc_apartment-54296405-13800-1.html
1 Crore,3.9,Marla,Islamabad,,House,Bathrooms: 2,Dining Room,2026,Lobby in Building,,1,1,,https://www.zameen.com/Property/i_12_i-12_1_i-12_1_front_open_3rd_floor_d-type_adc_flat-54295963-13800-1.html
21 Crore,1.2,Kanal,Islamabad,,House,Bathrooms: 15,Servant Quarters: 1,2020,8,1,3,3,,https://www.zameen.com/Property/g_14_g-14_4_high-yield_property_12-bed_triple-story_corner_mansion_in_g-14_4_3_separate_units_house_for_sale-54327590-3346-1.html
11.75 Crore,1,Kanal,Islamabad,,House,Bathrooms: 7,Servant Quarters: 1,2026,3,1,1,3,,https://www.zameen.com/Property/dha_defence_phase_2_dha_phase_2_-_sector_b_1_kanal_newly_built_luxury_designer_house_for_sale-54692565-3197-1.html
1.15 Crore,5.1,Marla,Islamabad,"River Garden, Islamabad335.1 Marla",House,Bathrooms: 3,Kitchens: 1,2024,2,,,1,,https://www.zameen.com/Property/islamabad_river_garden_3-bed_park_facing_apartment_on_1st_floor_riverwalk_islamabad_owner_deal-54611105-1457-1.html
11 Crore,1,Kanal,Islamabad,,House,Bathrooms: 6,Servant Quarters: 2,2019,Double Glazed Windows,2,1,2,,https://www.zameen.com/Property/bahria_town_bahria_enclave_1_kanal_house_for_sale-54186927-1705-1.html
2.1,5,Kanal,Islamabad,F-6,House,Bathrooms,,,RoomsBedroomsBathrooms,,,,,https://www.zameen.com/Property/islamabad_f-6_margalla_road_front_back_open_5_kanal_house_with_extra_land_is_for_sale-54496005-164-1.html
15 Crore,1,Kanal,Islamabad,G-10,House,Bathrooms: 5,Servant Quarters: 1,1995,5,1,Steam Room,Study Room,,https://www.zameen.com/Property/islamabad_g-10_house_for_sale_in_g-10_near_to_f9_park_old_house-53704826-167-1.html
3.25 Crore,8,Marla,Islamabad,,House,,,,,,,,,https://www.zameen.com/Property/mpchs_multi_gardens_mpchs_-_block_e_main_double_road_property_for_sale_in_mpchs_-_block_e_islamabad_is_available-54780633-3120-1.html
11 Crore,1,Kanal,Islamabad,"DHA phase 2 Islamabad 
one kanal be...more",House,,,2026,3,,,,,https://www.zameen.com/Property/dha_defence_dha_defence_phase_2_dha_phase_2_one_kanal_beautiful_location_house_for_sale-54597274-339-1.html
4 Crore,8,Marla,Islamabad,,House,Bathrooms: 7,Servant Quarters: 1,2026,2,1,1,2,,https://www.zameen.com/Property/fechs_jinnah_gardens_brand_new_luxury_house_for_sale_cda_approved_best_location_original_pictures-54795705-1420-1.html
13 Crore,1,Kanal,Islamabad,,House,,,2026,3,,,,,https://www.zameen.com/Property/dha_defence_dha_defence_phase_5_1_kanal_single_unit_luxurious_house_for_sale_in_dha-5_islamabad-54812981-10991-1.html
4.9 Crore,7,Marla,Islamabad,,House,,,,,,1,,2,https://www.zameen.com/Property/mpchs_multi_gardens_mpchs_-_block_e_this_is_your_chance_to_buy_corner_house_in_mpchs_-_block_e_islamabad-54789616-3120-1.html
5.4 Crore,10,Marla,Islamabad,,House,Bathrooms: 6,Servant Quarters: 1,2026,2,1,,2,,https://www.zameen.com/Property/bahria_town_bahria_enclave_10_marla_designer_house_for_sale_bahria_enclave_islamabad_sector_c1-54777411-1705-1.html
4 Crore,8.5,Marla,Islamabad,"Korang Town, Islamabad568.5 Marla",House,Bathrooms: 4,Drawing Room,2024,1,,Lounge or Sitting Room,1,,https://www.zameen.com/Property/islamabad_korang_town_used_house_for_sale_in_koring_town_proper-52617176-445-1.html
2.7 Crore,5,Marla,Islamabad,,House,Bathrooms: 5,Servant Quarters: 1,2024,2,1,1,2,,https://www.zameen.com/Property/bahria_enclave_bahria_enclave_-_sector_n_sector_n_5_marla_used_house_excellent_construction_quality_sun_facing_house_available_for_sale-54622419-11975-1.html
3.5 Crore,7.5,Marla,Islamabad,"Bani Gala, Islamabad557.5 Marla",House,Bathrooms: 5,Servant Quarters: 1,,,5,,2,,https://www.zameen.com/Property/islamabad_bani_gala_7_5_marla_luxury_villas_available_on_installment_in_islamabad_banigala_on_prime_location-54407774-340-1.html
11 Crore,14,Marla,Islamabad,G-14,House,Bathrooms: 8,Servant Quarters: 1,2026,3,1,1,2,,https://www.zameen.com/Property/islamabad_g-14_brand_house_for_sale_in_g_14-54769359-454-1.html
4.3 Crore,4,Marla,Islamabad,PKR4.3 CroreG-13House For Sale G/13/1BRAND NEW HOUSE FOR SALE PRIME LOCA...moreAdded: 21 hours ago,House,Bathrooms: 5,Servant Quarters: 1,2026,1,1,1,2,,https://www.zameen.com/Property/islamabad_g-13_house_for_sale_g_13_1-54769272-330-1.html
12.3 Crore,14,Marla,Islamabad,G-13,House,Bathrooms: 8,Servant Quarters: 1,2026,3,1,1,2,,https://www.zameen.com/Property/islamabad_g-13_brand_house_for_sale_g_13-54769328-330-1.html
3.8 Crore,8,Marla,Islamabad,"Bahria Enclave Islamabad 
Sector N...more",House,Bathrooms: 7,Servant Quarters: 1,5465,1,1,,1,2,https://www.zameen.com/Property/bahria_enclave_bahria_enclave_-_sector_n_bahria_enclave_islamabad_owner_built_house_available_for_sale-54651581-11975-1.html
10.5 Crore,1,Kanal,Islamabad,"Bahria Enclave Islamabad 
Sector C...more",House,Bathrooms: 7,Servant Quarters: 1,2026,1,1,,3,2,https://www.zameen.com/Property/bahria_enclave_bahria_enclave_-_sector_c_1_kanal_brand_new_house_available_for_sale_just_30_scnd_drive_from_the_main_gate-54519329-11973-1.html
18 Crore,1,Kanal,Islamabad,F-10,House,Bathrooms: 7,Servant Quarters: 2,2000,4,2,11,3,,https://www.zameen.com/Property/islamabad_f-10_duplex_house_for_sale_sector_f_10_top_location_old_house-54379898-162-1.html
23 Crore,1.1,Kanal,Islamabad,"F-10, Islamabad661.1 Kanal",House,Bathrooms: 6,Servant Quarters: 2,2000,6,2,1,2,,https://www.zameen.com/Property/islamabad_f-10_house_for_sale_sector_f_10_size_555_square_yards_with_extra_land_main_raod_house-54379936-162-1.html
26 Crore,1.4,Kanal,Islamabad,"F-10, Islamabad661.4 Kanal",House,Bathrooms: 6,Servant Quarters: 2,2005,5,2,1,1,,https://www.zameen.com/Property/islamabad_f-10_house_for_sale_sector_f_10_size_677_square_yards_top_location-54379989-162-1.html
35 Crore,2,Kanal,Islamabad,F-10,House,Bathrooms: 10,Servant Quarters: 2,,5,2,1,2,,https://www.zameen.com/Property/islamabad_f-10_demolished_able_house_for_sale_sector_f_10_size_two_kanal_good_location-54380114-162-1.html
9.5 Crore,9.3,Marla,Islamabad,"F-11, Islamabad769.3 Marla",House,Bathrooms: 6,Servant Quarters: 1,2005,1,1,1,3,,https://www.zameen.com/Property/islamabad_f-11_house_for_sale_sector_f_11_2_triple_story_big_street_60_feet-54380406-163-1.html
8.2 Crore,8,Marla,Islamabad,E-11,House,Bathrooms: 6,Servant Quarters: 1,2026,2,1,1,2,,https://www.zameen.com/Property/islamabad_e-11_brand_new_designer_8_marla_house_for_sale_sector_e_11_good_location-54380583-329-1.html
3.85 Crore,9.3,Marla,Islamabad,,House,3,Drawing Room,,2,,,1,,https://www.zameen.com/Property/g_11_g-11_3_aladdin_apartments_g-11_3_3_bed_apartment_for_sale-54783150-3332-1.html
26 Crore,1,Kanal,Islamabad,F-11,House,Bathrooms: 9,Servant Quarters: 2,2005,6,2,1,2,,https://www.zameen.com/Property/islamabad_f-11_triple_storey_corner_house_for_sale_sector_f_11_size_one_kanal_top_location-54381266-163-1.html
40 Crore,17.8,Marla,Islamabad,"F-6, Islamabad7717.8 Marla",House,Bathrooms: 8,Servant Quarters,,Double Glazed Windows,Drawing Room,Lounge or Sitting Room,Powder Room,,https://www.zameen.com/Property/islamabad_f-6_elegant_brand_new_house_is_for_sale_in_f-6-54498654-164-1.html
2.6 Crore,6,Marla,Islamabad,Bani Gala,House,,,2025,Double Glazed Windows,,,,,https://www.zameen.com/Property/islamabad_bani_gala_brand_new_6_marla_corner_triple_story_house_for_sale-54763485-340-1.html
4.15 Crore,8,Marla,Islamabad,,House,,,,,,,,,https://www.zameen.com/Property/mpchs_multi_gardens_mpchs_-_block_e_stunning_8_marla_house_in_mpchs_-_block_e_available-54767561-3120-1.html
8.25 Crore,10,Marla,Islamabad,,House,,,,,,,,,https://www.zameen.com/Property/dha_defence_dha_defence_phase_2_10_marla_house_is_available_in_affordable_price_in_dha_defence_phase_2-54731107-339-1.html
8.25 Crore,10,Marla,Islamabad,,House,5,,,,1,1,2,,https://www.zameen.com/Property/dha_defence_phase_2_dha_phase_2_-_sector_e_stunning_and_affordable_house_available_for_sale_in_dha_phase_2_-_sector_e-54069877-3200-1.html
1.65 Crore,4.4,Marla,Islamabad,"F-11, Islamabad14.4 Marla",House,Bathrooms: 1,Drawing Room,,1,,,1,,https://www.zameen.com/Property/islamabad_f-11_a_prime_location_1000_square_feet_flat_is_up_for_grabs_in_f-11-53797047-163-1.html
6.5 Crore,7.1,Marla,Islamabad,"Karakoram Diplomatic Enclave, Islamabad227.1 Marla",House,2,Servant Quarters: 1,2018,01,1,01,02,,https://www.zameen.com/Property/islamabad_karakoram_diplomatic_enclave_karakoram_enclave_furnished_2_bedrooms_apartment_for_sale-43956039-9063-1.html
7.4 Crore,8.3,Marla,Islamabad,"Karakoram Diplomatic Enclave, Islamabad238.3 Marla",House,2,Servant Quarters,2018,1,Drawing Room,1,1,,https://www.zameen.com/Property/islamabad_karakoram_diplomatic_enclave_karakoram_enclave_2_bed_rooms_apartment_on_investor_rate-51641825-9063-1.html
11.95 Crore,1,Kanal,Islamabad,,House,Bathrooms: 8,Servant Quarters: 1,2025,6,1,1,1,,https://www.zameen.com/Property/dha_defence_dha_defence_phase_2_ultra_luxurious_corner_house_for_sale_at_dha_phase_ii_islamabad-54001021-339-1.html
3.2 Crore,5,Marla,Islamabad,Faisal Town - F-18,House,Bathrooms: 4,Kitchens: 2,2026,1,,,2,,https://www.zameen.com/Property/islamabad_faisal_town_-_f-18_for_sale_-_5_marla_beautiful_house_in_faisal_town_block_a_location_faisal_town_block_c_-_prime_location-54811853-8260-1.html
15 Crore,2.5,Kanal,Islamabad,"Bani Gala, Islamabad552.5 Kanal",House,Bathrooms: 5,Drawing Room,2023,2,,,,,https://www.zameen.com/Property/islamabad_bani_gala_2_5_kanal_farm_house_for_sale_in_bani_gala_islamabad-53995083-340-1.html
8 Crore,1,Kanal,Islamabad,Bani Gala,House,5,Kitchens: 2,,,,,1,1,https://www.zameen.com/Property/islamabad_bani_gala_1_kanal_house_for_sale_in_bani_gala_islamabad-53823918-340-1.html
6.2 Crore,10,Marla,Islamabad,,House,Bathrooms: 7,Servant Quarters,2026,Double Glazed Windows,Drawing Room,,2,2,https://www.zameen.com/Property/mpchs_multi_gardens_mpchs_-_block_c_brand_new_double_unit_10_marla_house_for_sale_in_mpchs_c_block-54811998-3118-1.html
4.1 Crore,8,Marla,Islamabad,,House,Bathrooms: 6,Servant Quarters,2026,,Drawing Room,,2,,https://www.zameen.com/Property/mpchs_multi_gardens_mpchs_-_block_e_ultra-luxury_designer_house_8_marla_3060_b-17_block_e-54812057-3120-1.html
2.5 Crore,5,Marla,Islamabad,,House,Bathrooms: 4,Servant Quarters,2026,,Kitchens: 1,,1,2,https://www.zameen.com/Property/mpchs_multi_gardens_mpchs_-_block_c1_5_marla_house_for_sale_b-17_block_c1-54812430-12607-1.html
1.35 Crore,5.6,Marla,Islamabad,"Ghauri Town, Islamabad435.6 Marla",House,Bathrooms: 6,Servant Quarters,,3,Drawing Room,Steam Room,Study Room,,https://www.zameen.com/Property/islamabad_ghauri_town_5_marla_1_5_storey_house_ghauri_town_phase_4a-52049339-1314-1.html
2.95 Crore,5,Marla,Islamabad,"Bahria Enclave Islamabad 
Sector H...more",House,Bathrooms: 5,Servant Quarters: 1,5441,1,1,,1,2,https://www.zameen.com/Property/bahria_enclave_bahria_enclave_-_sector_h_5_marla_owner_built_brand_new_house_available_for_sale_most_populated_sector_in_bahria_enclave-54417767-11983-1.html
4.25 Crore,4,Marla,Islamabad,,House,Bathrooms: 6,Servant Quarters: 1,,1,1,1,2,,https://www.zameen.com/Property/g_13_g-13_4_25x40_house_for_sale_in_g-13_4_islamabad-54786552-3340-1.html
19 Crore,1,Kanal,Islamabad,F-11,House,Bathrooms: 8,Servant Quarters: 1,,4,1,1,2,,https://www.zameen.com/Property/islamabad_f-11_house_for_sale_sector_f_11_size_500_square_yards_triple_story_good_location-54384034-163-1.html
7.4 Crore,5.5,Marla,Islamabad,"D-12, Islamabad555.5 Marla",House,Bathrooms: 5,Servant Quarters: 1,2026,1,1,1,1,,https://www.zameen.com/Property/islamabad_d-12_brand_new_triple_storey_house_for_sale_sector_d_12_size_5_marla-54384633-160-1.html
11.5 Crore,10.9,Marla,Islamabad,"D-12, Islamabad6610.9 Marla",House,Bathrooms: 6,Servant Quarters: 1,2026,3,1,1,1,,https://www.zameen.com/Property/islamabad_d-12_brand_new_house_for_sale_sector_d_12_2_top_location-54384820-160-1.html
12.5 Crore,11.7,Marla,Islamabad,"Islamabad Apartment details
Sukh Ch...more",House,Bathrooms: 4,Servant Quarters: 1,2025,1,1,1,1,,https://www.zameen.com/Property/f_10_sukh_chayn_residence_flat_for_sale_sukh_chayn-54385033-13589-1.html
11 Crore,14.2,Marla,Islamabad,"E-11, Islamabad9614.2 Marla",House,Bathrooms: 9,Servant Quarters: 2,2015,3,2,1,3,,https://www.zameen.com/Property/islamabad_e-11_house_for_sale_sector_e_11_1_multi_size_14_marla_triple_story-54387528-329-1.html
13.9 Crore,9.3,Marla,Islamabad,"F-11, Islamabad469.3 Marla",House,Bathrooms: 6,Servant Quarters: 1,2026,2,1,1,1,,https://www.zameen.com/Property/islamabad_f-11_brand_new_designer_house_for_sale_sector_f_11_size_10_marla-54399702-163-1.html
16.5 Crore,1,Kanal,Islamabad,G-11,House,Bathrooms: 6,Servant Quarters: 2,2014,5,2,2,2,,https://www.zameen.com/Property/islamabad_g-11_house_for_sale_sector_g_11_size_one_kanal_triple_story_good_location-54433534-168-1.html
11.5 Crore,1,Kanal,Islamabad,,House,Bathrooms: 7,Servant Quarters: 1,,,1,2,2,,https://www.zameen.com/Property/dha_defence_dha_defence_phase_1_affordable_on_excellent_location_brand_new_house_of_1_kanal_is_available_for_sale-54728570-376-1.html
14 Crore,1,Kanal,Islamabad,,House,Bathrooms: 6,Servant Quarters: 2,2026,3,2,1,2,,https://www.zameen.com/Property/dha_defence_dha_defence_phase_2_most_unique_1_kanal_modern_designer_house_for_sale_in_dha_2_islamabad-54708710-339-1.html
14 Crore,1,Kanal,Islamabad,,House,,,5090,,,,,,https://www.zameen.com/Property/mpchs_multi_gardens_mpchs_-_block_e_in_mpchs_-_block_e_house_for_sale_sized_4500_square_feet-54433453-3120-1.html
10.75 Crore,14,Marla,Islamabad,,House,Bathrooms: 7,Servant Quarters: 1,2025,Double Glazed Windows,1,1,2,,https://www.zameen.com/Property/g_13_g-13_3_14_marla_40x80_sun_face_50ft_st_house_for_sale_g-13_3_islamabad-54341542-3339-1.html
2.75 Crore,5,Marla,Islamabad,,House,,,2026,1,,,,,https://www.zameen.com/Property/bahria_town_bahria_enclave_5_marla_brand_new_with_solar_5kva_back_open_house_with_lawn-54773933-1705-1.html
28 Crore,1.3,Kanal,Islamabad,"F-8, Islamabad661.3 Kanal",House,Bathrooms: 7,Servant Quarters: 2,2000,8,2,2,2,,https://www.zameen.com/Property/islamabad_f-8_f_8_house_available_60_100_666_square_yards-54763725-166-1.html
3.61 Crore,12,Marla,Islamabad,,House,3,Servant Quarters: 1,2023,Lobby in Building,1,1,1,,https://www.zameen.com/Property/dha_defence_dha_defence_phase_5_3_bedroom_ground_floor_flat_for_sale_tower_4_askari_heights_4_dha_phase_5_islamabad-49911369-10991-1.html
12.3 Crore,1,Kanal,Islamabad,,House,Bathrooms: 8,Servant Quarters: 2,2022,5,2,2,2,,https://www.zameen.com/Property/dha_defence_dha_defence_phase_5_brand_new_beautiful_location_designer_house_corner_available_for_sale_in_dha_phase_5_in_very_reasonable_demand-53443783-10991-1.html
3.6 Crore,10.9,Marla,Islamabad,,House,Bathrooms: 6,Servant Quarters: 2,2026,1,2,2,2,,https://www.zameen.com/Property/dha_phase_5_sector_h_askari_heights_4_looking_for_a_flat_in_islamabad-53796621-21450-1.html
3.5 Crore,12.9,Marla,Islamabad,,House,Bathrooms: 5,Servant Quarters,2026,Lobby in Building,Drawing Room,,Study Room,,https://www.zameen.com/Property/dha_defence_phase_5_askari_heights_5_luxury_4-bedroom_executive_apartment_for_sale_askari_heights_5_dha_phase_5_islamabad-54532521-22450-1.html
2.6 Crore,8,Marla,Islamabad,Bani Gala,House,Bathrooms: 5,Drawing Room,,,,,2,,https://www.zameen.com/Property/islamabad_bani_gala_8_marla_double_storey_house_for_sale_in_banigala_islamabad-54720559-340-1.html
30 Crore,2,Kanal,Islamabad,,House,Bathrooms: 8,Servant Quarters: 3,2026,4,3,2,2,,https://www.zameen.com/Property/dha_defence_dha_defence_phase_2_dha2_2_kanal_luxurious_designer_house-54377817-339-1.html
50 Crore,4,Kanal,Islamabad,F-10,House,Bathrooms: 7,Servant Quarters: 2,2025,Double Glazed Windows,2,2,2,,https://www.zameen.com/Property/islamabad_f-10_2_kanal_house_with_2_kanal_extra_land_for_lawn_f-10-54782843-162-1.html
7.75 Crore,1,Kanal,Islamabad,,House,Bathrooms,Servant Quarters,2025,3,Drawing Room,Steam Room,Study Room,,https://www.zameen.com/Property/jinnah_gardens_jinnah_gardens_phase_1_1_kanal_brand_new_luxury_double_units_house_available_for_sale-53507398-1421-1.html
2.85 Crore,8,Marla,Islamabad,,House,,,2026,2,,,,,https://www.zameen.com/Property/jinnah_gardens_jinnah_gardens_phase_1_8_marla_lop_clear_excellent_1_5_storey_luxury_double_unit_house_available_for_sale-54523308-1421-1.html
3.85 Crore,8,Marla,Islamabad,,House,,,2026,2,,,,,https://www.zameen.com/Property/jinnah_gardens_jinnah_gardens_phase_1_8_marla_cda_approved_brand_new_double_units_luxury_house_available_for_sale-54556250-1421-1.html
8.9 Crore,1,Kanal,Islamabad,,House,05,Servant Quarters: 2,2026,3,2,2,2,,https://www.zameen.com/Property/dha_defence_dha_defence_phase_2_double_unit_brand_new_house_available_for_sale_in_dha_defense_phase_2_islamabad-54328650-339-1.html
35 Crore,2,Kanal,Islamabad,F-11,House,Bathrooms: 9,Servant Quarters: 2,2005,6,2,1,2,,https://www.zameen.com/Property/islamabad_f-11_fully_renevated_house_for_sale_sector_f_11_size_1000_square_yards_top_location-54534217-163-1.html
7.7 Crore,10,Marla,Islamabad,,House,Bathrooms: 6,Servant Quarters: 1,2026,2,1,1,2,,https://www.zameen.com/Property/dha_defence_phase_5_dha_phase_5_-_sector_b_brand_new_10_marla_5-bed_designer_house_for_sale_sector_b_dha_phase_5_islamabad-54789112-8401-1.html
19 Crore,1,Kanal,Islamabad,F-10,House,Bathrooms: 6,Servant Quarters: 1,2005,4,1,1,1,,https://www.zameen.com/Property/islamabad_f-10_duplex_house_available_for_sale_f_10_size_511_square_yards-54772505-162-1.html
26 Crore,1,Kanal,Islamabad,F-10,House,Bathrooms: 8,Servant Quarters: 2,2016,5,2,2,3,,https://www.zameen.com/Property/islamabad_f-10_house_for_sale_sector_f_10_size_one_kanal_triple_story_good_location-54790698-162-1.html
18.5 Crore,1,Kanal,Islamabad,F-10,House,Bathrooms: 6,Servant Quarters: 2,,5,2,1,2,,https://www.zameen.com/Property/islamabad_f-10_investor_rate_house_for_sale_sector_f10_size_444_square_yards_top_location-54796765-162-1.html
10.9 Crore,1,Kanal,Islamabad,,House,Bathrooms: 6,Servant Quarters,2026,3,Drawing Room,Lounge or Sitting Room,2,,https://www.zameen.com/Property/dha_defence_dha_defence_phase_2_1_kanal_beautiful_design_bungalow_up_for_sale-54255049-339-1.html
10.8 Crore,1,Kanal,Islamabad,,House,Bathrooms: 6,Servant Quarters: 1,2023,3,1,,2,2,https://www.zameen.com/Property/dha_defence_dha_defence_phase_2_1_kanal_brand_new_designer_house_on_prime_location_up_for_sale-54295912-339-1.html
12.5 Crore,1,Kanal,Islamabad,,House,Bathrooms: 6,Servant Quarters: 2,2026,3,2,1,2,2,https://www.zameen.com/Property/dha_defence_dha_defence_phase_2_1_kanal_brand_new_aesthetic_designer_house_up_for_sale-54296614-339-1.html
11.5 Crore,1.8,Kanal,Islamabad,,House,Bathrooms: 8,Servant Quarters: 1,2026,4,1,2,3,,https://www.zameen.com/Property/dha_defence_dha_defence_phase_5_luxury_triple-unit_house_8_000_sq_ft_covered_area-54777630-10991-1.html
8.25 Crore,10,Marla,Islamabad,,House,Bathrooms: 6,Servant Quarters: 1,2026,2,1,1,2,,https://www.zameen.com/Property/g_13_g-13_3_10_marla_35x70_brand_new_house_for_sale_g-13_3_islamabad-54701597-3339-1.html
85 Lakh,2.7,Marla,Islamabad,"Top City 1, Islamabad112.7 Marla",House,1,Kitchens: 1,2023,Lobby in Building,,,1,,https://www.zameen.com/Property/islamabad_top_city_1_1_bed_apartment_for_sale_top_city1_-_time_saqure_resideence-54775730-1383-1.html
2.8 Crore,4,Marla,Islamabad,I-11,House,,,,,,,,,https://www.zameen.com/Property/islamabad_i-11_best_located_beautiful_house_is_available_for_sale-54771948-706-1.html
27 Crore,4,Kanal,Islamabad,,House,Bathrooms: 7,Servant Quarters: 3,,8,3,2,4,,https://www.zameen.com/Property/gulberg_gulberg_greens_4_kanal_corner_ready_to_move_farmhouse_for_sale_in_executive_block_gulberg_greens_islamabad-54768373-8312-1.html
3.3 Crore,6.7,Marla,Islamabad,"Mumtaz City, Islamabad676.7 Marla",House,Bathrooms: 7,Servant Quarters: 1,2026,Double Glazed Windows,1,Steam Room,2,,https://www.zameen.com/Property/islamabad_mumtaz_city_new_double_storey_beautiful_house_for_sale-54398094-3464-1.html
13.25 Crore,12.4,Marla,Islamabad,,House,Bathrooms: 7,Servant Quarters: 1,,2,1,1,3,,https://www.zameen.com/Property/i_8_i-8_2_i-8_2_triple_storey_house_available_for_sale_in_beautiful_location-54084901-3442-1.html
13 Crore,12.4,Marla,Islamabad,,House,Bathrooms: 4,Servant Quarters: 1,2025,2,1,1,1,,https://www.zameen.com/Property/f_10_sukh_chayn_residence_best_opportunity_for_investment_brand_new_4-bed_apartment_available_for_sale_in_the_heart_of_islamabad_all_facilities_available-52465145-13589-1.html
6.4 Crore,10,Marla,Islamabad,,House,Bathrooms: 2,Servant Quarters: 1,,Double Glazed Windows,1,1,Study Room,,https://www.zameen.com/Property/mpchs_multi_gardens_mpchs_-_block_c_modern_designer_solar_power_house_in_multi_gardens_b-17_islamabad_for_sale-54203759-3118-1.html
9 Crore,1,Kanal,Islamabad,,House,,,,,,,,,https://www.zameen.com/Property/bahria_enclave_bahria_enclave_-_sector_m_1_kanal_beautiful_double_storey_house-53888314-11977-1.html
2.55 Crore,5,Marla,Islamabad,,House,Bathrooms: 1,Servant Quarters: 1,2025,2,1,2,2,,https://www.zameen.com/Property/park_view_city_park_view_-_block_j_j_block_5_marla_luxury_villa-54532580-16867-1.html
2.3 Crore,5,Marla,Islamabad,,House,Bathrooms: 5,Servant Quarters: 1,2026,1,1,1,1,,https://www.zameen.com/Property/park_view_city_park_view_-_block_b_5_marla_grey_structure_b_block-54753467-16862-1.html
9.5 Crore,1,Kanal,Islamabad,,House,05,Servant Quarters: 2,2026,3,2,2,1,,https://www.zameen.com/Property/dha_defence_dha_defence_phase_2_american_design_1_kanal_brand_new_designer_house_ready_for_sale_in_dha_defence_phase_2_islamabad-54364033-339-1.html
7.5 Crore,9.3,Marla,Islamabad,,House,3,Servant Quarters: 1,2010,1,1,1,1,,https://www.zameen.com/Property/f_10_silver_oaks_apartments_silver_oaks_f-10_3_bedroom_specious_apartment_available_for_sale_beautiful_location-53916918-11308-1.html
7.9 Crore,1,Kanal,Islamabad,,House,,,,,,,,,https://www.zameen.com/Property/dha_defence_dha_defence_phase_3_one_kanal_luxurious_house_for_sale_in_dha_defence_phase_3_islamabad-54768627-8412-1.html
11.22 Crore,1,Kanal,Islamabad,,House,Bathrooms: 5,Servant Quarters: 2,2026,2,2,2,2,,https://www.zameen.com/Property/dha_defence_dha_defence_phase_2_1_kanal_designer_house_for_sale_in_dha_phase_2_islamabad-54768468-339-1.html
6.9 Crore,14,Marla,Islamabad,,House,,,2026,3,,,,,https://www.zameen.com/Property/jinnah_gardens_jinnah_gardens_phase_1_14_marla_prime_location_luxury_house_lop_clear_available_for_sale-54558567-1421-1.html
10.8 Crore,1,Kanal,Islamabad,,House,Bathrooms: 6,Servant Quarters: 2,2025,3,2,,2,2,https://www.zameen.com/Property/dha_defence_dha_defence_phase_2_1_kanal_aesthetic_design_brand_new_house_up_for_sale-54295983-339-1.html
11 Crore,1,Kanal,Islamabad,,House,Bathrooms: 6,Servant Quarters: 2,2026,3,2,2,2,2,https://www.zameen.com/Property/dha_defence_dha_defence_phase_2_1_kanal_most_elegant_aesthtic_design_bungalow_up_for_sale-54300984-339-1.html
2.3 Crore,5,Marla,Islamabad,H-13,House,Bathrooms: 6,Drawing Room,2025,1,,,2,,https://www.zameen.com/Property/islamabad_h-13_brand_new_luxury_2_5_story_house_available_for_sale_near_nust_double_road-54822975-1039-1.html
2.85 Crore,7.4,Marla,Islamabad,,House,Bathrooms: 2,Servant Quarters: 1,2026,1,1,1,1,,https://www.zameen.com/Property/b_17_j7_emporium_ideally_located_two_bedroom_margalla_face_flat_for_sale-54659218-17263-1.html
1.75 Crore,5,Marla,Islamabad,H-13,House,Bathrooms: 4,Drawing Room,2025,1,,,1,,https://www.zameen.com/Property/islamabad_h-13_brand_new_luxury_1_5_storey_house_available_for_sale_near_nust_double_road-54822962-1039-1.html
3.3 Crore,4,Marla,Islamabad,G-13,House,,,2540,,,,,,https://www.zameen.com/Property/islamabad_g-13_2540_park_street_outstanding_location_double_unit_house_g-13_1-54762574-330-1.html
10.5 Crore,1,Kanal,Islamabad,"DHA PHASE 2 Islamabad
*House Detail...more",House,Bathrooms: 6,Servant Quarters: 1,2026,4,1,1,2,,https://www.zameen.com/Property/dha_defence_dha_defence_phase_2_ultra_modern_designer_1_kanal_house_ready_for_sale_in_dha_defense_phase_2_islamabad-54504109-339-1.html
11 Crore,1,Kanal,Islamabad,"DHA PHASE 2 Islamabad
*House Detail...more",House,Bathrooms: 6,Servant Quarters: 2,2026,4,2,1,2,,https://www.zameen.com/Property/dha_defence_dha_defence_phase_2_ultra_modern_fully_furnished_1_kanal_designer_house_ready_for_sale_in_dha_defence_phase_2_islamabad-54530474-339-1.html
2.6 Crore,5,Marla,Islamabad,,House,,,,,,,1,2,https://www.zameen.com/Property/mpchs_multi_gardens_mpchs_-_block_f_5_marla_house_for_sale_in_the_perfect_location_of_mpchs_-_block_f-54676295-8527-1.html
16.5 Crore,14,Marla,Islamabad,,House,,,2026,,,,,,https://www.zameen.com/Property/g_9_g-9_1_house_for_sale-54763189-3384-1.html
13.85 Crore,1,Kanal,Islamabad,,House,Bathrooms: 7,Servant Quarters: 2,2025,3,2,2,2,,https://www.zameen.com/Property/dha_defence_phase_2_dha_phase_2_-_sector_b_excellent_double_unit_corner_house_for_sale_in_prime_location_of_sector_b_defence_housing_authority_phase_2_islamabad-54731297-3197-1.html
3.3 Crore,8,Marla,Islamabad,Mumtaz City,House,5,Servant Quarters: 1,2023,1,1,1,2,,https://www.zameen.com/Property/islamabad_mumtaz_city_mumtaz_city_8_marla_house_available_for_sale-54623449-3464-1.html
3.9 Crore,8,Marla,Islamabad,,House,,,,,,,,2,https://www.zameen.com/Property/mpchs_multi_gardens_mpchs_-_block_d_8_marla_house_in_mpchs_-_block_d_for_sale_at_good_location-54756662-3119-1.html
2.6 Crore,5.6,Marla,Islamabad,"F-11, Islamabad115.6 Marla",House,Bathrooms: 1,Kitchens: 1,2011,1,,,1,,https://www.zameen.com/Property/islamabad_f-11_luxury_one_bedroom_apartment_available_for_sale-54724992-163-1.html
11.5 Crore,1,Kanal,Islamabad,,House,Bathrooms: 10,Servant Quarters: 2,2026,4,2,1,3,,https://www.zameen.com/Property/mpchs_multi_gardens_mpchs_-_block_b_extension_1_1_kanal_main_double_road_corner_luxury_house_for_sale_multi_garden_b_17_islamabad-53920777-16519-1.html
11.5 Crore,1,Kanal,Islamabad,Islamabad has many lucrative invest...more,House,Bathrooms: 9,Servant Quarters: 1,2026,4,1,1,2,,https://www.zameen.com/Property/mpchs_multi_gardens_mpchs_-_block_a_1_kanal_brand_new_designer_luxury_house_corner_for_sale_b_17_islamabad-53921541-3116-1.html
71 Lakh,2.7,Marla,Islamabad,,House,,,,,,,,,https://www.zameen.com/Property/bahria_enclave_bahria_enclave_-_sector_a_for_sale_prime_location_600_sq_ft_rented_unit_high-demand_commercial_area_bahria_enclave-54738806-11970-1.html
2.95 Crore,5,Marla,Islamabad,,House,5,,,,,,,,https://www.zameen.com/Property/b_17_faisal_margalla_city_fully_designer_luxury_house_5_bed_faisal_margalla_city-54817342-13424-1.html
1.55 Crore,5,Marla,Islamabad,,House,,,,12,,1,,,https://www.zameen.com/Property/park_view_city_park_view_city_-_overseas_block_5_marla_grey_in_overseas_block-54754073-19666-1.html
11 Crore,1,Kanal,Islamabad,,House,Bathrooms: 6,Servant Quarters: 2,2023,3,6,,2,,https://www.zameen.com/Property/dha_defence_dha_defence_phase_2_1_kanal_stunning_corner_furnished_full_house_corner_available_for_sale_in_dha_phase_2_islamabad-54819949-339-1.html
3.85 Crore,8,Marla,Islamabad,,House,,,,2,,,,,https://www.zameen.com/Property/jinnah_gardens_jinnah_gardens_phase_1_8_marla_lop_clear_double_units_luxury_house_4_sale-54651654-1421-1.html
4.65 Crore,10,Marla,Islamabad,"Bahria Enclave Islamabad 
 Sector M...more",House,Bathrooms: 7,Servant Quarters: 1,2015,1,1,,1,2,https://www.zameen.com/Property/bahria_enclave_bahria_enclave_-_sector_m_10_marla_most_beautiful_house_is_available_for_sale_most_populated_sector_in_bahria_enclave_islamabad-53759162-11977-1.html
12.5 Crore,1,Kanal,Islamabad,Bahria Enclave...more,House,Bathrooms: 7,Servant Quarters: 1,2025,1,1,,2,,https://www.zameen.com/Property/bahria_enclave_bahria_enclave_-_sector_c_1_kanal_designer_brand_new_house_available_for_sale_just_30_second_drive_from_the_main_gate-53557667-11973-1.html
29.5 Crore,2,Kanal,Islamabad,Bahria Enclave...more,House,Bathrooms: 10,Servant Quarters: 2,2025,5,2,1,4,,https://www.zameen.com/Property/bahria_enclave_bahria_enclave_-_sector_c_2_kanal_beautiful_modern_elegant_design_house_available_for_sale_just_30_seconds_drive_from_the_main_gate-52726732-11973-1.html
4 Crore,8,Marla,Islamabad,"Bahria Enclave Islamabad 
 Sector B...more",House,Bathrooms: 7,Servant Quarters: 1,,1,1,1,2,,https://www.zameen.com/Property/bahria_enclave_bahria_enclave_-_sector_b1_8_marla_beautiful_house_available_for_sale_just_1_mint_drive_from_the_main_gate-52608422-11972-1.html
11.9 Crore,1,Kanal,Islamabad,"DHA PHASE 2 Islamabad
*House Detail...more",House,Bathrooms: 6,Servant Quarters: 2,2026,4,2,2,2,,https://www.zameen.com/Property/dha_defence_dha_defence_phase_2_straight_line_1_kanal_designer_house_ready_for_sale_in_dha_defence_phase_2_islamabad-54729705-339-1.html
11.9 Crore,1,Kanal,Islamabad,"*DHA Phase 2 Islamabad*
*House Deta...more",House,Bathrooms: 6,Servant Quarters: 2,2026,3,2,1,2,,https://www.zameen.com/Property/dha_defence_dha_defence_phase_2_spanish_design_1_kanal_brand_new_designer_house_ready_for_sale_in_dha_defense_phase_2_islamabad-54658448-339-1.html
1.8 Crore,5,Marla,Islamabad,H-13,House,Bathrooms: 4,Drawing Room,2025,,,,1,,https://www.zameen.com/Property/islamabad_h-13_brand_new_luxury_1_5_story_house_available_for_sale_near_nust_double_road-54822925-1039-1.html
55 Lakh,2.4,Marla,Islamabad,"E-11, Islamabad112.4 Marla",House,1,Servant Quarters: 1,2019,1,1,2,Study Room,,https://www.zameen.com/Property/islamabad_e-11_1_bed_furnished_flat_in_e11_for_sale-52938064-329-1.html
5.85 Crore,13,Marla,Islamabad,,House,Bathrooms: 6,Servant Quarters: 1,2026,2,1,2,2,,https://www.zameen.com/Property/dha_defence_dha_defence_phase_3_13_marla_double_unit_house_for_sale-54537642-8412-1.html
4.45 Crore,12,Marla,Islamabad,G-15,House,Bathrooms: 6,Servant Quarters: 1,,2,1,,2,,https://www.zameen.com/Property/islamabad_g-15_12_marla_house_for_sale_in_g-15_islamabad-54754186-764-1.html
5.85 Crore,12,Marla,Islamabad,G-15,House,Bathrooms: 7,Drawing Room,,1,,,1,,https://www.zameen.com/Property/islamabad_g-15_12_marla_house_for_sale_in_g-15_islamabad-54754109-764-1.html
1.4 Crore,5,Marla,Islamabad,H-13,House,Bathrooms: 3,Drawing Room,2026,,,,1,,https://www.zameen.com/Property/islamabad_h-13_brand_new_luxury_single_story_house_available_for_sale_near_nust_double_road_gate_7-54757470-1039-1.html
2.4 Crore,5,Marla,Islamabad,,House,Bathrooms: 4,Servant Quarters,2023,1,Drawing Room,Steam Room,2,,https://www.zameen.com/Property/b_17_mpchs_-_multi_gardens_5_marla_25x50_double_unit_house_for_sale_in_block_f_mpchs_multi_garden_b17_islamabad-54570054-3115-1.html
3.75 Crore,8,Marla,Islamabad,,House,Bathrooms: 5,Servant Quarters: 1,2026,Flooring,1,Steam Room,2,,https://www.zameen.com/Property/mpchs_multi_gardens_mpchs_-_block_e_8_marla_house_for_sale_in_multi_gardens_b17_islamabad_-_block_e-54759983-3120-1.html
5.2 Crore,8,Marla,Islamabad,,House,,,,,,,,,https://www.zameen.com/Property/mpchs_multi_gardens_mpchs_-_block_c_your_search_for_house_in_islamabad_ends_here-54760350-3118-1.html
3.5 Crore,5,Marla,Islamabad,,House,4,Servant Quarters: 1,,1,1,,2,,https://www.zameen.com/Property/park_view_city_park_view_-_block_h_26_50_house_for_sale-54761570-16868-1.html
1.25,2.7,Kanal,Islamabad,,House,Bathrooms: 8,Servant Quarters: 3,2016,8,3,2,3,,https://www.zameen.com/Property/f_6_f-6_3_triple_storey_house_available_for_sale_in_f6_3-54136571-3301-1.html
5 Crore,5,Marla,Islamabad,H-13,House,,,,,,,4,,https://www.zameen.com/Property/islamabad_h-13_5_marla_5_storey_commercial_house_for_sale-54814567-1039-1.html
1.5 Crore,11,Marla,Islamabad,Bani Gala,House,2,,,,,,,2,https://www.zameen.com/Property/islamabad_bani_gala_11_marla_beautiful_single_story_house_for_sale_in_north_banigala-54777918-340-1.html
9 Crore,1,Kanal,Islamabad,,House,3,,,,,,1,,https://www.zameen.com/Property/dha_defence_dha_defence_phase_5_20_marla_brand_new_house_available_for_sale_in_dha_phase-5_islamabad-54330575-10991-1.html
27 Crore,1,Kanal,Islamabad,I-8,House,,,,,,,,,https://www.zameen.com/Property/islamabad_i-8_brand_new_triple_beautiful_house_for_sale-54799206-174-1.html
4.1 Crore,10,Marla,Islamabad,Bani Gala,House,Bathrooms: 5,Servant Quarters: 1,,2,1,,1,,https://www.zameen.com/Property/islamabad_bani_gala_house_foe_sale_in_bani_gala-54810157-340-1.html
4.4 Crore,8,Marla,Islamabad,,House,,,,,,,,,https://www.zameen.com/Property/mpchs_multi_gardens_mpchs_-_block_e_centrally_located_house_in_mpchs_-_block_e_is_available_for_sale-54294957-3120-1.html
1.5 Crore,1.3,Marla,Islamabad,,House,Bathrooms: 5,Servant Quarters: 1,2025,2,1,1,1,,https://www.zameen.com/Property/b_17_j7_emporium_stunning_300_square_feet_lower_portion_flat_in_j7_emporium_available-54068615-17263-1.html
4.25 Crore,8,Marla,Islamabad,"Bahria Enclave Islamabad 
 Sector N...more",House,Bathrooms: 6,Servant Quarters: 2,2025,Double Glazed Windows,2,1,1,,https://www.zameen.com/Property/bahria_enclave_bahria_enclave_-_sector_n_8_marla_beautiful_brand_new_house_available_for_sale_most_populated_sector_in_bahria_enclave_islamabad-53428320-11975-1.html
8.5 Crore,8.9,Marla,Islamabad,"Karakoram Diplomatic Enclave, Islamabad238.9 Marla",House,2,Servant Quarters: 1,2017,1,1,1,1,,https://www.zameen.com/Property/islamabad_karakoram_diplomatic_enclave_2_bedrooms_furnished_apartment_for_sale_in_karakoram_diplomatic_enclave-45726571-9063-1.html
25 Crore,17.8,Marla,Islamabad,,House,,,,,,,,,https://www.zameen.com/Property/f_6_f-6_1_prime_located_house_in_f_6_1_size_444_sq_yards_for_sale-54066650-3299-1.html
4.95 Crore,10,Marla,Islamabad,Bahria Enclave...more,House,Bathrooms: 7,Servant Quarters: 1,,2,1,,1,2,https://www.zameen.com/Property/bahria_town_bahria_enclave_10_marla_house_available_for_sale-53760256-1705-1.html
3.85 Crore,8,Marla,Islamabad,"Bahria Enclave Islamabad 
 Sector J...more",House,Bathrooms: 6,Servant Quarters: 1,2026,2,1,1,1,2,https://www.zameen.com/Property/bahria_enclave_bahria_enclave_-_sector_j_8_marla_modern_design_house_available_for_sale_3_sides_open_view-54191880-11981-1.html
1.4 Crore,5,Marla,Islamabad,H-13,House,Bathrooms: 3,Drawing Room,,1,,,1,,https://www.zameen.com/Property/islamabad_h-13_brand_new_luxury_single_story_house_available_for_sale_near_nust_double_road_gate_7-54667815-1039-1.html
5.59 Crore,10,Marla,Islamabad,"Bahria Enclave Islamabad 
 Sector C...more",House,Bathrooms: 6,Servant Quarters: 1,2025,2,1,,1,,https://www.zameen.com/Property/bahria_town_bahria_enclave_sector_c_1_pair_house_best_for_brothers_luxury_house_a_construction-54011144-1705-1.html
2.6 Crore,5,Marla,Islamabad,H-13,House,Bathrooms: 6,Drawing Room,2026,1,,,2,,https://www.zameen.com/Property/islamabad_h-13_brand_new_luxury_2_5_story_house_available_for_sale_near_nust_double_road-54601446-1039-1.html
2.65 Crore,5.5,Marla,Islamabad,"H-13, Islamabad575.5 Marla",House,Bathrooms: 7,Drawing Room,,Double Glazed Windows,,,2,,https://www.zameen.com/Property/islamabad_h-13_brand_new_luxury_5_5_marla_house_available_for_sale-54601433-1039-1.html
65 Crore,2,Kanal,Islamabad,E-7,House,Bathrooms,Servant Quarters,,Double Glazed Windows,Drawing Room,Steam Room,Study Room,,https://www.zameen.com/Property/islamabad_e-7_islamabad_exclusive_e-7_1000_sqyd_classic_luxury_house_for_sale_a_rare_opportunity_to_own_one_of_islamabad_s_most_prestigious_residences-54578984-343-1.html
3.75 Crore,4,Marla,Islamabad,G-13,House,,,,,,,1,,https://www.zameen.com/Property/islamabad_g-13_25_40_double-unit_neat_and_clean_top_location_house_g-13_1-54762734-330-1.html
49 Crore,2.1,Kanal,Islamabad,"F-7, Islamabad772.1 Kanal",House,Bathrooms,Servant Quarters,,Double Glazed Windows,Drawing Room,Steam Room,Study Room,,https://www.zameen.com/Property/islamabad_f-7_investor_alert_premium_f-7_property_for_sale_prime_f-7_main_road_location_cda_transfer_front_open_where_luxury_meets_legacy-54351360-165-1.html
55 Crore,1.3,Kanal,Islamabad,"F-7, Islamabad561.3 Kanal",House,Bathrooms,Servant Quarters,,Double Glazed Windows,Drawing Room,Steam Room,Study Room,,https://www.zameen.com/Property/islamabad_f-7_investor_alert_brand_new_luxury_house_for_sale_in_f-7_islamabad_prime_f-7_location_front_open_brand_new_construction-54351267-165-1.html
25 Crore,19.5,Marla,Islamabad,"F-6, Islamabad6619.5 Marla",House,Bathrooms: 6,Servant Quarters: 2,2002,4,2,2,2,,https://www.zameen.com/Property/islamabad_f-6_investor_price_house_available_for_sale-54391266-164-1.html
2.8 Crore,5,Marla,Islamabad,,House,Bathrooms: 6,Drawing Room,,,,1,2,,https://www.zameen.com/Property/mpchs_multi_gardens_mpchs_-_block_c1_designer_house_for_sale-54453450-12607-1.html
12.5 Crore,1,Kanal,Islamabad,,House,Bathrooms: 7,Servant Quarters: 1,2026,3,1,,2,,https://www.zameen.com/Property/bahria_enclave_bahria_enclave_-_sector_c_one_kanal_brand_new_house_sector_c_with_solar-54749264-11973-1.html
14.5 Crore,1,Kanal,Islamabad,,House,,,,,,,,,https://www.zameen.com/Property/dha_defence_phase_2_dha_phase_2_-_sector_b_prominently-located_20_marla_house_available_in_dha_phase_2_-_sector_b-54731284-3197-1.html
16.25 Crore,14,Marla,Islamabad,,House,Bathrooms: 8,Servant Quarters: 1,2026,3,1,,2,,https://www.zameen.com/Property/g_9_g-9_1_prime_location_house_14_marla_for_sale_in_g-9_1-54747497-3384-1.html
6.4 Crore,10,Marla,Islamabad,,House,,,,,,,2,1,https://www.zameen.com/Property/mpchs_multi_gardens_mpchs_-_block_b_gorgeous_10_marla_house_for_sale_available_in_mpchs_-_block_b-54804848-3117-1.html
60 Lakh,2.3,Marla,Islamabad,Bahria Enclave Islamabad Sector A B...more,House,1,,,,,,,,https://www.zameen.com/Property/bahria_enclave_bahria_enclave_-_sector_a_1_bed_apartment_sector_a_good_location-54025263-11970-1.html
2.7 Crore,8,Marla,Islamabad,Bani Gala,House,,,2023,2,,,,,https://www.zameen.com/Property/islamabad_bani_gala_house_is_available_for_sale_in_bani_gala-54817148-340-1.html
5.4 Crore,10,Marla,Islamabad,,House,Bathrooms: 6,Servant Quarters: 1,2025,2,1,1,2,,https://www.zameen.com/Property/bahria_enclave_bahria_enclave_-_sector_c1_10_marla_luxury_modern_house_available_for_sale_in_bahria_enclave_islamabad-54523090-11987-1.html
4 Crore,4.5,Marla,Islamabad,,House,Bathrooms: 5,Servant Quarters: 1,2023,1,1,,,,https://www.zameen.com/Property/dha_defence_dha_defence_phase_2_full_house_for_sale_in_dha_2_with_solar-54769769-339-1.html
3.46 Crore,8.8,Marla,Islamabad,,House,,,,,,,1,,https://www.zameen.com/Property/b_17_j7_emporium_want_to_buy_a_flat_in_islamabad-54068819-17263-1.html
35 Lakh,1.4,Marla,Islamabad,"Hussain Abad, Islamabad111.4 Marla",House,2,Drawing Room,2025,1,,,,,https://www.zameen.com/Property/islamabad_hussain_abad_2_bed_flat_for_sale_ovesco_residency_plaza_ready_to_position_305_sq_feets_waling_distance_for_islamabad_expressway-54699074-12144-1.html
2.85 Crore,5,Marla,Islamabad,"Bahria Enclave Islamabad 
Sector N...more",House,Bathrooms: 4,Servant Quarters: 1,2026,1,1,1,1,2,https://www.zameen.com/Property/bahria_enclave_bahria_enclave_-_sector_n_5_marla_brand_new_designer_house_available_for_sale_beautiful_front_elevation-54417857-11975-1.html
5.5 Crore,10,Marla,Islamabad,"Bahria Enclave Islamabad 
Sector C2...more",House,Bathrooms: 6,Servant Quarters: 1,2026,1,1,1,1,2,https://www.zameen.com/Property/bahria_enclave_bahria_enclave_-_sector_c2_non_furnished_park_facing_beautiful_house_available_for_sale_just_1_mnt_drive_from_the_main_gate-54424755-11988-1.html
5 Crore,10,Marla,Islamabad,"Bahria Enclave Islamabad 
Sector J...more",House,Bathrooms: 7,Servant Quarters: 1,2026,,1,,1,2,https://www.zameen.com/Property/bahria_enclave_bahria_enclave_-_sector_j_10_marla_beautiful_house_available_for_sale_back_open_house_with_green_land-54425704-11981-1.html
3.2 Crore,5,Marla,Islamabad,"Bahria Enclave Islamabad 
Sector B...more",House,Bathrooms: 4,Servant Quarters: 1,,1,1,,1,2,https://www.zameen.com/Property/bahria_enclave_bahria_enclave_-_sector_b1_5_marla_with_extra_land_beautiful_house_available_for_sale_just_1_mnt_drive_from_the_main_gate-54430763-11972-1.html
5 Crore,10,Marla,Islamabad,"Bahria Enclave Islamabad 
Sector C2...more",House,Bathrooms: 7,Servant Quarters: 1,,2,1,,1,2,https://www.zameen.com/Property/bahria_enclave_bahria_enclave_-_sector_c2_10_marla_house_is_available_for_sale_just_1_mnt_drive_from_the_main_gate-54435238-11988-1.html
24 Crore,19.5,Marla,Islamabad,"F-6, Islamabad5519.5 Marla",House,Bathrooms: 5,Servant Quarters: 3,,3,3,,1,,https://www.zameen.com/Property/islamabad_f-6_f-6_house_for_sale_488_sq_yard_prime_location-54625648-164-1.html
53 Crore,2,Kanal,Islamabad,F-6,House,Bathrooms,Servant Quarters,,Double Glazed Windows,Drawing Room,Steam Room,2,,https://www.zameen.com/Property/islamabad_f-6_exceptional_1_134_sq_yards_luxury_house_for_sale_prime_location_near_margalla_road_f-6_islamabad-54579210-164-1.html
1.3,3,Kanal,Islamabad,F-6,House,Bathrooms: 7,Servant Quarters: 2,2024,10,2,,,,https://www.zameen.com/Property/islamabad_f-6_f-6_brand_new_house_for_sale_with_modern_architecture_design-53579753-164-1.html
32 Crore,1.3,Kanal,Islamabad,"F-7, Islamabad561.3 Kanal",House,Bathrooms: 5,Servant Quarters: 2,2020,2,2,,,,https://www.zameen.com/Property/islamabad_f-7_f-7_house_for_sale_666_sq_yard_cda_transfer-53580063-165-1.html
63 Crore,2.2,Kanal,Islamabad,"F-7, Islamabad562.2 Kanal",House,Bathrooms: 6,Servant Quarters: 2,2000,2,2,,2,,https://www.zameen.com/Property/islamabad_f-7_f-7_end_corner_house_for_sale_with_extra_land-53609481-165-1.html
46 Crore,2.1,Kanal,Islamabad,,House,Bathrooms: 6,Servant Quarters: 2,2020,5,2,2,2,,https://www.zameen.com/Property/f_8_f-8_3_f-8_3_house_for_sale_proper_cornor_80_by_120_1066_sq_yard_most_prime_location-53654771-3316-1.html
28.5 Crore,1.2,Kanal,Islamabad,"F-8, Islamabad561.2 Kanal",House,Bathrooms: 5,Servant Quarters: 2,2000,5,2,,2,,https://www.zameen.com/Property/islamabad_f-8_f-8_corner_house_for_sale-53578740-166-1.html
1.85 Crore,5.3,Marla,Islamabad,"F-11, Islamabad115.3 Marla",House,1,Kitchens: 1,2010,1,,,1,,https://www.zameen.com/Property/islamabad_f-11_f-11_1_bed_in_big_size_luxury_apartment_available_for_sale_in_very_low_price-54822848-163-1.html
3.3 Crore,5,Marla,Islamabad,B-17,House,Bathrooms,Servant Quarters,,Double Glazed Windows,Drawing Room,Steam Room,Study Room,,https://www.zameen.com/Property/islamabad_b-17_exceptional_5-marla_brand_new_house_premium_construction_b-17-54736897-616-1.html
2.5 Crore,5,Marla,Islamabad,,House,,,,,,,,,https://www.zameen.com/Property/mpchs_multi_gardens_mpchs_-_block_f_affordable_house_available_for_sale_in_mpchs_-_block_f-54673599-8527-1.html
18 Crore,1,Kanal,Islamabad,F-10,House,Bathrooms: 5,Servant Quarters: 2,2000,4,2,2,2,,https://www.zameen.com/Property/islamabad_f-10_prime_location_house_for_sale-49352588-162-1.html
21 Crore,1.3,Kanal,Islamabad,,House,Bathrooms: 4,Servant Quarters: 1,2018,Double Glazed Windows,1,Steam Room,1,,https://www.zameen.com/Property/f_10_f-10_3_beautiful_house_for_sale_in_f-10-46676027-3278-1.html
35 Crore,2,Kanal,Islamabad,F-10,House,Bathrooms: 7,Servant Quarters: 2,,7,2,,3,,https://www.zameen.com/Property/islamabad_f-10_1000_sqyard_luxury_house_with_extra_land_and_sun-facing_corner-53033014-162-1.html
62.75 Lakh,2.3,Marla,Islamabad,,House,,,,,,,,,https://www.zameen.com/Property/faisal_hills_faisal_hills_-_block_a_centrally_located_flat_in_faisal_hills_-_block_a_is_available_for_sale-54810798-12655-1.html
1.7 Crore,5.6,Marla,Islamabad,"E-11, Islamabad225.6 Marla",House,2,Kitchens: 1,2016,1,,,1,,https://www.zameen.com/Property/islamabad_e-11_e_11_4_makkah_tower_2_bedroom_fully_furnished_apartment_available_for_sale-54719345-329-1.html
3.9 Crore,8,Marla,Islamabad,,House,,,,,,,,,https://www.zameen.com/Property/faisal_town_phase_1_faisal_town_phase_1_-_block_a_8_marla_30_60_in_block_a_double_storey_house_available_for_sale_in_faisal_town_block_a_islamabad-54805290-16416-1.html
4.5 Crore,13,Marla,Islamabad,,House,Bathrooms: 10,Servant Quarters: 1,,Floors: 3,1,,1,,https://www.zameen.com/Property/cbr_town_phase_1_cbr_town_phase_1_-_block_c_grey_structure_house_for_sale-54669999-3149-1.html
80.4 Lakh,2.4,Marla,Islamabad,,House,1,,,,,,,,https://www.zameen.com/Property/university_town_university_town_-_block_a_university_town_1_bed_apartment_size_536sqfit-54762880-3501-1.html
5.5 Crore,10,Marla,Islamabad,,House,4,Servant Quarters: 1,,3,1,1,1,,https://www.zameen.com/Property/bahria_town_bahria_enclave_prime_location_10_marla_4_bedrooms_owner_build_house_for_sale_in_bahria_enclave_islamabad_sector_c2-54424148-1705-1.html
4.15 Crore,8,Marla,Islamabad,,House,,,,,,,,,https://www.zameen.com/Property/mpchs_multi_gardens_mpchs_-_block_e_ideal_house_in_islamabad_available_for_rs_41500000-54373150-3120-1.html
5.2 Crore,10,Marla,Islamabad,"Bahria Enclave Islamabad 
Sector F...more",House,Bathrooms: 7,Servant Quarters: 1,2026,1,1,1,1,2,https://www.zameen.com/Property/bahria_enclave_bahria_enclave_-_sector_f1_10_marla_luxury_brand_new_house_available_for_sale_back_open_with_huge_green_land-54440731-11986-1.html
5.2 Crore,10,Marla,Islamabad,Bahria Enclave...more,House,Bathrooms: 7,Servant Quarters: 1,5444,1,1,,1,2,https://www.zameen.com/Property/bahria_enclave_bahria_enclave_-_sector_f_10_marla_owner_built_brand_new_house_available_for_sale_back_side_open_with_green_patch-54440796-11985-1.html
4.25 Crore,8,Marla,Islamabad,"Bahria Enclave Islamabad 
Sector B...more",House,Bathrooms: 7,Servant Quarters: 1,,2,1,,1,2,https://www.zameen.com/Property/bahria_enclave_bahria_enclave_-_sector_b1_8_marla_non_furnished_house_is_available_for_sale_back_view_open_with_huge_green_land-54464242-11972-1.html
12 Crore,1,Kanal,Islamabad,"Bahria Enclave Islamabad 
Sector C...more",House,Bathrooms: 7,Servant Quarters: 1,2026,1,1,,3,,https://www.zameen.com/Property/bahria_enclave_bahria_enclave_-_sector_c_luxury_designer_brand_new_house_is_available_for_sale-54471763-11973-1.html
5 Crore,10,Marla,Islamabad,"Bahria Enclave Islamabad 
Sector F...more",House,Bathrooms: 7,Servant Quarters: 1,2026,2,1,,1,2,https://www.zameen.com/Property/bahria_town_bahria_enclave_10_marla_designer_house_available_for_sale_just_2_mnt_drive_from_the_main_gate-54490788-1705-1.html
3.34 Crore,9,Marla,Islamabad,,House,,,,,,,,,https://www.zameen.com/Property/b_17_j7_emporium_best_options_for_flat_is_available_for_sale_in_j7_emporium-54432973-17263-1.html
2.8 Crore,5,Marla,Islamabad,,House,,,,,,,,,https://www.zameen.com/Property/b_17_faisal_margalla_city_avail_yourself_a_great_5_marla_house_in_faisal_margalla_city-54767559-13424-1.html
8 Crore,1.5,Kanal,Islamabad,"Bhara kahu, Islamabad1171.5 Kanal",House,Bathrooms,Servant Quarters,2005,Double Glazed Windows,Drawing Room,Steam Room,3,,https://www.zameen.com/Property/islamabad_bhara_kahu_29_marla_house_for_sale_in_bara_kahu_prince_road-52828057-156-1.html
1.25 Crore,2.6,Marla,Islamabad,,House,2,Kitchens: 1,,Flooring,,,1,,https://www.zameen.com/Property/e_11_e-11_2_2_bed_apartment_available_for_sale-53787034-3233-1.html
2.9 Crore,5,Marla,Islamabad,,House,,,,,,,,,https://www.zameen.com/Property/b_17_faisal_margalla_city_house_sized_5_marla_in_faisal_margalla_city-54793134-13424-1.html
3.5 Crore,8,Marla,Islamabad,,House,Bathrooms: 5,Servant Quarters,,Other Main Features,Drawing Room,,Other Rooms,,https://www.zameen.com/Property/mpchs_multi_gardens_mpchs_-_block_e_8_marla_house_for_sale_in_multi_garden_b-17_block_e_islamabad-54584562-3120-1.html
95 Lakh,3.5,Marla,Islamabad,,House,2,,2023,Lobby in Building,,,,,https://www.zameen.com/Property/mpchs_multi_gardens_mpchs_-_block_c_2_b_r_apartment_c_block_b-17_up_for_rent-54822771-3118-1.html
10.9 Crore,1,Kanal,Islamabad,,House,Bathrooms: 4,Servant Quarters,2026,2,Drawing Room,Steam Room,2,,https://www.zameen.com/Property/dha_defence_dha_defence_phase_2_1_kanal_house_for_sale_in_dha_phase_2_islamabad-54405809-339-1.html
30 Crore,2,Kanal,Islamabad,F-10,House,Bathrooms: 5,Servant Quarters: 2,2017,4,2,1,2,,https://www.zameen.com/Property/islamabad_f-10_beautiful_house_available_for_sale_in_f10-51241046-162-1.html
10.9 Crore,1,Kanal,Islamabad,,House,Bathrooms: 6,Servant Quarters: 2,2024,3,2,2,2,2,https://www.zameen.com/Property/dha_defence_dha_defence_phase_2_luxury_designer_house_for_sale_near_family_park-52503543-339-1.html
4.72 Crore,8.9,Marla,Islamabad,,House,Bathrooms,Servant Quarters,,Lobby in Building,Drawing Room,Steam Room,Study Room,,https://www.zameen.com/Property/dha_defence_dha_defence_phase_2_3-bed_luxury_apartment_with_maid_room_25_down_payment_3-year_installments_dha_phase_2_islamabad-54728173-339-1.html
4.25 Crore,8,Marla,Islamabad,,House,Bathrooms: 5,Servant Quarters: 1,2025,1,1,1,1,,https://www.zameen.com/Property/bahria_enclave_bahria_enclave_-_sector_f1_sector_f1_8_marla_house_for_sale_bahria_enclave_islamabad-54719355-11986-1.html
19.5 Crore,10,Kanal,Islamabad,,House,,,,,,,,,https://www.zameen.com/Property/gulberg_greens_gulberg_greens_-_block_b_10_kanal_farmhouse_in_b_block_of_gulberg_greens-54733710-8314-1.html
26 Crore,1.3,Kanal,Islamabad,"G-6, Islamabad661.3 Kanal",House,Bathrooms: 6,Servant Quarters: 2,2026,4,2,2,2,2,https://www.zameen.com/Property/islamabad_g-6_get_your_hands_on_house_in_g-6_best_area-54653507-169-1.html
8.9 Crore,10,Marla,Islamabad,G-9,House,Bathrooms: 4,Servant Quarters: 1,2026,1,1,1,2,,https://www.zameen.com/Property/islamabad_g-9_g-9_10_marla_house_for_sale-54204914-171-1.html
18 Crore,17.8,Marla,Islamabad,,House,5,Servant Quarters: 1,1999,4,1,1,2,,https://www.zameen.com/Property/f_10_f-10_2_f10_2_house_for_sale_size_444_square_yards_pindi_facing-54781248-3277-1.html
6.5 Crore,10,Marla,Islamabad,,House,Bathrooms: 6,Servant Quarters: 1,2026,1,1,,2,,https://www.zameen.com/Property/dha_defence_dha_defence_phase_5_prime_location_brand_new_house_for_sale-54542666-10991-1.html
3.65 Crore,7,Marla,Islamabad,,House,Bathrooms: 6,Servant Quarters: 1,2026,2,1,1,2,2,https://www.zameen.com/Property/fechs_jinnah_gardens_brand_new_house_for_sale-54617003-1420-1.html
40 Crore,5,Kanal,Islamabad,,House,,,,,,,,,https://www.zameen.com/Property/gulberg_greens_gulberg_greens_-_block_e_farm_house_5_kanal_for_sale_in_gulberg_greens_-_block_e-54810530-8317-1.html
7.8 Crore,10,Marla,Islamabad,,House,Bathrooms: 6,Servant Quarters: 1,2026,2,1,2,2,,https://www.zameen.com/Property/dha_defence_dha_defence_phase_2_10_marla_most_elegant_solid_constructed_house_for_sale_at_prime_location_of_dha-53211335-339-1.html
7 Crore,10,Marla,Islamabad,"Bahria Enclave Islamabad 
Sector A...more",House,Bathrooms: 7,Servant Quarters: 1,2026,3,1,,1,2,https://www.zameen.com/Property/bahria_enclave_bahria_enclave_-_sector_a_10_marla_modern_elevation_brand_new_house_available_for_sale_just_30_scnd_drive_from_the_main_gate-54520595-11970-1.html
5.1 Crore,10,Marla,Islamabad,"Bahria Enclave Islamabad 
If Islama...more",House,Bathrooms: 7,Servant Quarters: 1,2025,3,1,,2,,https://www.zameen.com/Property/bahria_town_bahria_enclave_house_in_bahria_enclave_islamabad-54615936-1705-1.html
3.9 Crore,8,Marla,Islamabad,,House,Bathrooms: 7,Servant Quarters: 1,,2,1,,2,,https://www.zameen.com/Property/bahria_enclave_bahria_enclave_-_sector_g_bahria_enclave_islamabad-54651483-11984-1.html
4.9 Crore,8,Marla,Islamabad,Green Avenue,House,Bathrooms: 9,Servant Quarters: 1,5468,2,1,,1,,https://www.zameen.com/Property/islamabad_green_avenue_green_avenue_islamabad_owner_built_beautiful_house_available_for_sale-54689186-8566-1.html
5.7 Crore,10,Marla,Islamabad,Bahria Enclave...more,House,Bathrooms: 7,Servant Quarters: 1,2026,1,1,,3,2,https://www.zameen.com/Property/bahria_enclave_bahria_enclave_-_sector_m_10_marla_most_beautiful_brand_new_house_available_for_sale_back_side_open_with_huge_green_land-54797935-11977-1.html
13.7 Crore,1,Kanal,Islamabad,,House,Bathrooms: 8,Servant Quarters: 2,2025,2,2,2,2,,https://www.zameen.com/Property/dha_defence_dha_defence_phase_2_dha_phase_2_luxury_move-in_ready_1_kanal_designer_home-54405813-339-1.html
8.5 Crore,1,Kanal,Islamabad,,House,Bathrooms: 4,Servant Quarters: 1,2024,2,1,1,1,,https://www.zameen.com/Property/dha_defence_dha_defence_phase_2_build_your_luxury_dream_home_with_confidence-54405814-339-1.html
13.9 Crore,1,Kanal,Islamabad,,House,Bathrooms: 6,Servant Quarters: 6,2025,3,6,2,2,,https://www.zameen.com/Property/dha_defence_dha_defence_phase_2_1_kanal_aesthetically_designed_house_for_sale_in_dha_defence_phase_2_islamabad-52367851-339-1.html
10.8 Crore,1,Kanal,Islamabad,,House,Bathrooms: 6,Servant Quarters: 2,2018,3,2,2,5,,https://www.zameen.com/Property/dha_defence_dha_defence_phase_2_1_kanal_well_maintained_used_house_for_sale_in_dha_i_r-52379177-339-1.html
78 Lakh,3.2,Marla,Islamabad,,House,Bathrooms,Servant Quarters,,Double Glazed Windows,Drawing Room,Steam Room,Study Room,,https://www.zameen.com/Property/ghauri_town_ghauri_town_phase_4a_3_25_marla_beautiful_house_available_for_sale-47115395-14956-1.html
88 Lakh,2.9,Marla,Islamabad,,House,1,Drawing Room,2025,2,,,1,,https://www.zameen.com/Property/bahria_town_bahria_enclave_1_bed_apartment_fully_furnished_available_for_sale_in_bahria_enclave_islamabad-54503333-1705-1.html
10.3 Crore,1,Kanal,Islamabad,,House,Bathrooms: 7,Servant Quarters: 1,5431,3,1,1,2,,https://www.zameen.com/Property/bahria_town_bahria_enclave_bahria_enclave_islamabad_1_kanal_owner_built_house_for_sale-54318396-1705-1.html
5.03 Crore,11,Marla,Islamabad,Bani Gala,House,,,,,,,2,,https://www.zameen.com/Property/islamabad_bani_gala_zam_zam_real_estate-54504661-340-1.html
5 Crore,10,Marla,Islamabad,,House,Bathrooms: 8,Servant Quarters: 1,2021,2,1,1,2,2,https://www.zameen.com/Property/mpchs_multi_gardens_mpchs_-_block_f_10_marla_house_for_sale_in_multi_gardens_f_block_b-17_islamabad-52605546-8527-1.html
15 Crore,1,Kanal,Islamabad,G-13,House,,,2026,Double Glazed Windows,,,1,,https://www.zameen.com/Property/islamabad_g-13_01_kanal_50x90_double_road_150ft_brand_new_house_for_sale_in_g-13_4_islamabad-54566065-330-1.html
16 Crore,14.2,Marla,Islamabad,,House,Bathrooms: 8,Drawing Room,,,,,2,,https://www.zameen.com/Property/i_8_i-8_4_i-8_4_house_sized_3200_square_feet-54718785-3444-1.html
1.1 Crore,5,Marla,Islamabad,,House,Bathrooms: 2,Kitchens: 1,2020,2,,,1,,https://www.zameen.com/Property/dha_valley_dha_homes_dha_home_beautiful_5_marla_house_for_sale_ideal_location_standard_living-54715120-3226-1.html
6 Crore,10,Marla,Islamabad,Zaraj Housing Scheme,House,Bathrooms: 6,Servant Quarters: 2,2025,2,2,2,2,,https://www.zameen.com/Property/islamabad_zaraj_housing_scheme_10_marla_designer_house_for_sale_in_zaraj_housing_scheme_islamabad-54710836-3508-1.html
1.9 Crore,5.5,Marla,Islamabad,,House,2,Servant Quarters: 1,2025,1,1,1,1,,https://www.zameen.com/Property/g_15_zarkon_heights_2_bedroom_s_apartment_available_for_sale_in_zarkon_heights_g-15_islamabad-52200908-10169-1.html
3.9 Crore,10.9,Marla,Islamabad,,House,,,,,,,,,https://www.zameen.com/Property/mpchs_multi_gardens_mpchs_-_block_c1_house_of_2450_square_feet_is_available_for_sale_in_mpchs_-_block_c1_islamabad-54757928-12607-1.html
1.4 Crore,5,Marla,Islamabad,D-17,House,,,2024,,,,,,https://www.zameen.com/Property/islamabad_d-17_house_for_sale_in_d_-17_smart_villas-54792801-737-1.html
8.75 Crore,1,Kanal,Islamabad,,House,Bathrooms: 7,Servant Quarters: 1,2020,4,1,2,1,2,https://www.zameen.com/Property/dha_defence_dha_defence_phase_1_20_marla_beautiful_house_available_for_sale-54760473-376-1.html
15.45 Crore,1,Kanal,Islamabad,,House,Bathrooms: 6,Servant Quarters: 2,2025,3,2,1,2,,https://www.zameen.com/Property/dha_defence_dha_defence_phase_2_1_kanal_brand_new_designer_and_outstanding_house_up_for_sale_in_dha2_islamabad-54759505-339-1.html
13.5 Crore,1,Kanal,Islamabad,,House,Bathrooms: 6,Servant Quarters: 2,2024,2,2,1,2,,https://www.zameen.com/Property/dha_defence_dha_defence_phase_2_1_kanal_house_for_sale_dha_2_islamabad-54324735-339-1.html
6 Crore,10,Marla,Islamabad,,House,Bathrooms: 7,Servant Quarters: 1,2026,3,1,,2,,https://www.zameen.com/Property/bahria_enclave_bahria_enclave_-_sector_c1_10_marla_owner_built_brand_new_house_available_for_sale_just_1_mnt_drive_from_the_main_entrance-54802756-11987-1.html
6.3 Crore,10,Marla,Islamabad,,House,Bathrooms: 7,Servant Quarters: 1,2026,3,1,,2,,https://www.zameen.com/Property/bahria_enclave_bahria_enclave_-_sector_c1_10_marla_modern_design_brand_new_house_available_for_sale_most_prime_ideal_location_for_living-54803249-11987-1.html
6.5 Crore,7.3,Marla,Islamabad,"Karakoram Diplomatic Enclave, Islamabad227.3 Marla",House,2,Servant Quarters: 2,2017,1,2,1,2,,https://www.zameen.com/Property/islamabad_karakoram_diplomatic_enclave_diplomatic_enclave_modern_furnished_2_bedroom_apartment_karakorum_for_sale_1650_square_feet-48025807-9063-1.html
1.07 Crore,5.1,Marla,Islamabad,,House,2,Servant Quarters: 1,2012,Lobby in Building,1,1,1,,https://www.zameen.com/Property/al_ghurair_giga_al-ghurair_giga_-_block_14_2_bedroom_furnished_apartment_for_sale_al-ghurair_giga_block_14_dha-2_islamabad-52650805-15118-1.html
3.5 Crore,10,Marla,Islamabad,D-12,House,Bathrooms: 4,Servant Quarters,2016,Double Glazed Windows,Drawing Room,1,2,,https://www.zameen.com/Property/islamabad_d-12_luxury_4-bed_villa_for_sale_in_karsaaz_villas_d-12_islamabad_scenic_margalla_hills_view_gated_community-52842099-160-1.html
1.45 Crore,7.8,Marla,Islamabad,,House,,,,,,,1,,https://www.zameen.com/Property/gt_road_minara_residence_a_palatial_residence_for_sale_in_minara_residence_islamabad-54822721-9641-1.html
1.1 Crore,2.9,Marla,Islamabad,,House,1,Servant Quarters,2022,Lobby in Building,Drawing Room,Steam Room,1,,https://www.zameen.com/Property/gulberg_gulberg_greens_1bed_fully_furnished_apartment_for_sale_in_gulberg_green_islamabad-54359118-8312-1.html
2.3 Crore,5,Marla,Islamabad,Bani Gala,House,Bathrooms: 4,Drawing Room,,1,,,2,,https://www.zameen.com/Property/islamabad_bani_gala_house_is_available_for_sale_in_bani_gala-54800725-340-1.html
1.65 Crore,5,Marla,Islamabad,ParkView Islamabad Overseas Block S...more,House,Bathrooms: 4,Drawing Room,2026,1,,1,1,,https://www.zameen.com/Property/park_view_city_park_view_city_-_overseas_block_overseas_sector_a-54803426-19666-1.html
2.8 Crore,9.4,Marla,Islamabad,,House,2,Drawing Room,2011,Lobby in Building,,Steam Room,Study Room,,https://www.zameen.com/Property/f_11_f-11_markaz_f-11_luxury_bed_apartment_available_for_sale-53444651-3286-1.html
5.5 Crore,8.4,Marla,Islamabad,,House,Bathrooms: 2,Servant Quarters: 1,2022,1,1,1,1,,https://www.zameen.com/Property/g_11_3_warda_hamna_residencia_3_warda_amnan_fully_renovated_luxury_duplex_apartment_for_sale-54177459-11863-1.html
4.7 Crore,8.7,Marla,Islamabad,,House,3,Drawing Room,,Lobby in Building,,1,1,,https://www.zameen.com/Property/g_11_3_warda_hamna_residencia_3_3_bed_fully_renovated_apartment_for_sale_in_warda_hamna_g-11_3_islamabad-54140684-11863-1.html
4.5 Crore,7.8,Marla,Islamabad,"F-11, Islamabad237.8 Marla",House,2,Servant Quarters,2023,Lobby in Building,Drawing Room,1,1,,https://www.zameen.com/Property/islamabad_f-11_f-11_markaz_18_west_new_building_fully_furnished_2_bed_apartment_for_sale-53664020-163-1.html
5.7 Crore,14,Marla,Islamabad,B-17,House,Bathrooms: 9,Servant Quarters: 1,2026,2,1,,1,2,https://www.zameen.com/Property/islamabad_b-17_investor_rate_14_marla_opulence_house_5_70_cr_-_f_block_sector_b17_islamabad-54701369-616-1.html
2.35 Crore,5,Marla,Islamabad,B-17,House,Bathrooms: 6,Servant Quarters: 1,,,1,,12,,https://www.zameen.com/Property/islamabad_b-17_sun_face_5_marla_house_only_2_35_-_block_c1_sector_b17_islamabd-54701321-616-1.html
30 Crore,20,Kanal,Islamabad,Bani Gala,House,,,,,,,,,https://www.zameen.com/Property/islamabad_bani_gala_20_kanal_beautiful_farm_house_for_sell-54765757-340-1.html
80 Lakh,5,Marla,Islamabad,H-13,House,,,,,,,,,https://www.zameen.com/Property/islamabad_h-13_5_marla_rental_income_house_for_sale_in_abdullah_town_h-13-54339060-1039-1.html
26.5 Crore,1,Kanal,Islamabad,,House,,,,,,,,,https://www.zameen.com/Property/f_8_f-8_3_f-8_3_house_for_sale_50_x_90_500_square_yards_double_storey_house_cda_transfer_available-54349381-3316-1.html
2.8 Crore,9,Marla,Islamabad,Bani Gala,House,Bathrooms: 4,Dining Room,,2,,,1,,https://www.zameen.com/Property/islamabad_bani_gala_9_marla_semi_double_most_beautiful_house-54641782-340-1.html
2.24 Crore,6.2,Marla,Islamabad,,House,3,Dining Room,2029,Lobby in Building,,,1,,https://www.zameen.com/Property/zaraj_housing_scheme_zaraj_scheme_-_sector_a_luxury_spacious_apartment_in_a_prime_location_zaraj_hosing_society_opposite_giga_mall_dha_2_islamabad-54748983-3509-1.html
1.1 Crore,3.8,Marla,Islamabad,,House,Bathrooms: 1,Kitchens: 1,2015,Lobby in Building,,,1,,https://www.zameen.com/Property/dha_defence_phase_2_lignum_tower_most_luxuries_specious_fully_furnished_studio_available_for_sale_in_lignum_tower_near_giga_mall_dha_phase-ii_islamabad-54791179-9913-1.html
6.3 Crore,10,Marla,Islamabad,B-17,House,Bathrooms: 7,Servant Quarters: 1,2026,2,1,1,1,,https://www.zameen.com/Property/islamabad_b-17_10_marla_brand_new_double_highted_house_for_sale_in_b_17_islamabad-54608936-616-1.html
3.8 Crore,8,Marla,Islamabad,Faisal Hills,House,Bathrooms: 7,Servant Quarters: 01,2026,2,01,,2,,https://www.zameen.com/Property/islamabad_faisal_hills_top_location_8_marla_house_for_sale_block_a_faisal_hills-54807221-10859-1.html
7.5 Crore,10,Marla,Islamabad,,House,Bathrooms: 6,Servant Quarters: 1,2026,2,1,1,2,,https://www.zameen.com/Property/dha_defence_dha_defence_phase_2_brand_new_house_for_sale_in_dha_phase_2_islamabad-54720636-339-1.html
8 Crore,1,Kanal,Islamabad,"DHA PHASE 2 Islamabad
*House Detail...more",House,Bathrooms: 6,Servant Quarters: 2,2026,4,2,2,2,,https://www.zameen.com/Property/dha_defence_dha_defence_phase_2_spanish_style_1_kanal_designer_house_ready_for_sale_in_dha_defence_phase_2_islamabad-54744353-339-1.html
6.37 Crore,15.5,Marla,Islamabad,,House,,,,2,,,,,https://www.zameen.com/Property/kashmir_highway_eighteen_half_kanal_villa_eighteen_islamabad_luxury_living_redefined-53335563-12602-1.html
1.75 Crore,5.3,Marla,Islamabad,"Islamabad - Murree Expressway, IslamabadInstallmentsPKR2 Lakh/month115.3 Marla",House,,,,,,,1,,https://www.zameen.com/Property/islamabad_islamabad_-_murree_expressway_breathtaking_views_1-bed_apartment_overlooking_margalla_and_murree_hills_at_360_the_residencies-53335614-342-1.html
2.63 Crore,6.7,Marla,Islamabad,"Islamabad - Murree Expressway, Islamabad226.7 Marla",House,Bathrooms: 5,Servant Quarters: 1,2025,2,1,1,2,,https://www.zameen.com/Property/islamabad_islamabad_-_murree_expressway_luxury_living_premium_2-bed_residence_in_prestigious_360_residencies-53538099-342-1.html
3.85 Crore,8.9,Marla,Islamabad,,House,3,,2021,1,,,,,https://www.zameen.com/Property/g_11_3_warda_hamna_residencia_3_3_bed_luxury_apartment_top_floor_corner_is_available_for_sale_at_warda_hamna_residencia_iii_g-11_3_islamabad-53549740-11863-1.html
42 Lakh,2.7,Marla,Islamabad,"Country Club Apartments, Islamabad - Murree Expressway112.7 Marla",House,,,2025,RoomsOther Rooms,,,,,https://www.zameen.com/Property/islamabad_murree_expressway_country_club_apartments_the_perfect_weekend_escape_low-maintenance_1-bed_at_country_club_apartments-53682449-9681-1.html
1.25 Crore,10.2,Marla,Islamabad,,House,3,Drawing Room,,Lobby in Building,,1,1,,https://www.zameen.com/Property/e_11_2_khudadad_heights_khudadad_heights_3_bedroom_apartment_for_sale_block_2-53663941-11524-1.html
1.35 Crore,4.4,Marla,Islamabad,"F-11, Islamabad114.4 Marla",House,Bathrooms: 1,Kitchens: 1,,Lobby in Building,,,1,,https://www.zameen.com/Property/islamabad_f-11_fully_furnished_1-bedroom_apartment_available_for_sale_in_abu_dhabi_tower_f-11_markaz-54613053-163-1.html
19 Crore,1,Kanal,Islamabad,,House,Bathrooms: 14,Servant Quarters: 4,2023,5,4,1,4,,https://www.zameen.com/Property/e_11_e-11_3_brand_new_luxury_triple_storey_corner_house_for_sale_e-11_3_islamabad-54540708-3238-1.html
15.25 Crore,1,Kanal,Islamabad,,House,Bathrooms: 7,Servant Quarters: 1,2016,4,1,,1,,https://www.zameen.com/Property/e_11_e-11_3_investor_deal_1_kanal_solid_construction_house_for_sale_e-11_3_multi_islamabad-54536956-3238-1.html
98 Lakh,6,Marla,Islamabad,,House,Bathrooms: 2,Dining Room,,1,,,1,,https://www.zameen.com/Property/e_11_2_khudadad_heights_renovated_1-bed_apartment_for_sale_khudadad_heights_e-11_islamabad_rental_income_property-54536840-11524-1.html
3.98 Crore,8,Marla,Islamabad,,House,,,,,,,,,https://www.zameen.com/Property/mpchs_multi_gardens_mpchs_-_block_c_buy_a_centrally_located_1800_square_feet_house_in_mpchs_-_block_c-54199807-3118-1.html
5.5 Crore,10.1,Marla,Islamabad,,House,,,,,,,,,https://www.zameen.com/Property/mpchs_multi_gardens_mpchs_-_block_c1_looking_for_a_house_in_mpchs_-_block_c1-54199806-12607-1.html
4.5 Crore,8,Marla,Islamabad,,House,Bathrooms: 6,Servant Quarters: 1,2022,4,1,1,3,,https://www.zameen.com/Property/b_17_mpchs_-_multi_gardens_corner_sale_the_ideally_located_house_for_an_incredible_price_of_pkr_rs_41000000-54171064-3115-1.html
19 Crore,1.3,Kanal,Islamabad,"G-14, Islamabad661.3 Kanal",House,,,,,,,,,https://www.zameen.com/Property/islamabad_g-14_60_x_100_house_for_sale_in_g14_4_islamabad-54163322-454-1.html
18 Crore,5,Kanal,Islamabad,,House,Bathrooms: 4,Servant Quarters,2025,Electricity Backup,Drawing Room,,2,,https://www.zameen.com/Property/gulberg_gulberg_greens_5_kanal_farm_house_for_sale-53883015-8312-1.html
11.5 Crore,1,Kanal,Islamabad,,House,Bathrooms: 6,Drawing Room,2024,4,,,,,https://www.zameen.com/Property/gulberg_residencia_gulberg_residencia_-_block_c_gulberg_residencia_block_c_corner_kanal_house_for_sale-54703390-9114-1.html
1.88 Crore,3.3,Marla,Islamabad,,House,1,Servant Quarters,2026,Lobby in Building,Drawing Room,Steam Room,Study Room,,https://www.zameen.com/Property/b_17_j7_emporium_radisson_1_bed_luxury_apartment_at_j7_emporium_islamabad-54098646-17263-1.html
1.15 Crore,5,Marla,Islamabad,,House,2,Kitchens: 1,2023,2,,,1,,https://www.zameen.com/Property/dha_valley_dha_homes_5_marla_2_bedroom_house_for_sale_in_dha_homes_tv_lounge_lawn_parking-54754286-3226-1.html
2.5 Crore,8.4,Marla,Islamabad,,House,Bathrooms: 3,Servant Quarters: 1,2021,1,1,1,1,,https://www.zameen.com/Property/margalla_hills_2_capital_residencia_three_bedroom_luxury_apartment_with_margalla_facing_available_for_sale-51550297-10573-1.html
1.04 Crore,2.4,Marla,Islamabad,"Mumtaz City, IslamabadInstallmentsPKR1.48 Lakh/month12.4 Marla",House,Bathrooms,Drawing Room,2023,Lobby in Building,,,Study Room,,https://www.zameen.com/Property/islamabad_mumtaz_city_fully_furnished_serviced_apartment_at_j7_icon_main_srinagar_highway_islamabad-54807036-3464-1.html
12.5 Crore,8,Marla,Islamabad,,House,,,,,,,,,https://www.zameen.com/Property/d_12_d-12_3_get_a_corner_8_marla_house_for_sale_in_d-12_3-54728444-3156-1.html
11.8 Crore,8.1,Marla,Islamabad,"F-10, Islamabad238.1 Marla",House,2,Drawing Room,2026,2,,1,1,,https://www.zameen.com/Property/islamabad_f-10_2-bedrooms_premium_apartment_with_views_of_margallah_hills_and_f9_park_islamabad-54806603-162-1.html
1.2 Crore,2.3,Marla,Islamabad,,House,,,,,,,,,https://www.zameen.com/Property/gulberg_gulberg_greens_527_square_feet_full_furnished_apartment_is_available_for_sale_in_samama_tower_2_gulberg_greens_islamabad-54805565-8312-1.html
4.6 Crore,8,Marla,Islamabad,,House,Bathrooms: 7,Servant Quarters: 1,2026,2,1,1,1,,https://www.zameen.com/Property/gulberg_residencia_gulberg_residencia_-_block_f_modern_house_exclusive_location_a_quality_beautiful_location_cda_approved_layout-54794694-9116-1.html
9.5 Crore,1,Kanal,Islamabad,,House,Bathrooms: 6,Servant Quarters: 2,2022,2,2,2,2,,https://www.zameen.com/Property/dha_defence_dha_defence_phase_2_1_kanal_house_for_sale_in_prime_loaction_of_dha_2-54577484-339-1.html
1.35 Crore,8.8,Marla,Islamabad,"Country Club Apartments, Islamabad - Murree Expressway228.8 Marla",House,2,,,,,,,,https://www.zameen.com/Property/islamabad_murree_expressway_country_club_apartments_2_bed_apartment_with_large_view_balcony_murree_expressway_country_club_apartments-54022769-9681-1.html
78 Lakh,3.1,Marla,Islamabad,,House,Bathrooms: 1,Servant Quarters: 2,2025,Double Glazed Windows,2,,1,,https://www.zameen.com/Property/gulberg_residencia_gulberg_residencia_-_d_markaz_modern_apartment_for_sale_in_elanza_mall_gulberg_d_markaz-54081244-14966-1.html
2.3 Crore,2.7,Marla,Islamabad,,House,1,Drawing Room,2025,1,,,1,,https://www.zameen.com/Property/park_view_city_park_view_city_-_downtown_block_fully_furnished_1_bed_apartmnt_for_sale_lack_facing_downtown_parkview_city_islamabad-54476699-20871-1.html
9.8 Crore,14,Marla,Islamabad,,House,Bathrooms: 4,Servant Quarters: 1,,,1,,2,,https://www.zameen.com/Property/bahria_town_bahria_golf_city_luxury_living_redefined_14_marla_designer_villa_for_sale_in_bahria_golf_city-54516033-8233-1.html
3.95 Crore,8,Marla,Islamabad,I-14,House,4,,,,,,,2,https://www.zameen.com/Property/islamabad_i-14_8_marla_modern_house_in_i-14_4_islamabad_4_bedrooms_dual_lounges_servant_quarters-54547773-1045-1.html
4.1 Crore,10.9,Marla,Islamabad,,House,,,,,,,,,https://www.zameen.com/Property/mpchs_multi_gardens_mpchs_-_block_c_ideal_2450_square_feet_house_has_landed_on_market_in_mpchs_-_block_c_islamabad-54145444-3118-1.html
40 Crore,1.7,Kanal,Islamabad,,House,Bathrooms: 00,Servant Quarters: 1,,2,1,1,2,,https://www.zameen.com/Property/f_6_f-6_1_ready_to_buy_a_house_in_f-6_1_islamabad-54822629-3299-1.html
2.6 Crore,6.7,Marla,Islamabad,"F-11, Islamabad226.7 Marla",House,Bathrooms: 2,Dining Room,,Flooring,,,1,,https://www.zameen.com/Property/islamabad_f-11_urgent_sale_investor_price_2-bedroom_apartment_in_f-11_markaz_prime_location_third_floor_demand_pkr_2_50_crore_fast_sale_serious_buyers_onl-54723206-163-1.html
5.5 Crore,10.1,Marla,Islamabad,,House,Bathrooms: 5,Drawing Room,2000,Double Glazed Windows,,,2,,https://www.zameen.com/Property/mpchs_multi_gardens_mpchs_-_block_c1_2275_square_feet_house_in_mpchs_-_block_c1_for_sale-54131069-12607-1.html
90 Lakh,4,Marla,Islamabad,,House,2,Drawing Room,,,,,1,,https://www.zameen.com/Property/mpchs_multi_gardens_mpchs_-_block_b_in_islamabad_you_can_find_the_perfect_flat_for_sale-54122745-3117-1.html
2.5 Crore,5,Marla,Islamabad,,House,,,,,,,,,https://www.zameen.com/Property/b_17_faisal_margalla_city_5_marla_house_available_in_faisal_margalla_city_for_sale-54107269-13424-1.html
2.6 Crore,5,Marla,Islamabad,,House,,,2025,Central Air Conditioning,,,,,https://www.zameen.com/Property/b_17_faisal_margalla_city_5_marla_house_for_sale_available_in_b-17-54102572-13424-1.html
4.3 Crore,8,Marla,Islamabad,The market conditions in Islamabad...more,House,,,,,,,,,https://www.zameen.com/Property/mpchs_multi_gardens_mpchs_-_block_e_house_of_1800_square_feet_is_available_in_contemporary_neighborhood_of_b-17-54331648-3120-1.html
1.95 Crore,8,Marla,Islamabad,,House,3,Servant Quarters: 1,2020,2,1,1,1,,https://www.zameen.com/Property/dha_valley_dha_homes_dha_beautiful_8_marla_double_storey_european_sytle_house_for_sale_ideal_location-54754219-3226-1.html
35 Crore,1.3,Kanal,Islamabad,"F-7, Islamabad551.3 Kanal",House,Bathrooms: 6,Servant Quarters: 1,,Double Glazed Windows,1,1,2,,https://www.zameen.com/Property/islamabad_f-7_house_available_for_sale_with_extraland-54146445-165-1.html
32 Crore,1.3,Kanal,Islamabad,"F-11, Islamabad81.3 Kanal",House,Bathrooms: 8,Servant Quarters: 2,2024,5,2,2,2,,https://www.zameen.com/Property/islamabad_f-11_brand_new_house_available_for_sale_in_f11-51610459-163-1.html
50 Lakh,2.8,Marla,Islamabad,,House,1,,,,,,,,https://www.zameen.com/Property/dha_defence_phase_2_goldcrest_highlife_signature_properties_offer_most_luxuries_1_bed_apartment_in_goldcrest_highlife-1_available_for_sale_near_giga_mall_dha_phase-ii_islamabad-54764795-21059-1.html
2.38 Crore,6,Marla,Islamabad,,House,2,,,Electricity Backup,,,,,https://www.zameen.com/Property/dha_defence_phase_2_goldcrest_views_signature_properties_offer_beautiful_apartment_margalla_view_corner_dha_phase_2_islamabad-54758043-18358-1.html
3.9 Crore,8,Marla,Islamabad,F-17,House,,,2022,2,,,1,,https://www.zameen.com/Property/islamabad_f-17_5-bedroom_house_for_sale_f-17_2_islamabad-54713033-335-1.html
10 Crore,5,Kanal,Islamabad,Naval Farms Housing Scheme,House,Bathrooms: 3,Drawing Room,,,,,1,,https://www.zameen.com/Property/islamabad_naval_farms_housing_scheme_naval_farms_housing_scheme_house_sized_5_kanal_is_available-54470673-1724-1.html
8.5 Crore,6,Marla,Islamabad,,House,Bathrooms: 6,Servant Quarters: 1,2019,1,1,1,2,,https://www.zameen.com/Property/d_12_d-12_1_brand_new_house_for_sale_in_d-12_markaz-54405024-3154-1.html
65 Lakh,2,Marla,Islamabad,,House,Bathrooms: 1,Kitchens,2026,Lobby in Building,,,,,https://www.zameen.com/Property/bahria_enclave_bahria_enclave_-_sector_c1_premium_apartments_for_sale_in_sector_c-1_bahria_enclave_islamabad_possession_in_3_months-54804918-11987-1.html
4 Crore,7,Marla,Islamabad,,House,Bathrooms,Servant Quarters,2026,Central Air Conditioning,Drawing Room,Steam Room,2,6,https://www.zameen.com/Property/b_17_mpchs_-_multi_gardens_7_marla_ultra_modern_luxury_house_for_sale_in_b-17_islamabad-54791737-3115-1.html
7.9 Crore,1,Kanal,Islamabad,,House,Bathrooms: 6,Servant Quarters: 2,2026,3,2,2,2,,https://www.zameen.com/Property/dha_defence_dha_defence_phase_2_dha2_one_kanal_luxurious_full_furnished_house_for_sale-54727365-339-1.html
8.9 Crore,1,Kanal,Islamabad,,House,Bathrooms: 6,Servant Quarters: 2,2026,3,2,2,2,,https://www.zameen.com/Property/dha_defence_dha_defence_phase_2_dha2_one_kanal_luxurious_furnished_house-54727418-339-1.html
4.3 Crore,7,Marla,Islamabad,,House,Bathrooms,Servant Quarters,2025,Double Glazed Windows,Drawing Room,,2,,https://www.zameen.com/Property/park_view_city_park_view_-_block_a_7_marla_corner_designer_house_for_sale-54606935-16861-1.html
6 Crore,6.4,Marla,Islamabad,"Diplomatic Enclave, Islamabad226.4 Marla",House,2,Servant Quarters: 2,2015,1,2,2,2,,https://www.zameen.com/Property/islamabad_diplomatic_enclave_diplomatic_enclave_2_bedroom_furnished_apartment_for_sale_in_royal_1450_square_feet-53359045-429-1.html
15 Crore,1.2,Kanal,Islamabad,,House,Bathrooms: 5,Servant Quarters: 1,2023,Double Glazed Windows,1,Lounge or Sitting Room,2,,https://www.zameen.com/Property/park_view_city_park_view_-_block_e_luxury_1_kanal_corner_boulevard_house_for_sale_parkview_city_islamabad_e_block-54670344-16865-1.html
5.5 Crore,10,Marla,Islamabad,,House,,,2022,3,,,2,,https://www.zameen.com/Property/park_view_city_park_view_-_block_b_10_marla_house_for_sale_b_block_parkview_city_islamabad-54695934-16862-1.html
2.8 Crore,11.2,Marla,Islamabad,,House,Bathrooms: 7,Servant Quarters: 2,2025,3,2,1,3,,https://www.zameen.com/Property/bahria_enclave_bahria_enclave_-_sector_h_fully_furnished_3-bed_luxury_corner_apartment_with_double_parking_galleria_bahria_enclave-54246496-11983-1.html
3.9 Crore,10.7,Marla,Islamabad,,House,2,Drawing Room,2011,Lobby in Building,,Lounge or Sitting Room,Store Rooms,,https://www.zameen.com/Property/f_11_f-11_markaz_f-11_markaz_3-bedroom_apartment_available_for_sale-54822623-3286-1.html
10.5 Crore,1,Kanal,Islamabad,,House,,,,,,,,,https://www.zameen.com/Property/mpchs_multi_gardens_mpchs_-_block_c_a_house_of_1_kanal_in_rs_105000000-54331647-3118-1.html
8.5 Crore,17,Marla,Islamabad,,House,,,,,,,,,https://www.zameen.com/Property/mpchs_multi_gardens_mpchs_-_block_b_modern_designer_house_for_sale-54698883-3117-1.html
3.25 Crore,6,Marla,Islamabad,Mumtaz City,House,,,2026,Double Glazed Windows,,,,,https://www.zameen.com/Property/islamabad_mumtaz_city_brand_new_6_marla_house_for_sale-54563949-3464-1.html
1.55 Crore,4.3,Marla,Islamabad,"Top City 1, Islamabad224.3 Marla",House,,,,Lobby in Building,,,,,https://www.zameen.com/Property/islamabad_top_city_1_title_spacious_2-bed_apartment_for_sale_in_islamabad_prime_location-54778141-1383-1.html
5.5 Crore,10,Marla,Islamabad,Top City 1,House,,Community FeaturesMosque,2026,Double Glazed Windows,1,,2,,https://www.zameen.com/Property/islamabad_top_city_1_brand_new_10_marla_luxury_house_for_sale_in_islamabad-54768290-1383-1.html
4.25 Crore,9.6,Marla,Islamabad,,House,Bathrooms: 4,Servant Quarters,2150,Lobby in Building,Drawing Room,1,Study Room,,https://www.zameen.com/Property/f_11_f-11_markaz_f-11_markaz_three_bed_apartment_for_sale-48790118-3286-1.html
4.5 Crore,12.4,Marla,Islamabad,,House,3,Servant Quarters,2011,Lobby in Building,Drawing Room,Steam Room,Study Room,,https://www.zameen.com/Property/f_11_f-11_markaz_f-11_investor_price_3_bed_apartment_available_for_sale-52409334-3286-1.html
12 Crore,1,Kanal,Islamabad,,House,Bathrooms: 11,Servant Quarters: 1,2026,3,1,1,3,,https://www.zameen.com/Property/faisal_town_phase_1_faisal_town_phase_1_-_block_b_1_kanal_3_storey_mdr_brand_new_house_available_for_sale_in_faisal_town_phase_1_of_block_b_islamabad_pakistan-54794917-16417-1.html
3.1 Crore,1.2,Kanal,Islamabad,"FOECHS - Foreign Office Employees Society, Islamabad1.2 Kanal",House,,,,,,,,,https://www.zameen.com/Property/islamabad_foechs_-_foreign_office_employees_society_a_5400_square_feet_house_has_landed_on_market_in_foechs_-_foreign_office_employees_society_of_foechs_-_foreign_office_employees_society-54801306-8369-1.html
3.2 Crore,5,Marla,Islamabad,,House,Bathrooms: 3,Servant Quarters: 1,2026,1,1,,2,,https://www.zameen.com/Property/bahria_town_bahria_enclave_brand_new_5_marla_house_for_sale-54734308-1705-1.html
13 Crore,1,Kanal,Islamabad,,House,Bathrooms: 6,Servant Quarters: 1,2026,3,1,1,2,,https://www.zameen.com/Property/dha_defence_dha_defence_phase_5_1_kanal_brand_new_designer_house_available_for_sale-54655975-10991-1.html
1.55 Crore,5.6,Marla,Islamabad,"E-11, Islamabad225.6 Marla",House,Bathrooms: 2,Servant Quarters: 1,,1,1,1,1,,https://www.zameen.com/Property/islamabad_e-11_e-11_two_bedroom_apartment_for_sale-52564959-329-1.html
3.4 Crore,5,Marla,Islamabad,Faisal Town - F-18,House,Bathrooms: 6,Servant Quarters: 1,2026,,1,1,2,,https://www.zameen.com/Property/islamabad_faisal_town_-_f-18_green_belt_house_for_sale-54700480-8260-1.html
3.25 Crore,4.4,Marla,Islamabad,"G-13, Islamabad444.4 Marla",House,,,,,,,,,https://www.zameen.com/Property/islamabad_g-13_4_4_marla_house_for_sale_with_all_basic_necessities-54804034-330-1.html
1 Crore,3.6,Marla,Islamabad,,House,1,,2026,2,,,,,https://www.zameen.com/Property/gulberg_greens_gulberg_greens_-_block_e_1_bed_apartment_for_sale_in_gulberg_greens_islamabad_wide_terrace_stunning_lake_view-54783675-8317-1.html
2.65 Crore,5,Marla,Islamabad,,House,Bathrooms: 4,Drawing Room,,1,,,2,,https://www.zameen.com/Property/faisal_hills_faisal_hills_-_executive_block_5_marla_house_for_sale_faisal_hills_executive_block-54803870-16527-1.html
4.5 Crore,10,Marla,Islamabad,Bani Gala,House,,,,,,,,,https://www.zameen.com/Property/islamabad_bani_gala_10_marla_beautiful_house_in_bani_gala-54775829-340-1.html
8.5 Crore,1,Kanal,Islamabad,,House,Bathrooms: 6,Servant Quarters: 2,2020,2,2,1,2,,https://www.zameen.com/Property/dha_defence_dha_defence_phase_2_1_kanal_luxury_house_for_sale_in_dha_phase_2_islamabad-54428873-339-1.html
6.5 Crore,10,Marla,Islamabad,,House,5,Servant Quarters: 1,2026,3,1,1,2,,https://www.zameen.com/Property/dha_defence_phase_5_dha_phase_5_-_sector_d_10_marla_luxury_modern_house_for_sale_in_dha_phase_5_5_bedrooms_double_kitchen_servant_quarter-54240411-8403-1.html
98 Lakh,4.3,Marla,Islamabad,"River Garden, Islamabad224.3 Marla",House,2,,,,,,,,https://www.zameen.com/Property/islamabad_river_garden_2_bed_apartment_-_960_sqft-54081483-1457-1.html
73 Lakh,2.7,Marla,Islamabad,,House,,,,,,,,,https://www.zameen.com/Property/al_ghurair_giga_al-ghurair_giga_-_block_6_your_search_ends_right_here_with_the_beautiful_flat_in_al-ghurair_giga_-_block_6_at_affordable_price_of_pkr_rs_7300000-54715114-15132-1.html
9.75 Crore,1,Kanal,Islamabad,,House,Bathrooms: 7,Servant Quarters: 1,,,1,2,1,2,https://www.zameen.com/Property/dha_defence_phase_1_dha_phase_1_-_sector_a_on_excellent_location_1_kanal_house_available_for_sale_in_dha_phase_1_-_sector_a_islamabad-54308387-3189-1.html
1.65 Crore,6.2,Marla,Islamabad,,House,,,,,,3,,,https://www.zameen.com/Property/gt_road_el_cielo_perfect_1400_square_feet_flat_in_el_cielo_for_sale-54780376-10358-1.html
3.5 Crore,5,Marla,Islamabad,,House,,,2024,2,,,,,https://www.zameen.com/Property/park_view_city_park_view_-_block_h_brand_new_house_for_sale_h_block_parkview_city_islamabad-54476633-16868-1.html
3.75 Crore,7.3,Marla,Islamabad,,House,2,Servant Quarters: 2,2025,Lobby in Building,2,Steam Room,Study Room,,https://www.zameen.com/Property/g_11_3_the_fourth_star_residence_g-11_3_brand_new_2_bed_apartment_available_for_sale-53193029-16896-1.html
8 Crore,8,Marla,Islamabad,E-11,House,Bathrooms: 5,Servant Quarters: 1,,2,1,1,1,,https://www.zameen.com/Property/islamabad_e-11_e-11_brand_new_1st_entry_house_for_sale-54462251-329-1.html
6.5 Crore,10,Marla,Islamabad,,House,Bathrooms: 5,Servant Quarters: 1,,,1,1,3,2,https://www.zameen.com/Property/e_11_e-11_4_e-11_4_double_story_house_for_sale-54738091-3241-1.html
12.25 Crore,1,Kanal,Islamabad,,House,Bathrooms: 7,Servant Quarters: 2,2026,3,2,2,2,,https://www.zameen.com/Property/dha_defence_dha_defence_phase_2_1_and_only_prime_location_double_unit_designer_house_for_sale_brand_new-53041865-339-1.html
16 Crore,1.5,Kanal,Islamabad,,House,Bathrooms: 6,Servant Quarters: 2,2025,3,2,1,2,,https://www.zameen.com/Property/dha_defence_dha_defence_phase_2_1_5_kanal_ultra_luxurious_designer_house_for_sale-53041868-339-1.html
13.5 Crore,1,Kanal,Islamabad,,House,Bathrooms: 7,Servant Quarters: 2,2026,3,2,2,2,,https://www.zameen.com/Property/dha_defence_dha_defence_phase_2_1_kanal_brand_new_ultra_luxurious_designer_house_for_sale_central_park_facing-54000885-339-1.html
7 Crore,9.3,Marla,Islamabad,,House,3,Drawing Room,2010,1,,,,,https://www.zameen.com/Property/f_10_silver_oaks_apartments_silver_oaks_f-10_3_bedroom_converted_2_bedroom_specious_full_taries_furnished_apartment_available_for_sale_beautiful_location-54727595-11308-1.html
5.8 Crore,10,Marla,Islamabad,,House,4,Servant Quarters: 1,2025,2,1,2,2,,https://www.zameen.com/Property/dha_defence_dha_defence_phase_2_brand_new_10_marla_luxurious_house_for_sale-52964143-339-1.html
30 Crore,1.1,Kanal,Islamabad,"F-7, Islamabad661.1 Kanal",House,6,Servant Quarters: 1,2022,4,1,Steam Room,2,,https://www.zameen.com/Property/islamabad_f-7_beautiful_6bed_double_unit_house_available_for_sale_ideal_location_f7-54803346-165-1.html
15 Crore,1,Kanal,Islamabad,G-13,House,,,,,,,,,https://www.zameen.com/Property/islamabad_g-13_g-13_50x90_luxury_house_available_for_sale-54802721-330-1.html
3.25 Crore,4,Marla,Islamabad,G-13,House,Bathrooms: 5,Servant Quarters: 1,,1,1,1,2,,https://www.zameen.com/Property/islamabad_g-13_top_location_house_for_sale_in_g-13_1_islamabad-54802339-330-1.html
6.5 Crore,5,Marla,Islamabad,D-12,House,Bathrooms: 4,Servant Quarters: 1,2024,1,1,,1,,https://www.zameen.com/Property/islamabad_d-12_on_excellent_location_5_marla_house_is_available_in_affordable_price_in_d-12-54800808-160-1.html
4.15 Crore,7,Marla,Islamabad,,House,Bathrooms: 5,Servant Quarters: 1,,,1,,1,,https://www.zameen.com/Property/gulberg_residencia_gulberg_residencia_-_block_h_buying_a_prime_location_house_in_gulberg_residencia_-_block_h-54800575-9118-1.html
27 Crore,1.3,Kanal,Islamabad,"F-10, Islamabad661.3 Kanal",House,Bathrooms: 7,Servant Quarters: 2,2015,7,2,3,2,,https://www.zameen.com/Property/islamabad_f-10_peaceful_location_new_lavish_house_for_sale_f-10_2_islamabad-54802101-162-1.html
30 Crore,1.3,Kanal,Islamabad,"F-10, Islamabad661.3 Kanal",House,Bathrooms: 6,Servant Quarters: 2,2025,8,2,3,2,,https://www.zameen.com/Property/islamabad_f-10_prime_location_brand_new_stylish_lavish_house_for_sale_f-10_islamabad-52541154-162-1.html
16.5 Crore,1,Kanal,Islamabad,,House,Bathrooms: 8,Servant Quarters: 2,2026,4,2,1,2,,https://www.zameen.com/Property/dha_defence_dha_defence_phase_2_designer_house-54765253-339-1.html
14 Crore,1,Kanal,Islamabad,,House,Bathrooms: 6,Servant Quarters: 2,2026,3,2,1,2,,https://www.zameen.com/Property/dha_defence_dha_defence_phase_2_designer_house_is_available_for_sale-54781686-339-1.html
3.1 Crore,5,Marla,Islamabad,"Bahria Enclave Islamabad 
Sector H...more",House,Bathrooms: 4,Servant Quarters: 1,2026,1,1,,2,,https://www.zameen.com/Property/bahria_enclave_bahria_enclave_-_sector_h_brand_new_designer_house_available_for_sale-54510464-11983-1.html
3.8 Crore,12,Marla,Islamabad,,House,Bathrooms: 4,Servant Quarters: 1,2026,Lobby in Building,1,1,1,,https://www.zameen.com/Property/dha_defence_phase_4_askari_heights_apartments_available_for_sale_purchase_in_askari_heights-54304526-22270-1.html
13.7 Crore,1,Kanal,Islamabad,,House,Bathrooms: 12,Servant Quarters: 2,2026,4,2,1,2,,https://www.zameen.com/Property/dha_defence_phase_5_dha_phase_5_-_sector_b_dha_phase_5_sector_b_1_kanal_beautiful_house_for_sale-54740626-8401-1.html
4.1 Crore,7.3,Marla,Islamabad,"F-11, Islamabad237.3 Marla",House,Bathrooms: 2,Dining Room,2020,Lobby in Building,,,Prayer Room,,https://www.zameen.com/Property/islamabad_f-11_f-11_flat_available_for_sale_18_west-52587764-163-1.html
2.65 Crore,7.6,Marla,Islamabad,,House,Bathrooms: 2,Drawing Room,2024,Lobby in Building,,,Study Room,,https://www.zameen.com/Property/g_11_g-11_3_101_tower_flat_available_for_sale-52941749-3332-1.html
4.3 Crore,14.2,Marla,Islamabad,,House,Bathrooms: 3,Servant Quarters,2024,Lobby in Building,Drawing Room,Steam Room,Study Room,,https://www.zameen.com/Property/f_11_markaz_al-safa_heights_alsafa_height_1_flat_available_for_sale-52960835-12044-1.html
1.25 Crore,4.4,Marla,Islamabad,"F-11, Islamabad114.4 Marla",House,,,,Lobby in Building,,,,,https://www.zameen.com/Property/islamabad_f-11_abu_dhabi_tower_flat_available_for_sale-54015198-163-1.html
4.3 Crore,11.8,Marla,Islamabad,"F-11, Islamabad2311.8 Marla",House,2,Servant Quarters,2012,Lobby in Building,Drawing Room,Lounge or Sitting Room,Powder Room,,https://www.zameen.com/Property/islamabad_f-11_abu_dhabi_tower_2_bedroom_flat_available_for_sale-54144146-163-1.html
6 Crore,10,Marla,Islamabad,,House,Bathrooms: 6,Servant Quarters: 1,2026,2,1,1,2,,https://www.zameen.com/Property/dha_defence_dha_defence_phase_5_brand_new_designer_house_for_sale-54822518-10991-1.html
4.8 Crore,6.7,Marla,Islamabad,"G-10, Islamabad436.7 Marla",House,Bathrooms: 3,Drawing Room,,1,,2,1,2,https://www.zameen.com/Property/islamabad_g-10_house_available_for_sale_in_g10-54025709-167-1.html
5 Crore,5.6,Marla,Islamabad,"G-10, Islamabad445.6 Marla",House,4,4,,1,,1,1,2,https://www.zameen.com/Property/islamabad_g-10_4_bedrooms_4_bathrooms_2_dd_2_tv_2_kitchen_for_sale-54123153-167-1.html
2.15 Crore,4.3,Marla,Islamabad,"Top City 1, Islamabad114.3 Marla",House,1,Drawing Room,2027,1,,,1,,https://www.zameen.com/Property/islamabad_top_city_1_near_to_possession_1_bed_5_star_level_flat_for_sale_top_luxury_apartments-54769638-1383-1.html
5 Crore,6.7,Marla,Islamabad,"G-10, Islamabad446.7 Marla",House,4,4,,1,,1,1,,https://www.zameen.com/Property/islamabad_g-10_4_bedrooms_4_bathrooms_house_available_for_sale-54540531-167-1.html
3.9 Crore,7,Marla,Islamabad,,House,Bathrooms: 5,Servant Quarters: 1,2026,1,1,,2,2,https://www.zameen.com/Property/gulberg_gulberg_residencia_7_marla_double-storey_house_for_sale_gulberg_greens_residencia-54780245-8319-1.html
6.5 Crore,10,Marla,Islamabad,,House,Bathrooms: 5,Servant Quarters: 1,2026,,1,,2,2,https://www.zameen.com/Property/gulberg_gulberg_residencia_10_marla_double-storey_house_for_sale_gulberg_greens_residencia-54780247-8319-1.html
10.5 Crore,12.4,Marla,Islamabad,"I-8, Islamabad6612.4 Marla",House,Bathrooms: 6,Servant Quarters: 1,,3,1,1,2,,https://www.zameen.com/Property/islamabad_i-8_a_graceful_35x80_house_is_available_for_sale_in_i-8_islamabad-44562469-174-1.html
2.65 Crore,5,Marla,Islamabad,"Bahria Enclave Islamabad 
Sector N...more",House,Bathrooms: 5,Servant Quarters: 1,2026,1,1,,1,2,https://www.zameen.com/Property/bahria_enclave_bahria_enclave_-_sector_n_5_marla_beautiful_brand_new_house_available_for_sale_most_demanding_sector_in_bahria_enclave_islamabad-54421063-11975-1.html
5.5 Crore,11,Marla,Islamabad,,House,Bathrooms: 8,Servant Quarters: 1,2026,Double Glazed Windows,1,2,2,,https://www.zameen.com/Property/fechs_jinnah_gardens_12_marla_house_for_sale_in_jinnah_garden-54800996-1420-1.html
5.7 Crore,10,Marla,Islamabad,"Bahria Enclave Islamabad 
 Sector C...more",House,Bathrooms: 7,Servant Quarters: 1,2026,3,1,1,2,2,https://www.zameen.com/Property/bahria_enclave_bahria_enclave_-_sector_c1_10_marla_beautiful_brand_new_house_available_for_sale_just_1_minute_drive_from_the_main_gate-53760059-11987-1.html
3.2 Crore,5,Marla,Islamabad,"Bahria Enclave Islamabad 
 Sector H...more",House,Bathrooms: 5,Servant Quarters: 1,2026,1,1,1,1,2,https://www.zameen.com/Property/bahria_enclave_bahria_enclave_-_sector_h_5_marla_modern_design_brand_new_house_available_for_sale_most_populated_sector_in_bahria_enclave_islamabad-53838994-11983-1.html
5.5 Crore,10,Marla,Islamabad,"Bahria Enclave Islamabad 
Sector C1...more",House,Bathrooms: 7,Servant Quarters: 1,2026,3,1,,1,2,https://www.zameen.com/Property/bahria_enclave_bahria_enclave_-_sector_c1_10_marla_modern_design_beautiful_brand_new_house_available_for_sale_just_1_mnt_drive_from_the_main_gate-54419242-11987-1.html
4.4 Crore,8,Marla,Islamabad,,House,,,,,,,,,https://www.zameen.com/Property/mpchs_multi_gardens_mpchs_-_block_e_own_a_house_in_1800_square_feet_islamabad-54718164-3120-1.html
4.3 Crore,8,Marla,Islamabad,,House,,,,,,,,,https://www.zameen.com/Property/mpchs_multi_gardens_mpchs_-_block_e_a_1800_square_feet_house_has_landed_on_market_in_mpchs_-_block_e_of_islamabad-54718166-3120-1.html
4.4 Crore,8,Marla,Islamabad,,House,,,,,,,,,https://www.zameen.com/Property/mpchs_multi_gardens_mpchs_-_block_e_1800_square_feet_house_for_sale_in_mpchs_-_block_e_islamabad-54718163-3120-1.html
9.5 Crore,1.2,Kanal,Islamabad,,House,,,,,,,,,https://www.zameen.com/Property/mpchs_multi_gardens_mpchs_-_block_a_5400_square_feet_house_in_beautiful_location_of_mpchs_-_block_a_in_islamabad-54718161-3116-1.html
4.3 Crore,8,Marla,Islamabad,,House,,,,,,,,,https://www.zameen.com/Property/mpchs_multi_gardens_mpchs_-_block_e_looking_for_a_house_in_mpchs_-_block_e-54718165-3120-1.html
4 Crore,7,Marla,Islamabad,,House,,,,,,,2,6,https://www.zameen.com/Property/mpchs_multi_gardens_mpchs_-_block_e_buy_a_7_marla_house_for_sale_in_mpchs_-_block_e-54789034-3120-1.html
8.8 Crore,1,Kanal,Islamabad,,House,,,,,,,3,,https://www.zameen.com/Property/mpchs_multi_gardens_mpchs_-_block_c_end_your_search_for_house_here_and_sale_now-54772770-3118-1.html
4.5 Crore,9.6,Marla,Islamabad,,House,Bathrooms: 4,Drawing Room,,,,,1,,https://www.zameen.com/Property/g_11_3_the_arch_the_arch_tower_corner_flat_for_sale-54510386-12793-1.html
3.15 Crore,6.4,Marla,Islamabad,,House,Bathrooms: 2,Kitchens: 1,2026,1,,,1,,https://www.zameen.com/Property/g_11_g-11_3_capital_height_brand_new_flat_for_sale-54510513-3332-1.html
3.15 Crore,6,Marla,Islamabad,Mumtaz City,House,Bathrooms: 6,Drawing Room,,2,,1,2,,https://www.zameen.com/Property/islamabad_mumtaz_city_6_marla_brand_new_house_for_sale_in_mumtaz_city_islambad-54788675-3464-1.html
17 Crore,1,Kanal,Islamabad,,House,6,Servant Quarters: 2,2010,6,4,1,2,,https://www.zameen.com/Property/f_10_f-10_1_f-10_duplex_house_for_sale_prime_location_double_storey_6_beds-49389642-3276-1.html
5.35 Crore,4.4,Marla,Islamabad,"D-12, Islamabad334.4 Marla",House,,,,,,,,,https://www.zameen.com/Property/islamabad_d-12_1000_square_feet_house_ideally_situated_in_d-12-54769786-160-1.html
16 Crore,1.2,Kanal,Islamabad,"I-8, Islamabad661.2 Kanal",House,Bathrooms: 5,Servant Quarters: 1,2021,2,1,1,1,,https://www.zameen.com/Property/islamabad_i-8_a_600_yards_house_is_available_for_sale_in_i-8-44961461-174-1.html
25 Crore,1,Kanal,Islamabad,F-8,House,Bathrooms: 6,Servant Quarters: 2,2017,5,2,2,2,,https://www.zameen.com/Property/islamabad_f-8_a_beautiful_luxury_house_is_available_for_sale-51195457-166-1.html
9.25 Crore,1,Kanal,Islamabad,,House,5,Servant Quarters: 2,2026,3,2,Steam Room,2,,https://www.zameen.com/Property/dha_defence_dha_defence_phase_2_1_kanal_designer_house_for_sale_in_dha_ii_islamabad-54822502-339-1.html
30 Crore,1.3,Kanal,Islamabad,"F-7, Islamabad551.3 Kanal",House,Bathrooms: 5,Servant Quarters: 2,2000,5,2,1,2,,https://www.zameen.com/Property/islamabad_f-7_a_beautiful_666_yards_house_is_available_for_sale_in_f-7-52728152-165-1.html
45 Crore,1.4,Kanal,Islamabad,"F-7, Islamabad561.4 Kanal",House,7,Servant Quarters: 2,2026,3,2,1,2,,https://www.zameen.com/Property/islamabad_f-7_f_7_size_700_sqyd_street_corner_house_available_for_sale-54537257-165-1.html
1.85 Crore,6.9,Marla,Islamabad,,House,2,Servant Quarters: 1,,1,1,1,1,,https://www.zameen.com/Property/bahria_enclave_cube_apartments_bahria_enclave_2_bed_cube_apartment_brand_new_6th_floor_sunfacing_1558_sq_feet_circulation_paid_available_for_sale-53703116-21520-1.html
36 Crore,2,Kanal,Islamabad,,House,Bathrooms: 7,Kitchens: 2,,,,,2,,https://www.zameen.com/Property/f_10_f-10_4_2_kanal_house_for_sale_in_f-10_4_islamabad-54774578-3279-1.html
3.45 Crore,6,Marla,Islamabad,,House,5,Servant Quarters: 1,2025,02,1,1,2,,https://www.zameen.com/Property/bahria_enclave_bahria_enclave_-_sector_b1_brand_new_beautiful_location_designer_house_5_beds_for_sale_in_b-1_sector_bahria_enclave_islamabad-53426158-11972-1.html
4.15 Crore,7,Marla,Islamabad,,House,4,Servant Quarters,,Flooring,Drawing Room,,,,https://www.zameen.com/Property/mpchs_multi_gardens_mpchs_-_block_f_main_double_road_near_direct_to_all_amenities_near_masjid_markets_7_marla_house_for_sale-54521637-8527-1.html
6.2 Crore,10,Marla,Islamabad,,House,Bathrooms: 7,Servant Quarters: 1,,,1,,2,,https://www.zameen.com/Property/mpchs_multi_gardens_mpchs_-_block_c_10_marla_modern_neoclassical_dream_house-54622254-3118-1.html
2.55 Crore,8.8,Marla,Islamabad,,House,2,,,,,,,,https://www.zameen.com/Property/b_17_j7_emporium_direct_owner_sale_j7_emporium_2_bed_attractive_price_ideal_location-54804400-17263-1.html
2.35 Crore,13.3,Marla,Islamabad,,House,3,,,,,,,,https://www.zameen.com/Property/bahria_enclave_bahria_enclave_-_sector_g_penthouse_with_3_bedroom_on_3000_sqft_1600sqft_covered_area_in_bahria_enclave_g_block-54715434-11984-1.html
9 Crore,1,Kanal,Islamabad,DHA Phase 2 Brand...more,House,,,,,,,,,https://www.zameen.com/Property/dha_defence_dha_defence_phase_2_kanal_brand_new_houses_for_sale-54803622-339-1.html
3.8 Crore,7,Marla,Islamabad,,House,,,,,,,,,https://www.zameen.com/Property/jinnah_gardens_jinnah_gardens_phase_1_house_for_sale-54802457-1421-1.html
8.48 Crore,2,Kanal,Islamabad,Bani Gala,House,,,,,,,,,https://www.zameen.com/Property/islamabad_bani_gala_brand_new_farmhouse_for_sale-54725817-340-1.html
3.2 Crore,6,Marla,Islamabad,I-14,House,,,,,,,,,https://www.zameen.com/Property/islamabad_i-14_brand_new_6_marla_house_available_for_sale_in_sector_i-14_2_islamabad-54650678-1045-1.html
1.7 Crore,6,Marla,Islamabad,,House,2,Kitchens: 1,2023,2,,,1,,https://www.zameen.com/Property/zaraj_housing_scheme_the_atrium_2_bed_flat_for_sale_in_the_atrium-54113226-10229-1.html
2.2 Crore,7.3,Marla,Islamabad,"Top City 1, Islamabad337.3 Marla",House,3,Drawing Room,2026,Lobby in Building,,,Gym,,https://www.zameen.com/Property/islamabad_top_city_1_3_bed_corner_apartment_kmk_tower_block_k_topcity_1_islamabad-54801277-1383-1.html
3.95 Crore,8,Marla,Islamabad,,House,,,,,,,,,https://www.zameen.com/Property/mpchs_multi_gardens_mpchs_-_block_d_8_marla_house_for_sale_in_the_perfect_location_of_mpchs_-_block_d-54679937-3119-1.html
2.6 Crore,5,Marla,Islamabad,,House,,,,,,,,,https://www.zameen.com/Property/mpchs_multi_gardens_mpchs_-_block_f_find_your_ideal_house_in_islamabad_under_rs_26000000-54719534-8527-1.html
24 Crore,1,Kanal,Islamabad,F-10,House,5,Servant Quarters: 2,1999,5,2,1,2,,https://www.zameen.com/Property/islamabad_f-10_f10_5_bedroom_huge_extra_land_margalla_face-54774198-162-1.html
5.35 Crore,4.4,Marla,Islamabad,"D-12, Islamabad334.4 Marla",House,,,,,,,,,https://www.zameen.com/Property/islamabad_d-12_1000_square_feet_house_ideally_situated_in_d-12-54776696-160-1.html
9.75 Crore,8,Marla,Islamabad,,House,5,,,,,,,,https://www.zameen.com/Property/d_12_d-12_4_your_dream_1800_square_feet_house_is_available_in_d-12_4-54789747-3157-1.html
1.85 Crore,5.9,Marla,Islamabad,,House,2,Kitchens: 1,2022,1,,,1,,https://www.zameen.com/Property/e_11_e-11_4_e-11_4_madina_tower_2_bedroom_margalla_hills_view_for_sale-54771700-3241-1.html
16 Crore,1,Kanal,Islamabad,,House,Bathrooms: 8,Servant Quarters: 2,2020,4,2,1,1,,https://www.zameen.com/Property/e_11_e-11_3_e-11_3_mind_blowing_location_what_a_outstanding_2_storey_house_for_sale-50014757-3238-1.html
16 Crore,12.4,Marla,Islamabad,,House,Bathrooms: 5,Servant Quarters: 2,2024,3,2,2,2,,https://www.zameen.com/Property/i_8_i-8_3_designer_35x80_double_storey_house_front_open_extraland_next_to_kachnar_park-52859989-3443-1.html
15 Crore,12.4,Marla,Islamabad,,House,Bathrooms: 5,Servant Quarters: 1,2005,3,1,1,2,,https://www.zameen.com/Property/i_8_i-8_2_livable_35x80_double_storey_house_in_i-8_2_at_reasonable_price_for_sale-52077171-3442-1.html
23 Crore,1.2,Kanal,Islamabad,,House,Bathrooms: 6,Servant Quarters: 2,2005,4,2,2,2,,https://www.zameen.com/Property/i_8_i-8_3_60x90_double_storey_livable_house_in_i-8_3-51259530-3443-1.html
11.5 Crore,14.2,Marla,Islamabad,,House,Bathrooms: 6,Servant Quarters: 1,2005,3,1,1,2,,https://www.zameen.com/Property/i_8_i-8_2_40x80_double_storey_livable_house_for_sale_in_i-8_2-51259016-3442-1.html
22 Crore,1.2,Kanal,Islamabad,"I-8, Islamabad861.2 Kanal",House,Bathrooms: 6,Servant Quarters: 2,2005,5,2,2,2,,https://www.zameen.com/Property/islamabad_i-8_beautiful_60x90_double_storey_house_at_prime_location-49695184-174-1.html
14.25 Crore,14.2,Marla,Islamabad,,House,Bathrooms: 7,Servant Quarters: 2,2005,2,2,1,2,,https://www.zameen.com/Property/i_8_i-8_3_40x80_double_storey_house_near_kachnar_park-49429638-3443-1.html
25 Crore,1.2,Kanal,Islamabad,,House,Bathrooms: 6,Servant Quarters: 2,2023,4,2,1,2,,https://www.zameen.com/Property/i_8_i-8_3_60x90_triple_storey_house_corner_in_i-8_3-48672423-3443-1.html
13.5 Crore,14.2,Marla,Islamabad,,House,Bathrooms: 6,Servant Quarters: 2,2005,4,2,2,2,,https://www.zameen.com/Property/i_8_i-8_4_corner_40x80_double_storey_sun_face_house_for_sale-49429454-3444-1.html
11.5 Crore,14.2,Marla,Islamabad,,House,,,,,,,,,https://www.zameen.com/Property/g_10_g-10_4_14_marla_direct_owner_house_in_g-10_4_main_double_road-54768210-3327-1.html
50 Crore,22,Kanal,Islamabad,,House,Bathrooms: 2,,,,,,,,https://www.zameen.com/Property/chak_shahzad_chak_shahzad_farms_22_kamal_farm_house_for_sale-54807386-20291-1.html
5 Crore,6,Marla,Islamabad,,House,Bathrooms: 4,Servant Quarters: 1,2025,1,1,1,2,,https://www.zameen.com/Property/g_9_g-9_4_g-9_4_investor_rate_house_for_sale-53493282-3387-1.html
4.5 Crore,10,Marla,Islamabad,Bani Gala,House,Bathrooms: 4,Drawing Room,,,,,2,,https://www.zameen.com/Property/islamabad_bani_gala_stunning_house_is_available_for_sale_in_bani_gala-54641921-340-1.html
3.25 Crore,6,Marla,Islamabad,Park View City,House,Bathrooms: 6,Servant Quarters: 1,,2,1,1,1,,https://www.zameen.com/Property/islamabad_park_view_city_designer_villa_6_marla_available_for_sale_in_h_block_park_view_city_islamabad-54803044-10933-1.html
2.5 Crore,5,Marla,Islamabad,Faisal Town - F-18,House,Bathrooms: 6,Servant Quarters: 1,2026,1,1,,2,,https://www.zameen.com/Property/islamabad_faisal_town_-_f-18_5_marla_brand_new_house_for_sale_in_faisal_town_f-18-54802303-8260-1.html
4.1 Crore,7.9,Marla,Islamabad,,House,Bathrooms: 3,Kitchens: 1,2026,1,,,1,,https://www.zameen.com/Property/g_11_3_capital_heights_stunning_on_excellent_location_1780_square_feet_flat_in_capital_heights_available-54680590-13256-1.html
4.1 Crore,7.9,Marla,Islamabad,,House,,,,,,,,,https://www.zameen.com/Property/g_11_3_capital_heights_apartment_for_sale_1780_square_feet_capital_heights-54680585-13256-1.html
1.5 Crore,4,Marla,Islamabad,,House,,,,,,,,,https://www.zameen.com/Property/margalla_hills_2_capital_residencia_900_square_feet_flat_in_stunning_capital_residencia_is_available_for_sale-54728921-10573-1.html
8.75 Crore,13.4,Marla,Islamabad,,House,,,,,,,,,https://www.zameen.com/Property/mpchs_multi_gardens_mpchs_-_block_b_prominently-located_335_square_yards_house_available_in_mpchs_-_block_b-54531511-3117-1.html
4 Crore,8,Marla,Islamabad,,House,,,,,,,,,https://www.zameen.com/Property/mpchs_multi_gardens_mpchs_-_block_c1_a_perfect_house_awaits_you_in_mpchs_-_block_c1_islamabad-54669690-12607-1.html
2.8 Crore,9.4,Marla,Islamabad,,House,2,Drawing Room,2010,1,,,1,,https://www.zameen.com/Property/f_11_f-11_markaz_f-11_luxury_2_bedroom_with_drawing_dining_2115_sqf_investor_price_for_sale-54636516-3286-1.html
1.09 Crore,4,Marla,Islamabad,"Faisal Hills, IslamabadInstallmentsPKR4.55 Lakh/month224 Marla",House,Bathrooms: 2,Drawing Room,2027,Lobby in Building,,,1,,https://www.zameen.com/Property/islamabad_faisal_hills_2-bed_apartment_for_sale_anwar_heights_faisal_hills-54788961-10859-1.html
3.85 Crore,7,Marla,Islamabad,Faisal Hills,House,Bathrooms: 6,Servant Quarters: 1,2026,2,1,Steam Room,2,,https://www.zameen.com/Property/islamabad_faisal_hills_8_marla_ultra_modern_house_for_sale_in_faisal_hills_block_a-54803756-10859-1.html
7.5 Crore,6,Marla,Islamabad,,House,,,2024,4,,,,,https://www.zameen.com/Property/i_9_i-9_4_30_50_brand_new_double_storey_house_on_prime_location_in_sector_i-9_4_islamabad-54777002-3450-1.html
80 Lakh,1.8,Marla,Islamabad,,House,,,2023,3,,,,,https://www.zameen.com/Property/mumtaz_city_mumtaz_city_-_indus_block_studios_for_sale_on_main_sir_syed_avenue_mumtaz_city_islamabad_incoming_rent-54794912-14995-1.html
1.38 Crore,3.4,Marla,Islamabad,"Gulberg Greens Islamabad 
Two Bed A...more",House,Bathrooms: 2,Drawing Room,,,,,1,,https://www.zameen.com/Property/gulberg_greens_block_b_samama_gulberg_tower_gulberg_greens_islamabad_two_bed_available_for_sale_prime_location_rental_value_60k-54662191-22140-1.html
10.75 Crore,1,Kanal,Islamabad,,House,,,2025,4,,,,,https://www.zameen.com/Property/dha_defence_dha_defence_phase_2_choose_and_buy_this_stunning_house_direct_from_the_owner-54000962-339-1.html
11.75 Crore,2,Kanal,Islamabad,,House,,,2026,,,,,,https://www.zameen.com/Property/dha_defence_dha_defence_phase_2_2_kanal_well_designed_beautiful_brand_new_house_of_1_kanal_construction_and_1_plot-54000689-339-1.html
12.5 Crore,1,Kanal,Islamabad,,House,Bathrooms: 3,Drawing Room,2026,3,,,1,,https://www.zameen.com/Property/dha_defence_dha_defence_phase_2_royal_palace_of_20_marla_solar_installed_at_dha_phase_2_for_sale-54000605-339-1.html
11.5 Crore,1,Kanal,Islamabad,,House,,,2025,6,,,,,https://www.zameen.com/Property/dha_defence_dha_defence_phase_2_deal_directly_with_the_owner_for_a_smooth_and_cost-effective_purchase_house_for_sale-54780645-339-1.html
10.5 Crore,1,Kanal,Islamabad,"DHA PHASE 2 Islamabad
*House Detail...more",House,Bathrooms: 6,Servant Quarters: 2,2026,4,2,2,2,,https://www.zameen.com/Property/dha_defence_dha_defence_phase_2_fully_furnished_1_kanal_designer_house_ready_for_sale_in_dha_defence_phase_2_islamabad-54736503-339-1.html
83 Lakh,4.7,Marla,Islamabad,,House,2,Servant Quarters: 1,2019,2,1,1,1,,https://www.zameen.com/Property/b_17_capital_square_2_bed_flat_for_sale_in_capital_square_multi_garden_b_17_islamabad-52393781-11252-1.html
93 Lakh,5,Marla,Islamabad,,House,2,Drawing Room,2020,2,,1,1,,https://www.zameen.com/Property/b_17_capital_square_2_bed_flat_for_sale_in_capital_square-52399867-11252-1.html
72 Crore,1.9,Kanal,Islamabad,,House,,,,5,,,,,https://www.zameen.com/Property/f_7_f-7_1_proper_corner_margala_face_ideal_location_direct_access_from_margala_roard-54744190-3307-1.html
26 Crore,1,Kanal,Islamabad,,House,,,,Double Glazed Windows,,,,,https://www.zameen.com/Property/f_10_f-10_2_beautiful_3-storey_house_for_sale_in_f-10_2_islamabad-54744237-3277-1.html
45 Crore,2.1,Kanal,Islamabad,,House,,,,3,,,,,https://www.zameen.com/Property/f_7_f-7_2_prime_double-storey_house_for_sale_in_f-7_2_islamabad-54753001-3308-1.html
32 Crore,1.2,Kanal,Islamabad,,House,,,,,,,,,https://www.zameen.com/Property/f_8_f-8_3_double-storey_house_for_sale_in_f-8_3_islamabad-54753157-3316-1.html
5.2 Crore,13.8,Marla,Islamabad,"F-11, Islamabad3313.8 Marla",House,Bathrooms: 3,Servant Quarters: 1,2010,2,1,1,1,,https://www.zameen.com/Property/islamabad_f-11_3100_sq_ft_apartment_available_for_sale_in_f-11_markaz_islamabad-54432332-163-1.html
1.2 Crore,5.1,Marla,Islamabad,,House,2,Drawing Room,2020,Lobby in Building,,,1,,https://www.zameen.com/Property/al_ghurair_giga_al-ghurair_giga_-_block_14_2_bed_apartment_for_sale_on_giga_downtown-53830163-15118-1.html
4.9 Crore,6.7,Marla,Islamabad,"G-10, Islamabad546.7 Marla",House,Bathrooms: 4,Servant Quarters: 1,,1,1,1,1,,https://www.zameen.com/Property/islamabad_g-10_get_a_1500_square_feet_house_for_sale_in_g-10-54798968-167-1.html
36 Crore,2,Kanal,Islamabad,,House,,Kitchens: 2,,,,,2,,https://www.zameen.com/Property/f_10_f-10_4_house_in_f-10_4_for_sale-54774577-3279-1.html
4.5 Crore,10,Marla,Islamabad,If Islamabad is the destination of...more,House,,,,,,,3,7,https://www.zameen.com/Property/faisal_hills_faisal_hills_-_executive_block_faisal_hills_-_executive_block_house_sized_10_marla_for_sale-54707309-16527-1.html
5.2 Crore,10,Marla,Islamabad,Top City 1,House,Bathrooms: 6,Servant Quarters,2026,4,Drawing Room,,2,,https://www.zameen.com/Property/islamabad_top_city_1_new_10_marla_house_in_top_city-54230743-1383-1.html
85 Lakh,3.3,Marla,Islamabad,"B-17, Islamabad223.3 Marla",House,2,Kitchens: 1,2023,10,,,1,,https://www.zameen.com/Property/islamabad_b-17_2_bed_flat_for_sale_b_17_islamabad_block_f-54787901-616-1.html
13.25 Crore,1,Kanal,Islamabad,,House,Bathrooms: 7,Servant Quarters: 1,,4,1,1,2,,https://www.zameen.com/Property/dha_defence_phase_2_dha_phase_2_-_sector_b_corner_stunning_house_for_sale_in_dha2_sector_b_islamabad-52244362-3197-1.html
7.9 Crore,1,Kanal,Islamabad,,House,Bathrooms: 6,Servant Quarters: 2,2025,3,2,1,2,,https://www.zameen.com/Property/dha_defence_dha_defence_phase_2_get_your_one_kanal_house_for_sale_on_prime_location_of_dha_islamabad-53379123-339-1.html
7.9 Crore,1,Kanal,Islamabad,,House,Bathrooms: 6,Servant Quarters: 2,2025,3,2,1,2,,https://www.zameen.com/Property/dha_defence_phase_2_dha_phase_2_-_sector_e_get_your_one_kanal_house_on_prime_location_of_dha_islamabad-53368746-3200-1.html
7.9 Crore,1,Kanal,Islamabad,,House,Bathrooms: 6,Servant Quarters: 2,2025,3,2,1,2,,https://www.zameen.com/Property/dha_defence_phase_2_dha_phase_2_-_sector_f_get_your_one_kanal_house_on_prime_location_of_dha_islamabad-53348093-3201-1.html
1.5 Crore,3.5,Marla,Islamabad,,House,Bathrooms: 5,Kitchens: 2,2026,,,,2,,https://www.zameen.com/Property/mumtaz_city_mumtaz_city_-_chanab_block_3_5_marla_gray_structure_for_sale_mumtaz_city_chenab_block-54797702-14993-1.html
1.5 Crore,7,Marla,Islamabad,Bani Gala,House,Bathrooms: 3,Drawing Room,,1,,1,1,,https://www.zameen.com/Property/islamabad_bani_gala_7_marla_house_in_bani_gala_best_option-54161502-340-1.html
98 Lakh,5.4,Marla,Islamabad,,House,2,Servant Quarters: 1,2020,2,1,1,1,,https://www.zameen.com/Property/b_17_capital_square_2_bed_luxury_flat_for_sale-52400038-11252-1.html
2.4 Crore,5,Marla,Islamabad,,House,Bathrooms: 4,Servant Quarters: 1,2026,1,1,Steam Room,1,,https://www.zameen.com/Property/b_17_faisal_margalla_city_brand_new_5_marla_designer_house_for_sale_faisal_margalla_city_a_beautifully_designed_5_marla_2550_double-story_single_unit_house-54202751-13424-1.html
10 Crore,1,Kanal,Islamabad,"DHA PHASE 2 Islamabad
*House Detail...more",House,Bathrooms: 6,Servant Quarters: 2,2026,3,2,2,2,,https://www.zameen.com/Property/dha_defence_dha_defence_phase_2_fully_furnished_artistic_style_1_kanal_brand_new_designer_house_ready_for_sale_in_dha_defence_phase_2_islamabad-54755422-339-1.html
9.8 Crore,1,Kanal,Islamabad,"DHA PHASE 2 Islamabad
*House Detail...more",House,Bathrooms: 6,Servant Quarters: 2,2026,4,2,2,2,,https://www.zameen.com/Property/dha_defence_dha_defence_phase_2_modern_architectural_style_1_kanal_brand_new_designer_house_ready_for_sale_in_dha_defence_phase_2_islamabad-54744340-339-1.html
11.9 Crore,1,Kanal,Islamabad,"DHA PHASE 2 Islamabad
*House Detail...more",House,Bathrooms: 5,Servant Quarters: 2,2026,3,2,2,2,,https://www.zameen.com/Property/dha_defence_dha_defence_phase_2_american_style_1_kanal_designer_house_ready_for_sale_in_dha_defence_phase_2_islamabad-54729907-339-1.html
5.25 Crore,10,Marla,Islamabad,,House,Bathrooms: 5,Servant Quarters: 1,,,1,1,2,,https://www.zameen.com/Property/mpchs_multi_gardens_mpchs_-_block_c1_10_marla_brand_new_house_for_sale_in_multi_garden_b17_islamabad_c1-54414701-12607-1.html
2.55 Crore,5,Marla,Islamabad,,House,Bathrooms: 5,Servant Quarters: 1,2026,1,1,1,1,,https://www.zameen.com/Property/faisal_hills_faisal_hills_-_block_b_5_marla_house_on_zero_down_payment_flexible_payment_plan_faisal_hills_block_b-54425789-12656-1.html
14 Crore,2.3,Kanal,Islamabad,,House,Bathrooms: 15,Servant Quarters: 1,,,1,1,3,,https://www.zameen.com/Property/mpchs_multi_gardens_mpchs_-_block_e_luxury_house_for_sale_multi_gardens_b-17_block_e_islamabad_a_rare_investment_opportunity_location_multi_gardens_b-17_block_e_plot_size_1_kanal_extra_land_25_marla_private_open_garden_13_spacious_bedrooms_13_attached_modern_washrooms_property_features-54440981-3120-1.html
17.5 Crore,5,Kanal,Islamabad,,House,,,,Waste Disposal,,,,,https://www.zameen.com/Property/gulberg_greens_gulberg_greens_-_block_d_gulberg_green_block_d_5_kanal_grey_structure_farm_house_available_for_sale-54798442-8316-1.html
11 Crore,1,Kanal,Islamabad,,House,6,6,,,,,,,https://www.zameen.com/Property/dha_defence_dha_defence_phase_2_original_pictures_attached_direct_deal_with_owner-54716291-339-1.html
4.6 Crore,10.1,Marla,Islamabad,"Bani Gala, Islamabad6610.1 Marla",House,Bathrooms: 6,Servant Quarters: 1,2025,2,1,1,2,,https://www.zameen.com/Property/islamabad_bani_gala_brand_new_ultra_modern_luxury_double_storey_house_for_sale_in_bani_gala-54084344-340-1.html
3.3 Crore,7,Marla,Islamabad,,House,Bathrooms: 6,Servant Quarters: 1,2026,2,1,8,2,,https://www.zameen.com/Property/jinnah_gardens_jinnah_gardens_phase_1_house_for_sale_in_islamabad_pakistan_7_marla_brand_new_house_for_sale_in_islamabad_8_marla_house_for_sale_in_islamabad-53843682-1421-1.html
1.8 Crore,9.8,Marla,Islamabad,,House,,,,,,,,,https://www.zameen.com/Property/e_11_2_khudadad_heights_flat_in_khudadad_heights_for_sale-54699450-11524-1.html
3.25 Crore,5.8,Marla,Islamabad,,House,2,Kitchens: 1,2010,1,,1,1,,https://www.zameen.com/Property/f_11_f-11_markaz_f-11_executive_heights_investor_price_2_bedroom_for_sale-54797240-3286-1.html
2.8 Crore,4,Marla,Islamabad,I-11,House,Bathrooms: 3,Servant Quarters: 1,2022,1,1,1,2,,https://www.zameen.com/Property/islamabad_i-11_4_marla_double_storey_house_for_sale_1440_series_cda_sector_i-11_2-54503739-706-1.html
3.95 Crore,5,Marla,Islamabad,,House,Bathrooms: 5,Servant Quarters: 1,2026,1,1,1,1,,https://www.zameen.com/Property/dha_defence_dha_defence_phase_5_5_marla_designer_house_available_for_sale-54736939-10991-1.html
